signal_date,return_date,gross_return,long_return,short_return,turnover,n_long,n_short,net_return_0bps,net_return_5bps,net_return_10bps,model
2022-01-03,2022-01-04,-0.016267584357425275,-0.002483876673993583,-0.01378370768343169,1.0,6,6,-0.016267584357425275,-0.016767584357425275,-0.017267584357425276,OLS
2022-01-04,2022-01-05,-0.0005365708055918498,-0.001943484243725058,0.0014069134381332082,0.6666666666666666,6,6,-0.0005365708055918498,-0.0008699041389251831,-0.0012032374722585164,OLS
2022-01-05,2022-01-06,-0.004724549230170941,-0.0015379908293922581,-0.003186558400778683,0.5,6,6,-0.004724549230170941,-0.004974549230170941,-0.0052245492301709415,OLS
2022-01-06,2022-01-07,0.004629717894471024,0.004910273488588866,-0.00028055559411784193,1.0,6,6,0.004629717894471024,0.004129717894471025,0.0036297178944710243,OLS
2022-01-07,2022-01-10,0.004980375607154092,0.005813836063248401,-0.0008334604560943083,0.5,6,6,0.004980375607154092,0.004730375607154092,0.004480375607154093,OLS
2022-01-10,2022-01-11,-0.0029406107260004422,9.51398066783585e-05,-0.0030357505326787993,0.6666666666666666,6,6,-0.0029406107260004422,-0.0032739440593337757,-0.0036072773926671088,OLS
2022-01-11,2022-01-12,-0.0022697393012874583,-0.0027619176427957992,0.0004921783415083416,1.0,6,6,-0.0022697393012874583,-0.0027697393012874583,-0.0032697393012874583,OLS
2022-01-12,2022-01-13,0.0043438416525759995,-0.00033578231860204207,0.004679623971178042,0.8333333333333333,6,6,0.0043438416525759995,0.003927174985909333,0.003510508319242666,OLS
2022-01-13,2022-01-14,-0.005774469963233224,-0.0009862645371053833,-0.004788205426127842,1.0,6,6,-0.005774469963233224,-0.006274469963233224,-0.006774469963233224,OLS
2022-01-14,2022-01-18,0.0005585542404431922,-0.004347066889568883,0.004905621130012075,1.0,6,6,0.0005585542404431922,5.855424044319221e-05,-0.0004414457595568078,OLS
2022-01-18,2022-01-19,-0.009336799369004299,-0.006833556492993283,-0.0025032428760110173,0.6666666666666666,6,6,-0.009336799369004299,-0.009670132702337632,-0.010003466035670965,OLS
2022-01-19,2022-01-20,-0.002002263616352608,-0.0035690802357759748,0.0015668166194233667,0.8333333333333333,6,6,-0.002002263616352608,-0.002418930283019275,-0.002835596949685941,OLS
2022-01-20,2022-01-21,-0.010286007135264208,-0.010902885822878508,0.0006168786876143001,0.5,6,6,-0.010286007135264208,-0.010536007135264208,-0.010786007135264208,OLS
2022-01-21,2022-01-24,-0.0003968076976826498,-0.001904416247760383,0.0015076085500777335,0.6666666666666666,6,6,-0.0003968076976826498,-0.0007301410310159831,-0.0010634743643493164,OLS
2022-01-24,2022-01-25,0.005756618782083166,0.003382985733709842,0.0023736330483733244,0.5,6,6,0.005756618782083166,0.005506618782083166,0.005256618782083167,OLS
2022-01-25,2022-01-26,-0.004630542198644808,-0.003949021780913775,-0.0006815204177310334,0.5,6,6,-0.004630542198644808,-0.004880542198644808,-0.005130542198644807,OLS
2022-01-26,2022-01-27,-0.004251265688453783,-0.0020341986328389332,-0.00221706705561485,0.5,6,6,-0.004251265688453783,-0.0045012656884537835,-0.004751265688453783,OLS
2022-01-27,2022-01-28,-0.004412362522485618,0.004666141196777033,-0.009078503719262651,0.5,6,6,-0.004412362522485618,-0.004662362522485618,-0.004912362522485617,OLS
2022-01-28,2022-01-31,0.0014432105118685834,0.006955573752186733,-0.00551236324031815,0.5,6,6,0.0014432105118685834,0.0011932105118685834,0.0009432105118685834,OLS
2022-01-31,2022-02-01,0.008084022179721083,0.007741381830395291,0.00034264034932579156,0.5,6,6,0.008084022179721083,0.007834022179721083,0.007584022179721083,OLS
2022-02-01,2022-02-02,-0.008349100577549432,0.0035315825815908828,-0.011880683159140315,0.6666666666666666,6,6,-0.008349100577549432,-0.008682433910882765,-0.009015767244216098,OLS
2022-02-02,2022-02-03,0.007511508332946432,-0.007019311999026274,0.014530820331972706,0.6666666666666666,6,6,0.007511508332946432,0.007178174999613099,0.006844841666279765,OLS
2022-02-03,2022-02-04,0.005669943074241458,0.00216207680575515,0.0035078662684863075,0.6666666666666666,6,6,0.005669943074241458,0.005336609740908125,0.005003276407574791,OLS
2022-02-04,2022-02-07,0.002920572094643058,0.000995519230380808,0.0019250528642622497,1.0,6,6,0.002920572094643058,0.002420572094643058,0.0019205720946430579,OLS
2022-02-07,2022-02-08,-0.009024652731323298,0.001790777204305475,-0.010815429935628774,0.8333333333333333,6,6,-0.009024652731323298,-0.009441319397989964,-0.009857986064656632,OLS
2022-02-08,2022-02-09,0.006794932896433516,0.007019411304920041,-0.00022447840848652503,0.6666666666666666,6,6,0.006794932896433516,0.006461599563100183,0.006128266229766849,OLS
2022-02-09,2022-02-10,0.006812790357750306,-0.0020993229947597913,0.0089121133525101,1.0,6,6,0.006812790357750306,0.0063127903577503055,0.005812790357750306,OLS
2022-02-10,2022-02-11,0.008801619836257026,0.0015739660120352415,0.0072276538242217825,1.0,6,6,0.008801619836257026,0.008301619836257025,0.0078016198362570255,OLS
2022-02-11,2022-02-14,0.0024312701537219667,-0.002412480250726783,0.0048437504044487505,1.3333333333333333,6,6,0.0024312701537219667,0.0017646034870553002,0.0010979368203886334,OLS
2022-02-14,2022-02-15,-0.0004778463166098914,0.002635889882759133,-0.0031137361993690245,1.0,6,6,-0.0004778463166098914,-0.0009778463166098914,-0.0014778463166098914,OLS
2022-02-15,2022-02-16,-0.00328085201393755,-0.00323027084669925,-5.0581167238299986e-05,1.3333333333333333,6,6,-0.00328085201393755,-0.003947518680604217,-0.004614185347270883,OLS
2022-02-16,2022-02-17,-0.017220676654553933,-0.017411251778941133,0.0001905751243872003,0.6666666666666666,6,6,-0.017220676654553933,-0.017554009987887267,-0.0178873433212206,OLS
2022-02-17,2022-02-18,-0.0018209735688467167,-0.0035504885202326253,0.0017295149513859077,0.5,6,6,-0.0018209735688467167,-0.0020709735688467165,-0.0023209735688467167,OLS
2022-02-18,2022-02-22,-0.0012741854069253668,-0.005232417214291758,0.003958231807366391,0.3333333333333333,6,6,-0.0012741854069253668,-0.0014408520735920336,-0.0016075187402587,OLS
2022-02-22,2022-02-23,0.000421583702996684,-0.0068097415232618915,0.007231325226258575,0.6666666666666666,6,6,0.000421583702996684,8.825036966335066e-05,-0.00024508296366998266,OLS
2022-02-23,2022-02-24,0.008360142219270917,0.00365050279627035,0.004709639423000567,0.8333333333333333,6,6,0.008360142219270917,0.00794347555260425,0.007526808885937583,OLS
2022-02-24,2022-02-25,-0.004423852722722475,0.01094487442478695,-0.015368727147509424,0.6666666666666666,6,6,-0.004423852722722475,-0.004757186056055808,-0.0050905193893891415,OLS
2022-02-25,2022-02-28,0.0012214872083842671,-0.0014062670726034917,0.0026277542809877586,0.5,6,6,0.0012214872083842671,0.0009714872083842671,0.0007214872083842671,OLS
2022-02-28,2022-03-01,-0.018609741989298174,-0.018887647488516558,0.0002779054992183839,0.5,6,6,-0.018609741989298174,-0.018859741989298174,-0.019109741989298174,OLS
2022-03-01,2022-03-02,0.007980973839384831,0.015396952837071758,-0.007415978997686925,0.5,6,6,0.007980973839384831,0.007730973839384831,0.007480973839384831,OLS
2022-03-02,2022-03-03,-0.006433876472048066,-0.00748887276322575,0.0010549962911776836,0.8333333333333333,6,6,-0.006433876472048066,-0.006850543138714733,-0.0072672098053814,OLS
2022-03-03,2022-03-04,-0.019779934794205107,-0.015369964814184974,-0.0044099699800201324,1.0,6,6,-0.019779934794205107,-0.020279934794205107,-0.020779934794205108,OLS
2022-03-04,2022-03-07,-0.01716643285380899,-0.023754828486023907,0.006588395632214916,1.1666666666666665,6,6,-0.01716643285380899,-0.017749766187142323,-0.018333099520475658,OLS
2022-03-07,2022-03-08,0.011221802374498708,0.0022717549480186414,0.008950047426480066,0.8333333333333333,6,6,0.011221802374498708,0.010805135707832042,0.010388469041165374,OLS
2022-03-08,2022-03-09,0.01682662552976085,0.013033237973318932,0.003793387556441916,1.0,6,6,0.01682662552976085,0.01632662552976085,0.01582662552976085,OLS
2022-03-09,2022-03-10,-0.005161820389462466,-0.006228773969517466,0.0010669535800550002,1.1666666666666665,6,6,-0.005161820389462466,-0.005745153722795799,-0.006328487056129132,OLS
2022-03-10,2022-03-11,-0.005701240584109058,-0.0020568889448721412,-0.0036443516392369165,1.0,6,6,-0.005701240584109058,-0.006201240584109058,-0.006701240584109058,OLS
2022-03-11,2022-03-14,-0.016553616483199543,-0.013879126525141984,-0.002674489958057558,1.0,6,6,-0.016553616483199543,-0.017053616483199543,-0.017553616483199544,OLS
2022-03-14,2022-03-15,-0.0021884353508341,0.006295884352258533,-0.008484319703092632,0.8333333333333333,6,6,-0.0021884353508341,-0.0026051020175007667,-0.003021768684167433,OLS
2022-03-15,2022-03-16,0.008530675488131958,0.00863133895986615,-0.00010066347173419172,0.8333333333333333,6,6,0.008530675488131958,0.008114008821465292,0.007697342154798625,OLS
2022-03-16,2022-03-17,0.002305558658037541,0.00666345153818485,-0.004357892880147308,1.3333333333333333,6,6,0.002305558658037541,0.0016388919913708747,0.0009722253247042079,OLS
2022-03-17,2022-03-18,0.0012054004292751835,0.0021360470022630746,-0.0009306465729878915,0.8333333333333333,6,6,0.0012054004292751835,0.0007887337626085168,0.0003720670959418502,OLS
2022-03-18,2022-03-21,0.0151406476236841,0.006362112874165675,0.008778534749518426,0.8333333333333333,6,6,0.0151406476236841,0.014723980957017433,0.014307314290350766,OLS
2022-03-21,2022-03-22,-0.0030359918762397345,0.0031144960355203918,-0.006150487911760125,1.0,6,6,-0.0030359918762397345,-0.0035359918762397345,-0.0040359918762397345,OLS
2022-03-22,2022-03-23,0.0037440625085446745,-0.004512053121551158,0.008256115630095833,0.6666666666666666,6,6,0.0037440625085446745,0.003410729175211341,0.003077395841878008,OLS
2022-03-23,2022-03-24,0.002304257508011825,0.004897851309226783,-0.002593593801214958,1.0,6,6,0.002304257508011825,0.001804257508011825,0.001304257508011825,OLS
2022-03-24,2022-03-25,0.0008908801964212744,0.0030754883061837168,-0.002184608109762442,1.1666666666666665,6,6,0.0008908801964212744,0.0003075468630879411,-0.0002757864702453922,OLS
2022-03-25,2022-03-28,0.002490486800297383,0.0018025113935311247,0.0006879754067662582,0.6666666666666666,6,6,0.002490486800297383,0.0021571534669640497,0.0018238201336307166,OLS
2022-03-28,2022-03-29,-0.007118490191753858,0.0006930537398847753,-0.007811543931638634,0.6666666666666666,6,6,-0.007118490191753858,-0.007451823525087191,-0.007785156858420525,OLS
2022-03-29,2022-03-30,-0.0010311732020136999,-0.0015211122519638832,0.0004899390499501831,0.8333333333333333,6,6,-0.0010311732020136999,-0.0014478398686803666,-0.0018645065353470331,OLS
2022-03-30,2022-03-31,-0.0004205904520667667,-0.00809431423622779,0.007673723784161025,0.16666666666666666,6,6,-0.0004205904520667667,-0.0005039237854001001,-0.0005872571187334333,OLS
2022-03-31,2022-04-01,-0.0041519376937398916,-0.000177514137523675,-0.003974423556216217,0.6666666666666666,6,6,-0.0041519376937398916,-0.004485271027073225,-0.0048186043604065585,OLS
2022-04-01,2022-04-04,0.0031142794295502168,0.002219199399745575,0.0008950800298046417,0.8333333333333333,6,6,0.0031142794295502168,0.00269761276288355,0.0022809460962168833,OLS
2022-04-04,2022-04-05,-0.008163068439122366,-0.008937595765352892,0.0007745273262305249,0.6666666666666666,6,6,-0.008163068439122366,-0.008496401772455699,-0.008829735105789032,OLS
2022-04-05,2022-04-06,-0.012280544335721774,-0.003759509916607425,-0.00852103441911435,1.0,6,6,-0.012280544335721774,-0.012780544335721775,-0.013280544335721775,OLS
2022-04-06,2022-04-07,-0.005047814408731942,-0.00017082236902657492,-0.004876992039705368,0.8333333333333333,6,6,-0.005047814408731942,-0.0054644810753986086,-0.005881147742065275,OLS
2022-04-07,2022-04-08,-0.01005318984360219,-0.004016620653268575,-0.0060365691903336155,0.6666666666666666,6,6,-0.01005318984360219,-0.010386523176935523,-0.010719856510268857,OLS
2022-04-08,2022-04-11,0.0017466338798086992,-0.008391744348967967,0.010138378228776666,0.5,6,6,0.0017466338798086992,0.0014966338798086992,0.0012466338798086992,OLS
2022-04-11,2022-04-12,0.004622580370625733,0.0024333269396121663,0.0021892534310135664,0.6666666666666666,6,6,0.004622580370625733,0.0042892470372924,0.003955913703959066,OLS
2022-04-12,2022-04-13,0.007389562956643733,0.011367134890219899,-0.003977571933576167,0.6666666666666666,6,6,0.007389562956643733,0.0070562296233104,0.006722896289977066,OLS
2022-04-13,2022-04-14,-0.002279812537360458,-0.004379315214046967,0.002099502676686508,0.6666666666666666,6,6,-0.002279812537360458,-0.0026131458706937917,-0.0029464792040271247,OLS
2022-04-14,2022-04-18,-0.0028777866812802516,0.003057287404617983,-0.005935074085898233,0.6666666666666666,6,6,-0.0028777866812802516,-0.003211120014613585,-0.003544453347946918,OLS
2022-04-18,2022-04-19,-0.006647182932360017,0.0025240259810446744,-0.00917120891340469,0.5,6,6,-0.006647182932360017,-0.006897182932360017,-0.0071471829323600175,OLS
2022-04-19,2022-04-20,-0.008280135437042297,0.0021979753976586413,-0.01047811083470094,0.5,6,6,-0.008280135437042297,-0.008530135437042298,-0.008780135437042298,OLS
2022-04-20,2022-04-21,-0.003028006604555841,-0.007540232142683092,0.00451222553812725,0.6666666666666666,6,6,-0.003028006604555841,-0.0033613399378891744,-0.0036946732712225074,OLS
2022-04-21,2022-04-22,0.0033285045389120655,-0.012518688007465882,0.01584719254637795,0.6666666666666666,6,6,0.0033285045389120655,0.002995171205578732,0.002661837872245399,OLS
2022-04-22,2022-04-25,-0.002184004678928658,0.0029914924482948415,-0.0051754971272235,0.6666666666666666,6,6,-0.002184004678928658,-0.0025173380122619914,-0.0028506713455953244,OLS
2022-04-25,2022-04-26,-0.003974656166634691,-0.012997790730536515,0.009023134563901823,0.3333333333333333,6,6,-0.003974656166634691,-0.004141322833301358,-0.004307989499968024,OLS
2022-04-26,2022-04-27,-0.001407761252618283,-0.001943903091941767,0.0005361418393234834,0.3333333333333333,6,6,-0.001407761252618283,-0.0015744279192849498,-0.0017410945859516163,OLS
2022-04-27,2022-04-28,0.002108870171124182,0.010278749272359517,-0.008169879101235332,0.6666666666666666,6,6,0.002108870171124182,0.001775536837790849,0.0014422035044575157,OLS
2022-04-28,2022-04-29,0.002955317860981525,-0.016691704147230115,0.019647022008211643,1.1666666666666665,6,6,0.002955317860981525,0.002371984527648192,0.0017886511943148585,OLS
2022-04-29,2022-05-02,0.0011250998002185332,0.0030486287169417827,-0.0019235289167232497,0.6666666666666666,6,6,0.0011250998002185332,0.0007917664668851999,0.00045843313355186657,OLS
2022-05-02,2022-05-03,0.005636452322739017,0.005350976303626474,0.00028547601911254174,0.6666666666666666,6,6,0.005636452322739017,0.005303118989405684,0.00496978565607235,OLS
2022-05-03,2022-05-04,-0.005625615079722075,0.0110460334199363,-0.016671648499658374,0.8333333333333333,6,6,-0.005625615079722075,-0.006042281746388742,-0.006458948413055408,OLS
2022-05-04,2022-05-05,0.005934762032485967,-0.013506999999982693,0.019441762032468658,0.8333333333333333,6,6,0.005934762032485967,0.0055180953658193,0.005101428699152633,OLS
2022-05-05,2022-05-06,-0.00464022167512725,-0.006464496493783642,0.0018242748186563915,1.1666666666666665,6,6,-0.00464022167512725,-0.005223555008460583,-0.005806888341793917,OLS
2022-05-06,2022-05-09,-0.010944052482619274,-0.018686647587353875,0.0077425951047346,0.5,6,6,-0.010944052482619274,-0.011194052482619274,-0.011444052482619274,OLS
2022-05-09,2022-05-10,-0.008193352215014826,-0.0058849451996035255,-0.0023084070154113,0.8333333333333333,6,6,-0.008193352215014826,-0.008610018881681492,-0.00902668554834816,OLS
2022-05-10,2022-05-11,-0.0026130731111132575,-0.004949664222587509,0.0023365911114742502,0.6666666666666666,6,6,-0.0026130731111132575,-0.002946406444446591,-0.003279739777779924,OLS
2022-05-11,2022-05-12,-0.0020473062698416417,0.0020947423230136247,-0.004142048592855266,0.8333333333333333,6,6,-0.0020473062698416417,-0.0024639729365083084,-0.002880639603174975,OLS
2022-05-12,2022-05-13,0.007543519760941158,0.010258214548148865,-0.0027146947872077084,0.8333333333333333,6,6,0.007543519760941158,0.007126853094274491,0.006710186427607824,OLS
2022-05-13,2022-05-16,-0.00833234580768711,-0.002148856392896708,-0.0061834894147904,1.0,6,6,-0.00833234580768711,-0.00883234580768711,-0.00933234580768711,OLS
2022-05-16,2022-05-17,0.02579563661107469,0.02140161565415191,0.004394020956922783,0.5,6,6,0.02579563661107469,0.02554563661107469,0.02529563661107469,OLS
2022-05-17,2022-05-18,-0.01402843281470514,-0.028130840910155972,0.014102408095450833,1.3333333333333333,6,6,-0.01402843281470514,-0.014695099481371807,-0.015361766148038474,OLS
2022-05-18,2022-05-19,0.007998168978395715,-0.003708247910564167,0.01170641688895988,0.8333333333333333,6,6,0.007998168978395715,0.007581502311729048,0.007164835645062382,OLS
2022-05-19,2022-05-20,0.0012474085514211166,0.002782968587341966,-0.00153556003592085,0.6666666666666666,6,6,0.0012474085514211166,0.0009140752180877834,0.00058074188475445,OLS
2022-05-20,2022-05-23,0.006035387277401501,0.014309717014115283,-0.008274329736713784,0.8333333333333333,6,6,0.006035387277401501,0.005618720610734834,0.005202053944068167,OLS
2022-05-23,2022-05-24,-0.0011896136272131663,0.0004980200516436174,-0.0016876336788567833,1.1666666666666665,6,6,-0.0011896136272131663,-0.0017729469605464996,-0.002356280293879833,OLS
2022-05-24,2022-05-25,0.006740684538717924,0.007359864731910733,-0.0006191801931928083,1.0,6,6,0.006740684538717924,0.006240684538717924,0.005740684538717924,OLS
2022-05-25,2022-05-26,0.012213206861075184,0.015306602041435934,-0.0030933951803607503,0.8333333333333333,6,6,0.012213206861075184,0.011796540194408518,0.01137987352774185,OLS
2022-05-26,2022-05-27,0.0016796666866899157,0.00842304936923365,-0.006743382682543733,1.3333333333333333,6,6,0.0016796666866899157,0.0010130000200232491,0.0003463333533565824,OLS
2022-05-27,2022-05-31,0.002019116097957892,-0.0038828023285168,0.005901918426474691,1.3333333333333333,6,6,0.002019116097957892,0.0013524494312912253,0.0006857827646245586,OLS
2022-05-31,2022-06-01,0.0034339906235452086,-0.0014050979138631246,0.004839088537408333,1.1666666666666665,6,6,0.0034339906235452086,0.0028506572902118753,0.002267323956878542,OLS
2022-06-01,2022-06-02,-0.012749549600045807,0.002745308407702983,-0.015494858007748791,1.3333333333333333,6,6,-0.012749549600045807,-0.013416216266712473,-0.014082882933379141,OLS
2022-06-02,2022-06-03,0.011868623541002429,0.0001628350538122581,0.011705788487190174,1.0,6,6,0.011868623541002429,0.011368623541002428,0.010868623541002428,OLS
2022-06-03,2022-06-06,-0.0017025796297442592,0.00014225731329493347,-0.0018448369430391926,1.0,6,6,-0.0017025796297442592,-0.002202579629744259,-0.0027025796297442594,OLS
2022-06-06,2022-06-07,0.002193997056013341,0.003729629857563533,-0.0015356328015501916,0.8333333333333333,6,6,0.002193997056013341,0.0017773303893466744,0.0013606637226800079,OLS
2022-06-07,2022-06-08,-0.0087271767249015,-0.011508533917036757,0.0027813571921352577,1.3333333333333333,6,6,-0.0087271767249015,-0.009393843391568166,-0.010060510058234834,OLS
2022-06-08,2022-06-09,-0.0041110469521496995,-0.014498416287063349,0.01038736933491365,0.8333333333333333,6,6,-0.0041110469521496995,-0.004527713618816366,-0.004944380285483033,OLS
2022-06-09,2022-06-10,-0.013586784525036092,-0.02079265173900048,0.007205867213964391,0.6666666666666666,6,6,-0.013586784525036092,-0.013920117858369425,-0.014253451191702758,OLS
2022-06-10,2022-06-13,-0.014257495336578349,-0.021542128651653433,0.007284633315075083,0.8333333333333333,6,6,-0.014257495336578349,-0.014674162003245015,-0.015090828669911682,OLS
2022-06-13,2022-06-14,0.007804894274812584,0.0005316338501397504,0.0072732604246728335,0.5,6,6,0.007804894274812584,0.007554894274812584,0.007304894274812583,OLS
2022-06-14,2022-06-15,0.01652338005352629,0.015996824782699638,0.00052655527082665,0.3333333333333333,6,6,0.01652338005352629,0.016356713386859623,0.016190046720192953,OLS
2022-06-15,2022-06-16,-0.01996656146157839,-0.0213095529829678,0.0013429915213894082,0.8333333333333333,6,6,-0.01996656146157839,-0.020383228128245057,-0.020799894794911723,OLS
2022-06-16,2022-06-17,-0.003212915518613542,-0.0031231755746405337,-8.973994397300819e-05,0.8333333333333333,6,6,-0.003212915518613542,-0.003629582185280209,-0.004046248851946876,OLS
2022-06-17,2022-06-21,-0.0050177610451976,0.0074762521927872,-0.0124940132379848,0.8333333333333333,6,6,-0.0050177610451976,-0.005434427711864267,-0.005851094378530933,OLS
2022-06-21,2022-06-22,-0.014676355387307273,-0.009228467103651283,-0.005447888283655991,0.5,6,6,-0.014676355387307273,-0.014926355387307274,-0.015176355387307274,OLS
2022-06-22,2022-06-23,-0.013897796938181405,-0.002618371910007308,-0.011279425028174098,0.5,6,6,-0.013897796938181405,-0.014147796938181405,-0.014397796938181405,OLS
2022-06-23,2022-06-24,0.012938201564899231,0.017861056742180838,-0.004922855177281608,0.6666666666666666,6,6,0.012938201564899231,0.012604868231565898,0.012271534898232565,OLS
2022-06-24,2022-06-27,-0.0027684764698505575,-0.00035930925455727493,-0.0024091672152932826,0.6666666666666666,6,6,-0.0027684764698505575,-0.003101809803183891,-0.003435143136517224,OLS
2022-06-27,2022-06-28,-0.0016895578753337592,-0.007733538184104409,0.006043980308770649,0.8333333333333333,6,6,-0.0016895578753337592,-0.0021062245420004257,-0.0025228912086670925,OLS
2022-06-28,2022-06-29,-0.0026458042549412915,-0.00141895801634805,-0.0012268462385932417,0.8333333333333333,6,6,-0.0026458042549412915,-0.003062470921607958,-0.0034791375882746245,OLS
2022-06-29,2022-06-30,-0.000781563915651891,-0.0073274254499558905,0.0065458615343039995,0.6666666666666666,6,6,-0.000781563915651891,-0.0011148972489852243,-0.0014482305823185575,OLS
2022-06-30,2022-07-01,0.001398467703821583,0.002643460762422242,-0.0012449930586006586,1.0,6,6,0.001398467703821583,0.0008984677038215831,0.00039846770382158305,OLS
2022-07-01,2022-07-05,0.002294234396552725,0.0007585191303567168,0.0015357152661960084,1.0,6,6,0.002294234396552725,0.0017942343965527251,0.0012942343965527251,OLS
2022-07-05,2022-07-06,0.002890030202352458,0.0032262688927841335,-0.0003362386904316748,1.1666666666666665,6,6,0.002890030202352458,0.002306696869019125,0.0017233635356857916,OLS
2022-07-06,2022-07-07,0.006641135218309,0.009835957718175432,-0.003194822499866433,1.1666666666666665,6,6,0.006641135218309,0.006057801884975666,0.005474468551642333,OLS
2022-07-07,2022-07-08,0.0007577727491190334,0.00046331200163470833,0.00029446074748432495,1.1666666666666665,6,6,0.0007577727491190334,0.00017443941578570011,-0.00040889391754763316,OLS
2022-07-08,2022-07-11,0.005627337291441699,-0.001852047863972975,0.007479385155414674,0.8333333333333333,6,6,0.005627337291441699,0.005210670624775033,0.004794003958108366,OLS
2022-07-11,2022-07-12,0.005278493751983016,0.002451788744291175,0.002826705007691841,0.8333333333333333,6,6,0.005278493751983016,0.0048618270853163495,0.004445160418649683,OLS
2022-07-12,2022-07-13,-0.0029003800336653914,-0.0012700045191356417,-0.00163037551452975,1.0,6,6,-0.0029003800336653914,-0.0034003800336653914,-0.0039003800336653914,OLS
2022-07-13,2022-07-14,-0.0007826929282423489,0.000721257208638175,-0.0015039501368805238,0.5,6,6,-0.0007826929282423489,-0.0010326929282423489,-0.0012826929282423489,OLS
2022-07-14,2022-07-15,0.0054718084312317256,0.014245163973390073,-0.00877335554215835,0.8333333333333333,6,6,0.0054718084312317256,0.005055141764565059,0.004638475097898392,OLS
2022-07-15,2022-07-18,-0.0017378073033860837,-0.003551491270756184,0.0018136839673700998,1.0,6,6,-0.0017378073033860837,-0.0022378073033860837,-0.0027378073033860837,OLS
2022-07-18,2022-07-19,-0.002714627003822598,0.008848623383495175,-0.011563250387317776,1.1666666666666665,6,6,-0.002714627003822598,-0.003297960337155931,-0.0038812936704892644,OLS
2022-07-19,2022-07-20,-0.007489302368876724,-0.0051413274581823916,-0.0023479749106943334,0.8333333333333333,6,6,-0.007489302368876724,-0.00790596903554339,-0.008322635702210058,OLS
2022-07-20,2022-07-21,0.005290512362741925,0.005516715831224007,-0.00022620346848208355,1.0,6,6,0.005290512362741925,0.004790512362741925,0.004290512362741925,OLS
2022-07-21,2022-07-22,-0.00011507223040718348,-0.003455625186883691,0.0033405529564765083,1.0,6,6,-0.00011507223040718348,-0.0006150722304071835,-0.0011150722304071835,OLS
2022-07-22,2022-07-25,0.0038360886496530237,0.0025780944529341498,0.001257994196718875,1.1666666666666665,6,6,0.0038360886496530237,0.0032527553163196905,0.002669421982986357,OLS
2022-07-25,2022-07-26,-0.006809725326641742,-0.009226643701283276,0.002416918374641533,1.0,6,6,-0.006809725326641742,-0.007309725326641743,-0.007809725326641742,OLS
2022-07-26,2022-07-27,0.01198779211424,0.011657379154660818,0.00033041295957918335,0.8333333333333333,6,6,0.01198779211424,0.011571125447573334,0.011154458780906666,OLS
2022-07-27,2022-07-28,0.0013170534521660757,0.0073655232331122835,-0.006048469780946208,1.1666666666666665,6,6,0.0013170534521660757,0.0007337201188327425,0.0001503867854994092,OLS
2022-07-28,2022-07-29,0.0006726414407775328,0.004146875017001592,-0.0034742335762240582,0.8333333333333333,6,6,0.0006726414407775328,0.0002559747741108662,-0.00016069189255580045,OLS
2022-07-29,2022-08-01,0.008766649267640482,0.005731807474749258,0.003034841792891225,0.6666666666666666,6,6,0.008766649267640482,0.00843331593430715,0.008099982600973816,OLS
2022-08-01,2022-08-02,-0.0012947321271046918,-0.006665032278725225,0.005370300151620533,1.0,6,6,-0.0012947321271046918,-0.0017947321271046918,-0.002294732127104692,OLS
2022-08-02,2022-08-03,0.0049150164446610835,0.008493367081676374,-0.0035783506370152913,0.6666666666666666,6,6,0.0049150164446610835,0.00458168311132775,0.0042483497779944165,OLS
2022-08-03,2022-08-04,-0.0002565632587138169,-0.0009861640329896747,0.0007296007742758582,0.8333333333333333,6,6,-0.0002565632587138169,-0.0006732299253804835,-0.0010898965920471502,OLS
2022-08-04,2022-08-05,0.0033196595782622085,0.001446309045385967,0.0018733505328762416,0.8333333333333333,6,6,0.0033196595782622085,0.0029029929115955417,0.0024863262449288754,OLS
2022-08-05,2022-08-08,-0.0005956400705521832,-8.31349616694999e-05,-0.0005125051088826832,0.5,6,6,-0.0005956400705521832,-0.0008456400705521832,-0.0010956400705521832,OLS
2022-08-08,2022-08-09,-8.259158390677441e-05,-0.0005642487219568327,0.0004816571380500585,0.5,6,6,-8.259158390677441e-05,-0.0003325915839067744,-0.0005825915839067744,OLS
2022-08-09,2022-08-10,0.003679097286005807,0.008611590976358198,-0.004932493690352391,0.5,6,6,0.003679097286005807,0.0034290972860058066,0.003179097286005807,OLS
2022-08-10,2022-08-11,0.007306587968744399,0.007970577312021408,-0.0006639893432770084,0.8333333333333333,6,6,0.007306587968744399,0.006889921302077732,0.006473254635411065,OLS
2022-08-11,2022-08-12,0.0011419946977292575,0.007610449132388783,-0.006468454434659526,1.5,6,6,0.0011419946977292575,0.0003919946977292575,-0.0003580053022707425,OLS
2022-08-12,2022-08-15,-0.003922726395767509,-0.0025053708115626333,-0.0014173555842048747,0.8333333333333333,6,6,-0.003922726395767509,-0.0043393930624341754,-0.004756059729100842,OLS
2022-08-15,2022-08-16,-0.007413034155439565,0.002003630482277291,-0.009416664637716857,1.0,6,6,-0.007413034155439565,-0.007913034155439565,-0.008413034155439564,OLS
2022-08-16,2022-08-17,-0.0028690909108017087,-0.003384386606251992,0.0005152956954502832,1.0,6,6,-0.0028690909108017087,-0.0033690909108017087,-0.0038690909108017087,OLS
2022-08-17,2022-08-18,-0.0013866161550050824,0.004605270506408858,-0.005991886661413941,0.5,6,6,-0.0013866161550050824,-0.0016366161550050824,-0.0018866161550050824,OLS
2022-08-18,2022-08-19,0.0014839046334138581,-0.005220710654466558,0.006704615287880416,0.5,6,6,0.0014839046334138581,0.0012339046334138581,0.0009839046334138581,OLS
2022-08-19,2022-08-22,-0.001475901333163051,-0.008943178371435366,0.007467277038272316,0.5,6,6,-0.001475901333163051,-0.001725901333163051,-0.001975901333163051,OLS
2022-08-22,2022-08-23,0.008479297811688973,0.0025070828829363246,0.0059722149287526494,0.6666666666666666,6,6,0.008479297811688973,0.00814596447835564,0.007812631145022307,OLS
2022-08-23,2022-08-24,0.002064510994557128,0.0023321680595989333,-0.00026765706504180547,0.6666666666666666,6,6,0.002064510994557128,0.0017311776612237947,0.0013978443278904614,OLS
2022-08-24,2022-08-25,0.005451762014591869,0.007245302039645583,-0.0017935400250537138,0.8333333333333333,6,6,0.005451762014591869,0.005035095347925202,0.004618428681258536,OLS
2022-08-25,2022-08-26,-0.0046380745142665675,-0.017039278055657973,0.012401203541391407,0.8333333333333333,6,6,-0.0046380745142665675,-0.005054741180933234,-0.005471407847599901,OLS
2022-08-26,2022-08-29,0.0006290863104212166,-0.0010147524191523,0.0016438387295735165,1.5,6,6,0.0006290863104212166,-0.00012091368957878345,-0.0008709136895787835,OLS
2022-08-29,2022-08-30,0.006833794861712657,-0.00044011472781390004,0.007273909589526557,0.8333333333333333,6,6,0.006833794861712657,0.00641712819504599,0.006000461528379323,OLS
2022-08-30,2022-08-31,-0.0035384065371915083,-0.0053011454390713576,0.0017627389018798497,1.0,6,6,-0.0035384065371915083,-0.004038406537191508,-0.004538406537191508,OLS
2022-08-31,2022-09-01,-0.010052455758592116,-0.0022725373597164665,-0.00777991839887565,1.0,6,6,-0.010052455758592116,-0.010552455758592117,-0.011052455758592115,OLS
2022-09-01,2022-09-02,0.005824735268059233,-6.946716929274988e-05,0.005894202437351982,0.16666666666666666,6,6,0.005824735268059233,0.005741401934725899,0.005658068601392566,OLS
2022-09-02,2022-09-06,-0.0006329151191095414,-0.0034179008786507244,0.002784985759541183,0.5,6,6,-0.0006329151191095414,-0.0008829151191095414,-0.0011329151191095414,OLS
2022-09-06,2022-09-07,-0.0055195817129511165,0.0016665863322665826,-0.0071861680452177,0.8333333333333333,6,6,-0.0055195817129511165,-0.005936248379617783,-0.00635291504628445,OLS
2022-09-07,2022-09-08,0.00247670953629415,0.003117825944738308,-0.0006411164084441582,0.5,6,6,0.00247670953629415,0.00222670953629415,0.00197670953629415,OLS
2022-09-08,2022-09-09,0.0043981125106834825,0.009070459401880249,-0.004672346891196767,0.8333333333333333,6,6,0.0043981125106834825,0.003981445844016816,0.003564779177350149,OLS
2022-09-09,2022-09-12,0.0014305321220499001,0.005085642129332683,-0.003655110007282783,1.0,6,6,0.0014305321220499001,0.0009305321220499001,0.0004305321220499001,OLS
2022-09-12,2022-09-13,0.0014633584106362374,-0.017187014365575147,0.018650372776211385,0.6666666666666666,6,6,0.0014633584106362374,0.001130025077302904,0.0007966917439695707,OLS
2022-09-13,2022-09-14,0.007430844288744199,0.005275590230055291,0.002155254058688908,0.5,6,6,0.007430844288744199,0.007180844288744199,0.006930844288744199,OLS
2022-09-14,2022-09-15,-0.005518280330294816,-0.006975254023867107,0.0014569736935722915,1.1666666666666665,6,6,-0.005518280330294816,-0.0061016136636281495,-0.006684946996961483,OLS
2022-09-15,2022-09-16,0.0011985456547234006,-0.002517293362564958,0.0037158390172883577,0.8333333333333333,6,6,0.0011985456547234006,0.0007818789880567339,0.0003652123213900673,OLS
2022-09-16,2022-09-19,-0.002993590698853258,0.003183667996554308,-0.006177258695407567,1.3333333333333333,6,6,-0.002993590698853258,-0.0036602573655199248,-0.004326924032186591,OLS
2022-09-19,2022-09-20,-0.000905462160795958,-0.004502482879113458,0.0035970207183174995,1.0,6,6,-0.000905462160795958,-0.001405462160795958,-0.001905462160795958,OLS
2022-09-20,2022-09-21,-0.0005552234657476663,-0.007161054687644133,0.006605831221896466,1.1666666666666665,6,6,-0.0005552234657476663,-0.0011385567990809995,-0.0017218901324143328,OLS
2022-09-21,2022-09-22,-0.00011266742367446725,-0.003777313070139925,0.003664645646465458,1.0,6,6,-0.00011266742367446725,-0.0006126674236744673,-0.0011126674236744674,OLS
2022-09-22,2022-09-23,-0.01644885344314749,-0.02062245076925447,0.004173597326106974,1.0,6,6,-0.01644885344314749,-0.01694885344314749,-0.01744885344314749,OLS
2022-09-23,2022-09-26,-0.0061018527732692,-0.008576754209899208,0.002474901436630008,0.6666666666666666,6,6,-0.0061018527732692,-0.006435186106602533,-0.006768519439935867,OLS
2022-09-26,2022-09-27,0.006690556667727091,-0.0009421611599552747,0.007632717827682366,0.8333333333333333,6,6,0.006690556667727091,0.006273890001060424,0.005857223334393757,OLS
2022-09-27,2022-09-28,0.0032409922289426754,0.010322882145057374,-0.0070818899161147,1.1666666666666665,6,6,0.0032409922289426754,0.002657658895609342,0.002074325562276009,OLS
2022-09-28,2022-09-29,0.005973681734463306,-0.00803434870836284,0.01400803044282615,1.0,6,6,0.005973681734463306,0.0054736817344633055,0.004973681734463306,OLS
2022-09-29,2022-09-30,0.008870127797104124,-0.0078208977969676,0.016691025594071724,0.6666666666666666,6,6,0.008870127797104124,0.008536794463770791,0.008203461130437458,OLS
2022-09-30,2022-10-03,0.004079163517861941,0.019339305305071008,-0.015260141787209065,1.0,6,6,0.004079163517861941,0.003579163517861941,0.003079163517861941,OLS
2022-10-03,2022-10-04,-0.003552496582507274,0.01383594822586344,-0.017388444808370717,1.1666666666666665,6,6,-0.003552496582507274,-0.004135829915840607,-0.00471916324917394,OLS
2022-10-04,2022-10-05,-0.0026566619082735487,0.00022861136741951705,-0.0028852732756930667,0.8333333333333333,6,6,-0.0026566619082735487,-0.0030733285749402154,-0.003489995241606882,OLS
2022-10-05,2022-10-06,-0.006324610770056924,-0.009080122506088124,0.0027555117360312,1.0,6,6,-0.006324610770056924,-0.0068246107700569245,-0.007324610770056924,OLS
2022-10-06,2022-10-07,-0.0012691777976592145,-0.011694453659214456,0.010425275861555242,0.8333333333333333,6,6,-0.0012691777976592145,-0.0016858444643258813,-0.002102511130992548,OLS
2022-10-07,2022-10-10,0.0028224522345139834,-0.0004776811162956333,0.0033001333508096164,0.6666666666666666,6,6,0.0028224522345139834,0.00248911890118065,0.002155785567847317,OLS
2022-10-10,2022-10-11,-0.0010612725927866833,9.73415528141659e-06,-0.0010710067480680999,1.1666666666666665,6,6,-0.0010612725927866833,-0.0016446059261200166,-0.00222793925945335,OLS
2022-10-11,2022-10-12,-0.003675816516376939,-0.0010558485525417331,-0.0026199679638352065,1.0,6,6,-0.003675816516376939,-0.004175816516376939,-0.004675816516376939,OLS
2022-10-12,2022-10-13,-0.00403526203602454,0.013835863678862107,-0.017871125714886648,1.1666666666666665,6,6,-0.00403526203602454,-0.004618595369357873,-0.005201928702691206,OLS
2022-10-13,2022-10-14,-0.011033795846760624,-0.0106578965194462,-0.00037589932731442476,1.0,6,6,-0.011033795846760624,-0.011533795846760625,-0.012033795846760623,OLS
2022-10-14,2022-10-17,-0.0022384882510095923,0.011086547190033224,-0.013325035441042816,0.6666666666666666,6,6,-0.0022384882510095923,-0.002571821584342926,-0.002905154917676259,OLS
2022-10-17,2022-10-18,-0.0057898637415376925,0.0037637208966837254,-0.009553584638221417,0.8333333333333333,6,6,-0.0057898637415376925,-0.006206530408204359,-0.006623197074871026,OLS
2022-10-18,2022-10-19,0.01053463161855236,0.002726947690817991,0.007807683927734366,0.6666666666666666,6,6,0.01053463161855236,0.010201298285219026,0.009867964951885693,OLS
2022-10-19,2022-10-20,-0.005796807155824801,-0.004323644736652901,-0.0014731624191719004,0.6666666666666666,6,6,-0.005796807155824801,-0.006130140489158134,-0.006463473822491468,OLS
2022-10-20,2022-10-21,0.002642463692126933,0.01563431662663015,-0.012991852934503216,0.5,6,6,0.002642463692126933,0.002392463692126933,0.002142463692126933,OLS
2022-10-21,2022-10-24,-0.001125516985723842,0.003321499924714125,-0.004447016910437967,1.0,6,6,-0.001125516985723842,-0.001625516985723842,-0.002125516985723842,OLS
2022-10-24,2022-10-25,0.007037492742807516,0.01028185149487679,-0.0032443587520692746,1.0,6,6,0.007037492742807516,0.006537492742807516,0.006037492742807516,OLS
2022-10-25,2022-10-26,0.011200359284265632,0.0028939272649018332,0.0083064320193638,1.1666666666666665,6,6,0.011200359284265632,0.010617025950932299,0.010033692617598965,OLS
2022-10-26,2022-10-27,-0.0018514997551286497,-0.0025125695419872247,0.000661069786858575,1.1666666666666665,6,6,-0.0018514997551286497,-0.002434833088461983,-0.003018166421795316,OLS
2022-10-27,2022-10-28,0.003393692594860241,0.014926801170555374,-0.01153310857569513,0.6666666666666666,6,6,0.003393692594860241,0.0030603592615269077,0.0027270259281935746,OLS
2022-10-28,2022-10-31,0.0047233061612592326,-0.0020933149167866247,0.006816621078045857,1.0,6,6,0.0047233061612592326,0.004223306161259233,0.0037233061612592325,OLS
2022-10-31,2022-11-01,-0.0008013807354163827,0.001942891512683267,-0.00274427224809965,1.1666666666666665,6,6,-0.0008013807354163827,-0.001384714068749716,-0.0019680474020830493,OLS
2022-11-01,2022-11-02,-0.007076166424514308,-0.009685108477220598,0.002608942052706292,0.6666666666666666,6,6,-0.007076166424514308,-0.007409499757847641,-0.007742833091180975,OLS
2022-11-02,2022-11-03,0.007231760003300359,-0.005497996519133699,0.01272975652243406,1.0,6,6,0.007231760003300359,0.00673176000330036,0.006231760003300359,OLS
2022-11-03,2022-11-04,0.003396917712215757,0.0094326690750163,-0.006035751362800541,0.8333333333333333,6,6,0.003396917712215757,0.0029802510455490903,0.0025635843788824235,OLS
2022-11-04,2022-11-07,0.000736977623048783,0.0040299110389242585,-0.003292933415875475,1.1666666666666665,6,6,0.000736977623048783,0.00015364428971544975,-0.00042968904361788353,OLS
2022-11-07,2022-11-08,-0.004434700063399667,0.00035142266744967506,-0.004786122730849341,0.6666666666666666,6,6,-0.004434700063399667,-0.004768033396733,-0.005101366730066334,OLS
2022-11-08,2022-11-09,-0.0036645711670596666,-0.010098957040288434,0.006434385873228766,1.0,6,6,-0.0036645711670596666,-0.004164571167059667,-0.004664571167059667,OLS
2022-11-09,2022-11-10,0.02122245637302446,0.028586063237973983,-0.007363606864949525,0.5,6,6,0.02122245637302446,0.02097245637302446,0.02072245637302446,OLS
2022-11-10,2022-11-11,-0.004646468672424134,0.0031562539691236415,-0.007802722641547774,1.3333333333333333,6,6,-0.004646468672424134,-0.005313135339090801,-0.005979802005757467,OLS
2022-11-11,2022-11-14,0.002552806165042871,-0.0034849494974754937,0.006037755662518366,0.6666666666666666,6,6,0.002552806165042871,0.0022194728317095377,0.0018861394983762047,OLS
2022-11-14,2022-11-15,-0.00037804438138473316,0.003498869191817542,-0.003876913573202274,0.8333333333333333,6,6,-0.00037804438138473316,-0.0007947110480513998,-0.0012113777147180664,OLS
2022-11-15,2022-11-16,-0.001960553320128759,-0.003761549861457358,0.0018009965413286,0.8333333333333333,6,6,-0.001960553320128759,-0.0023772199867954256,-0.0027938866534620924,OLS
2022-11-16,2022-11-17,0.00036474239887776674,-0.00030851657672028334,0.0006732589755980501,0.8333333333333333,6,6,0.00036474239887776674,-5.19242677888999e-05,-0.00046859093445556654,OLS
2022-11-17,2022-11-18,-0.0047630600333663925,0.0020407563301002665,-0.0068038163634666585,1.1666666666666665,6,6,-0.0047630600333663925,-0.005346393366699726,-0.005929726700033059,OLS
2022-11-18,2022-11-21,-0.002732624249177633,-0.003543029693138508,0.0008104054439608752,0.3333333333333333,6,6,-0.002732624249177633,-0.0028992909158442994,-0.0030659575825109663,OLS
2022-11-21,2022-11-22,0.0040700294044226076,0.0071855810720998,-0.0031155516676771916,0.6666666666666666,6,6,0.0040700294044226076,0.003736696071089274,0.003403362737755941,OLS
2022-11-22,2022-11-23,0.001166622605372475,0.0016397945368381082,-0.00047317193146563313,0.6666666666666666,6,6,0.001166622605372475,0.0008332892720391417,0.0004999559387058083,OLS
2022-11-23,2022-11-25,-0.0016637098956415834,1.1874484912866847e-05,-0.00167558438055445,0.8333333333333333,6,6,-0.0016637098956415834,-0.00208037656230825,-0.0024970432289749167,OLS
2022-11-25,2022-11-28,-0.009336798163997241,-0.011603469324596234,0.0022666711605989916,0.8333333333333333,6,6,-0.009336798163997241,-0.009753464830663907,-0.010170131497330575,OLS
2022-11-28,2022-11-29,0.004780189274226134,0.0026857836729853417,0.0020944056012407917,0.8333333333333333,6,6,0.004780189274226134,0.004363522607559467,0.0039468559408928,OLS
2022-11-29,2022-11-30,0.010623264016664583,0.021552904984657457,-0.010929640967992874,0.6666666666666666,6,6,0.010623264016664583,0.01028993068333125,0.009956597349997917,OLS
2022-11-30,2022-12-01,-0.0020324569089521334,-0.002873742692185325,0.0008412857832331918,0.6666666666666666,6,6,-0.0020324569089521334,-0.002365790242285467,-0.0026991235756188,OLS
2022-12-01,2022-12-02,0.0034012965365503084,0.002745470609834633,0.000655825926715675,0.8333333333333333,6,6,0.0034012965365503084,0.0029846298698836416,0.002567963203216975,OLS
2022-12-02,2022-12-05,-0.005854565589757608,-0.00868549608379349,0.002830930494035883,0.6666666666666666,6,6,-0.005854565589757608,-0.006187898923090941,-0.006521232256424275,OLS
2022-12-05,2022-12-06,-0.005660535897710558,-0.009359687865841132,0.003699151968130575,0.5,6,6,-0.005660535897710558,-0.005910535897710558,-0.006160535897710559,OLS
2022-12-06,2022-12-07,-0.00361892679118435,-0.002265080404529783,-0.0013538463866545666,0.5,6,6,-0.00361892679118435,-0.0038689267911843498,-0.00411892679118435,OLS
2022-12-07,2022-12-08,0.005817997811902866,0.008558870853518492,-0.002740873041615625,0.6666666666666666,6,6,0.005817997811902866,0.005484664478569533,0.005151331145236199,OLS
2022-12-08,2022-12-09,0.0011960956245351002,-0.004522016944244641,0.005718112568779741,0.5,6,6,0.0011960956245351002,0.0009460956245351002,0.0006960956245351002,OLS
2022-12-09,2022-12-12,0.003956811606366076,0.009647441784920857,-0.005690630178554782,0.8333333333333333,6,6,0.003956811606366076,0.003540144939699409,0.003123478273032742,OLS
2022-12-12,2022-12-13,0.000406337955404383,0.004534604371238907,-0.004128266415834525,1.5,6,6,0.000406337955404383,-0.000343662044595617,-0.0010936620445956171,OLS
2022-12-13,2022-12-14,-0.003760000517974907,-0.0035932022652697656,-0.00016679825270514198,0.8333333333333333,6,6,-0.003760000517974907,-0.004176667184641574,-0.004593333851308241,OLS
2022-12-14,2022-12-15,-0.0023127634451963665,-0.011294104658254808,0.008981341213058441,0.6666666666666666,6,6,-0.0023127634451963665,-0.0026460967785297,-0.002979430111863033,OLS
2022-12-15,2022-12-16,-0.0016299054491546166,-0.006892754201285767,0.0052628487521311496,0.8333333333333333,6,6,-0.0016299054491546166,-0.002046572115821283,-0.00246323878248795,OLS
2022-12-16,2022-12-19,-0.004779653745313433,-0.004147523719295475,-0.0006321300260179584,1.0,6,6,-0.004779653745313433,-0.005279653745313433,-0.005779653745313433,OLS
2022-12-19,2022-12-20,-0.004068442796855566,-0.0013534542472625499,-0.0027149885495930167,1.0,6,6,-0.004068442796855566,-0.004568442796855567,-0.005068442796855566,OLS
2022-12-20,2022-12-21,0.0008816406866820081,0.007327394412185241,-0.006445753725503233,0.6666666666666666,6,6,0.0008816406866820081,0.0005483073533486748,0.00021497402001534143,OLS
2022-12-21,2022-12-22,-0.0026203275436286664,-0.008590788043394982,0.005970460499766317,0.5,6,6,-0.0026203275436286664,-0.002870327543628666,-0.0031203275436286664,OLS
2022-12-22,2022-12-23,-0.0020447233689565914,0.0017380368990245582,-0.00378276026798115,0.3333333333333333,6,6,-0.0020447233689565914,-0.002211390035623258,-0.002378056702289925,OLS
2022-12-23,2022-12-27,-0.008063888469471208,-0.004189759291577184,-0.0038741291778940246,0.8333333333333333,6,6,-0.008063888469471208,-0.008480555136137874,-0.008897221802804542,OLS
2022-12-27,2022-12-28,-0.003045507137503758,-0.007290153896808966,0.0042446467593052085,0.8333333333333333,6,6,-0.003045507137503758,-0.003462173804170425,-0.0038788404708370913,OLS
2022-12-28,2022-12-29,0.005594325798229599,0.008857487977287165,-0.0032631621790575665,0.8333333333333333,6,6,0.005594325798229599,0.005177659131562933,0.004760992464896266,OLS
2022-12-29,2022-12-30,-0.002448266214995133,-0.0018107120414714833,-0.0006375541735236499,0.8333333333333333,6,6,-0.002448266214995133,-0.0028649328816617997,-0.0032815995483284665,OLS
2022-12-30,2023-01-03,0.002613304486967892,0.0013548924291814585,0.0012584120577864338,1.1666666666666665,6,6,0.002613304486967892,0.002029971153634559,0.0014466378203012256,OLS
2023-01-03,2023-01-04,-0.006286562889518416,0.00017740050703488335,-0.006463963396553299,1.3333333333333333,6,6,-0.006286562889518416,-0.006953229556185083,-0.007619896222851749,OLS
2023-01-04,2023-01-05,0.00024560594294552535,-0.0023971043978738165,0.002642710340819342,1.3333333333333333,6,6,0.00024560594294552535,-0.0004210607237211413,-0.001087727390387808,OLS
2023-01-05,2023-01-06,-0.003439852998611663,0.010424514611466682,-0.013864367610078348,0.8333333333333333,6,6,-0.003439852998611663,-0.00385651966527833,-0.004273186331944997,OLS
2023-01-06,2023-01-09,-0.003968958137431117,-0.006007322598814625,0.0020383644613835086,1.0,6,6,-0.003968958137431117,-0.004468958137431117,-0.004968958137431117,OLS
2023-01-09,2023-01-10,-0.0018486471506176248,0.00391944924977455,-0.005768096400392175,0.8333333333333333,6,6,-0.0018486471506176248,-0.0022653138172842916,-0.002681980483950958,OLS
2023-01-10,2023-01-11,0.0024662468100577,0.007556395287704558,-0.005090148477646858,1.0,6,6,0.0024662468100577,0.0019662468100577,0.0014662468100576998,OLS
2023-01-11,2023-01-12,-0.0002690888677526911,0.0046701568446307585,-0.004939245712383449,1.0,6,6,-0.0002690888677526911,-0.0007690888677526911,-0.0012690888677526911,OLS
2023-01-12,2023-01-13,-0.0021461936205769993,0.0009026627378264166,-0.0030488563584034167,0.6666666666666666,6,6,-0.0021461936205769993,-0.002479526953910333,-0.002812860287243666,OLS
2023-01-13,2023-01-17,-0.00025296899495004066,-0.002349384557842775,0.002096415562892734,0.6666666666666666,6,6,-0.00025296899495004066,-0.0005863023282833739,-0.0009196356616167073,OLS
2023-01-17,2023-01-18,-0.0022734110091705076,-0.008567481260861716,0.006294070251691208,0.6666666666666666,6,6,-0.0022734110091705076,-0.002606744342503841,-0.002940077675837174,OLS
2023-01-18,2023-01-19,0.00903414273976475,-0.0011690607708151498,0.010203203510579899,0.8333333333333333,6,6,0.00903414273976475,0.008617476073098084,0.008200809406431416,OLS
2023-01-19,2023-01-20,-0.003895787699240759,0.005502824220582708,-0.009398611919823467,0.5,6,6,-0.003895787699240759,-0.004145787699240759,-0.004395787699240759,OLS
2023-01-20,2023-01-23,0.0024468765945103417,0.006148492963427241,-0.0037016163689169,1.1666666666666665,6,6,0.0024468765945103417,0.0018635432611770085,0.0012802099278436752,OLS
2023-01-23,2023-01-24,-0.0012714225307812002,-0.0008005127408485667,-0.0004709097899326334,1.1666666666666665,6,6,-0.0012714225307812002,-0.0018547558641145334,-0.0024380891974478667,OLS
2023-01-24,2023-01-25,-0.0028634004741269997,-0.0017461216280930999,-0.0011172788460338998,1.3333333333333333,6,6,-0.0028634004741269997,-0.0035300671407936662,-0.004196733807460333,OLS
2023-01-25,2023-01-26,0.0020570588815244082,0.0024949450649765165,-0.0004378861834521084,1.0,6,6,0.0020570588815244082,0.0015570588815244082,0.0010570588815244082,OLS
2023-01-26,2023-01-27,0.006137529940441884,0.0009150459550445918,0.0052224839853972915,1.0,6,6,0.006137529940441884,0.005637529940441885,0.005137529940441884,OLS
2023-01-27,2023-01-30,0.0025692186235254915,-0.0022578567224385915,0.004827075345964083,0.6666666666666666,6,6,0.0025692186235254915,0.002235885290192158,0.001902551956858825,OLS
2023-01-30,2023-01-31,0.004257747213027492,0.006273626022591475,-0.0020158788095639827,0.8333333333333333,6,6,0.004257747213027492,0.003841080546360825,0.003424413879694158,OLS
2023-01-31,2023-02-01,0.00836254861849145,0.007498964739760607,0.0008635838787308418,1.0,6,6,0.00836254861849145,0.00786254861849145,0.00736254861849145,OLS
2023-02-01,2023-02-02,-0.008099162700413658,-0.001913316090209908,-0.0061858466102037496,1.3333333333333333,6,6,-0.008099162700413658,-0.008765829367080324,-0.009432496033746992,OLS
2023-02-02,2023-02-03,0.008379495657702832,0.0017747976681488,0.006604697989554034,1.0,6,6,0.008379495657702832,0.007879495657702832,0.007379495657702832,OLS
2023-02-03,2023-02-06,-0.0006394474647784328,-0.0022163372165658253,0.001576889751787392,0.6666666666666666,6,6,-0.0006394474647784328,-0.000972780798111766,-0.0013061141314450993,OLS
2023-02-06,2023-02-07,0.004760532314690941,0.0064799335780190166,-0.0017194012633280748,0.6666666666666666,6,6,0.004760532314690941,0.004427198981357608,0.004093865648024274,OLS
2023-02-07,2023-02-08,-0.0008294836908102417,-0.004481058625938725,0.0036515749351284828,0.8333333333333333,6,6,-0.0008294836908102417,-0.0012461503574769084,-0.001662817024143575,OLS
2023-02-08,2023-02-09,-0.0033876881752437993,-0.005644236410841291,0.0022565482355974913,0.8333333333333333,6,6,-0.0033876881752437993,-0.003804354841910466,-0.004221021508577133,OLS
2023-02-09,2023-02-10,-0.0005868628134222829,0.003237135182628975,-0.003823997996051258,0.6666666666666666,6,6,-0.0005868628134222829,-0.0009201961467556162,-0.0012535294800889497,OLS
2023-02-10,2023-02-13,0.0024636371080409667,0.006863533585676875,-0.004399896477635908,1.0,6,6,0.0024636371080409667,0.0019636371080409666,0.0014636371080409666,OLS
2023-02-13,2023-02-14,0.003746802024995042,0.0036257625414634915,0.00012103948353154985,0.5,6,6,0.003746802024995042,0.003496802024995042,0.003246802024995042,OLS
2023-02-14,2023-02-15,0.0037161119546519493,0.0024261629302424078,0.0012899490244095415,0.6666666666666666,6,6,0.0037161119546519493,0.003382778621318616,0.0030494452879852828,OLS
2023-02-15,2023-02-16,-0.005081889171811867,-0.007523589827098551,0.0024417006552866828,1.0,6,6,-0.005081889171811867,-0.005581889171811866,-0.006081889171811867,OLS
2023-02-16,2023-02-17,-0.007934505592834675,-0.004095660702367816,-0.0038388448904668575,0.6666666666666666,6,6,-0.007934505592834675,-0.008267838926168008,-0.008601172259501341,OLS
2023-02-17,2023-02-21,-0.008710349365513532,-0.012405775014599107,0.0036954256490855752,0.8333333333333333,6,6,-0.008710349365513532,-0.009127016032180198,-0.009543682698846865,OLS
2023-02-21,2023-02-22,0.0011225895916181414,-0.0022435323941163666,0.003366121985734508,0.8333333333333333,6,6,0.0011225895916181414,0.0007059229249514748,0.00028925625828480814,OLS
2023-02-22,2023-02-23,0.0014930840302847664,0.004680747832408307,-0.003187663802123542,0.6666666666666666,6,6,0.0014930840302847664,0.0011597506969514332,0.0008264173636180998,OLS
2023-02-23,2023-02-24,0.0006122993010031119,-0.002692231514293046,0.0033045308152961582,0.6666666666666666,6,6,0.0006122993010031119,0.0002789659676697786,-5.436736566355471e-05,OLS
2023-02-24,2023-02-27,-0.0002382024339162165,0.0018422371837124667,-0.0020804396176286833,1.0,6,6,-0.0002382024339162165,-0.0007382024339162165,-0.0012382024339162166,OLS
2023-02-27,2023-02-28,-0.0001824019578131668,-0.0008646780690736584,0.0006822761112604916,0.5,6,6,-0.0001824019578131668,-0.0004324019578131668,-0.0006824019578131668,OLS
2023-02-28,2023-03-01,-0.004900345609447108,-0.00229449284254415,-0.0026058527669029583,0.6666666666666666,6,6,-0.004900345609447108,-0.005233678942780441,-0.005567012276113775,OLS
2023-03-01,2023-03-02,0.00030170348807232556,0.0040353805770186,-0.003733677088946275,1.0,6,6,0.00030170348807232556,-0.00019829651192767445,-0.0006982965119276745,OLS
2023-03-02,2023-03-03,-0.0005744270798042589,0.006986623161793224,-0.007561050241597483,1.1666666666666665,6,6,-0.0005744270798042589,-0.0011577604131375921,-0.0017410937464709254,OLS
2023-03-03,2023-03-06,0.007869933307584741,0.005548858410797782,0.0023210748967869587,0.8333333333333333,6,6,0.007869933307584741,0.007453266640918075,0.007036599974251408,OLS
2023-03-06,2023-03-07,0.002158432523519274,-0.007801473383868117,0.009959905907387392,1.0,6,6,0.002158432523519274,0.001658432523519274,0.001158432523519274,OLS
2023-03-07,2023-03-08,-0.0020794096809543497,-0.002508385701028333,0.00042897602007398324,0.8333333333333333,6,6,-0.0020794096809543497,-0.0024960763476210165,-0.0029127430142876828,OLS
2023-03-08,2023-03-09,0.006683151970655875,-0.005725520386846017,0.012408672357501888,1.1666666666666665,6,6,0.006683151970655875,0.006099818637322542,0.005516485303989209,OLS
2023-03-09,2023-03-10,-0.0008434563324785751,-0.0001264299658849251,-0.0007170263665936499,0.6666666666666666,6,6,-0.0008434563324785751,-0.0011767896658119083,-0.0015101229991452418,OLS
2023-03-10,2023-03-13,0.013742243558599697,0.002165090162202908,0.01157715339639679,0.8333333333333333,6,6,0.013742243558599697,0.013325576891933031,0.012908910225266364,OLS
2023-03-13,2023-03-14,-0.006228459958639549,0.003822599960998741,-0.010051059919638292,0.6666666666666666,6,6,-0.006228459958639549,-0.006561793291972882,-0.006895126625306216,OLS
2023-03-14,2023-03-15,0.006390449243559257,-0.0013955033979178083,0.007785952641477066,1.0,6,6,0.006390449243559257,0.005890449243559257,0.005390449243559257,OLS
2023-03-15,2023-03-16,-0.007223414653356741,0.0026522501882620332,-0.009875664841618774,0.5,6,6,-0.007223414653356741,-0.007473414653356741,-0.007723414653356742,OLS
2023-03-16,2023-03-17,-0.0027525437623395163,-0.005992049545198283,0.0032395057828587667,0.3333333333333333,6,6,-0.0027525437623395163,-0.0029192104290061828,-0.0030858770956728497,OLS
2023-03-17,2023-03-20,0.0025288829827208913,0.006137093570570266,-0.003608210587849375,1.0,6,6,0.0025288829827208913,0.0020288829827208913,0.0015288829827208913,OLS
2023-03-20,2023-03-21,-0.00047583670222202563,0.0029517172505046495,-0.0034275539527266743,1.0,6,6,-0.00047583670222202563,-0.0009758367022220256,-0.0014758367022220257,OLS
2023-03-21,2023-03-22,0.0006786374107088245,-0.00783278615164906,0.008511423562357883,0.3333333333333333,6,6,0.0006786374107088245,0.0005119707440421579,0.0003453040773754912,OLS
2023-03-22,2023-03-23,-0.002819243760977033,0.0030493869966110665,-0.0058686307575881,0.3333333333333333,6,6,-0.002819243760977033,-0.0029859104276436996,-0.0031525770943103665,OLS
2023-03-23,2023-03-24,0.0017457508750578668,0.0018430013549568247,-9.725047989895814e-05,0.6666666666666666,6,6,0.0017457508750578668,0.0014124175417245335,0.0010790842083912002,OLS
2023-03-24,2023-03-27,0.007881243435411207,0.007067239397883491,0.0008140040375277167,0.8333333333333333,6,6,0.007881243435411207,0.00746457676874454,0.007047910102077873,OLS
2023-03-27,2023-03-28,0.004003702429691442,0.003364461218599542,0.0006392412110919,0.8333333333333333,6,6,0.004003702429691442,0.003587035763024775,0.0031703690963581083,OLS
2023-03-28,2023-03-29,0.0015883996705797088,0.008792164787729675,-0.007203765117149966,0.8333333333333333,6,6,0.0015883996705797088,0.001171733003913042,0.0007550663372463756,OLS
2023-03-29,2023-03-30,-0.0032717171826268246,0.0024013748437159916,-0.005673092026342816,0.6666666666666666,6,6,-0.0032717171826268246,-0.003605050515960158,-0.003938383849293492,OLS
2023-03-30,2023-03-31,-0.0001451572000151503,0.006065413641620633,-0.006210570841635782,0.5,6,6,-0.0001451572000151503,-0.0003951572000151503,-0.0006451572000151503,OLS
2023-03-31,2023-04-03,0.008060125578184741,0.007166812565143666,0.0008933130130410748,1.0,6,6,0.008060125578184741,0.0075601255781847405,0.007060125578184741,OLS
2023-04-03,2023-04-04,0.0011876707686465668,-0.0009898730087428084,0.0021775437773893748,1.1666666666666665,6,6,0.0011876707686465668,0.0006043374353132335,2.100410197990025e-05,OLS
2023-04-04,2023-04-05,0.0036852999753338904,0.003031338294133392,0.0006539616812005,0.5,6,6,0.0036852999753338904,0.00343529997533389,0.0031852999753338904,OLS
2023-04-05,2023-04-06,0.0012929854340199244,0.002257209645974808,-0.0009642242119548836,1.1666666666666665,6,6,0.0012929854340199244,0.0007096521006865911,0.0001263187673532578,OLS
2023-04-06,2023-04-10,0.006392120035911416,0.002491013661418166,0.0039011063744932503,0.5,6,6,0.006392120035911416,0.006142120035911415,0.005892120035911415,OLS
2023-04-10,2023-04-11,-0.0014930083256554998,0.0029451846322931913,-0.004438192957948692,0.8333333333333333,6,6,-0.0014930083256554998,-0.0019096749923221664,-0.002326341658988833,OLS
2023-04-11,2023-04-12,-0.005202814047821236,-0.005540209883972725,0.00033739583615148826,0.8333333333333333,6,6,-0.005202814047821236,-0.0056194807144879025,-0.006036147381154569,OLS
2023-04-12,2023-04-13,-0.00123990594211725,0.0031497797557409,-0.00438968569785815,0.6666666666666666,6,6,-0.00123990594211725,-0.0015732392754505833,-0.0019065726087839165,OLS
2023-04-13,2023-04-14,0.003481660533794475,-2.3600573689266696e-05,0.0035052611074837415,1.1666666666666665,6,6,0.003481660533794475,0.0028983272004611416,0.0023149938671278084,OLS
2023-04-14,2023-04-17,-0.009766562495263857,-0.000851690355660625,-0.008914872139603233,1.1666666666666665,6,6,-0.009766562495263857,-0.01034989582859719,-0.010933229161930524,OLS
2023-04-17,2023-04-18,-0.0005788610595149747,0.0014935803930989666,-0.0020724414526139415,0.8333333333333333,6,6,-0.0005788610595149747,-0.0009955277261816413,-0.001412194392848308,OLS
2023-04-18,2023-04-19,0.00024494116495287545,-0.0023448340754551665,0.002589775240408042,1.0,6,6,0.00024494116495287545,-0.00025505883504712456,-0.0007550588350471246,OLS
2023-04-19,2023-04-20,-2.0071315078409088e-06,-0.0035998138271221497,0.003597806695614308,0.6666666666666666,6,6,-2.0071315078409088e-06,-0.00033534046484117423,-0.0006686737981745076,OLS
2023-04-20,2023-04-21,-0.0021759456854264416,-0.0014273724608999414,-0.0007485732245264999,0.5,6,6,-0.0021759456854264416,-0.002425945685426442,-0.0026759456854264416,OLS
2023-04-21,2023-04-24,0.003907098389112759,0.0015508531082298917,0.0023562452808828667,0.8333333333333333,6,6,0.003907098389112759,0.003490431722446092,0.0030737650557794254,OLS
2023-04-24,2023-04-25,-0.00781186144403485,-0.009174193127494176,0.0013623316834593248,0.5,6,6,-0.00781186144403485,-0.00806186144403485,-0.00831186144403485,OLS
2023-04-25,2023-04-26,-0.010159491480270568,-0.007874072067797375,-0.002285419412473193,0.6666666666666666,6,6,-0.010159491480270568,-0.0104928248136039,-0.010826158146937234,OLS
2023-04-26,2023-04-27,-0.00020488908811149183,0.00572137287829045,-0.0059262619664019415,0.5,6,6,-0.00020488908811149183,-0.00045488908811149183,-0.0007048890881114918,OLS
2023-04-27,2023-04-28,-0.0007164207420771,0.003747803860218383,-0.004464224602295483,0.6666666666666666,6,6,-0.0007164207420771,-0.0010497540754104333,-0.0013830874087437666,OLS
2023-04-28,2023-05-01,0.0034569429913865832,0.0033221155390511913,0.0001348274523353916,0.3333333333333333,6,6,0.0034569429913865832,0.0032902763247199167,0.0031236096580532498,OLS
2023-05-01,2023-05-02,-0.003763132192278717,-0.00529499779211175,0.0015318655998330332,0.5,6,6,-0.003763132192278717,-0.004013132192278717,-0.004263132192278717,OLS
2023-05-02,2023-05-03,-0.0006143822426897917,-0.005414692140633158,0.004800309897943367,0.6666666666666666,6,6,-0.0006143822426897917,-0.000947715576023125,-0.0012810489093564583,OLS
2023-05-03,2023-05-04,-0.004515257394247909,-0.011089579778396183,0.0065743223841482745,0.8333333333333333,6,6,-0.004515257394247909,-0.004931924060914575,-0.005348590727581242,OLS
2023-05-04,2023-05-05,0.004741968141480141,0.013410648055328284,-0.008668679913848142,0.16666666666666666,6,6,0.004741968141480141,0.004658634808146807,0.0045753014748134745,OLS
2023-05-05,2023-05-08,0.0030053181596373583,0.0006213599119721168,0.0023839582476652414,0.6666666666666666,6,6,0.0030053181596373583,0.002671984826304025,0.002338651492970692,OLS
2023-05-08,2023-05-09,0.0036837621184906575,0.00010713968215581669,0.0035766224363348417,0.6666666666666666,6,6,0.0036837621184906575,0.003350428785157324,0.003017095451823991,OLS
2023-05-09,2023-05-10,-0.003806951665447991,-0.0030241197416373245,-0.0007828319238106665,0.6666666666666666,6,6,-0.003806951665447991,-0.004140284998781324,-0.004473618332114657,OLS
2023-05-10,2023-05-11,0.0019067874250974673,-0.002108953686681475,0.004015741111778942,0.6666666666666666,6,6,0.0019067874250974673,0.001573454091764134,0.0012401207584308007,OLS
2023-05-11,2023-05-12,-0.004502487388381033,-0.005542447020785775,0.0010399596324047414,0.3333333333333333,6,6,-0.004502487388381033,-0.0046691540550477,-0.0048358207217143664,OLS
2023-05-12,2023-05-15,0.007429613784462842,0.006822971565972475,0.0006066422184903665,0.8333333333333333,6,6,0.007429613784462842,0.007012947117796175,0.006596280451129508,OLS
2023-05-15,2023-05-16,-0.0018121133261165831,-0.006398259234912407,0.004586145908795824,0.8333333333333333,6,6,-0.0018121133261165831,-0.00222877999278325,-0.0026454466594499166,OLS
2023-05-16,2023-05-17,0.0011979511452119922,0.007822039139239815,-0.006624087994027824,0.6666666666666666,6,6,0.0011979511452119922,0.000864617811878659,0.0005312844785453256,OLS
2023-05-17,2023-05-18,-0.0049530103818384,-0.0011433807201511582,-0.003809629661687241,1.1666666666666665,6,6,-0.0049530103818384,-0.0055363437151717335,-0.006119677048505067,OLS
2023-05-18,2023-05-19,0.002416294656137333,0.0021257157481353334,0.00029057890800199986,0.3333333333333333,6,6,0.002416294656137333,0.0022496279894706666,0.0020829613228039996,OLS
2023-05-19,2023-05-22,0.004420329567592458,-0.0013982793847836998,0.005818608952376158,0.8333333333333333,6,6,0.004420329567592458,0.004003662900925791,0.0035869962342591245,OLS
2023-05-22,2023-05-23,-0.006312771225893008,-0.004557788827253933,-0.0017549823986390749,0.5,6,6,-0.006312771225893008,-0.0065627712258930085,-0.006812771225893008,OLS
2023-05-23,2023-05-24,-0.0036738163675851584,-0.007764145985037282,0.004090329617452124,1.0,6,6,-0.0036738163675851584,-0.004173816367585159,-0.004673816367585158,OLS
2023-05-24,2023-05-25,0.0010274688210138846,-0.002128094112973591,0.0031555629339874752,0.6666666666666666,6,6,0.0010274688210138846,0.0006941354876805513,0.00036080215434721797,OLS
2023-05-25,2023-05-26,0.003018555829532017,0.006825330175604135,-0.0038067743460721165,1.1666666666666665,6,6,0.003018555829532017,0.0024352224961986836,0.0018518891628653503,OLS
2023-05-26,2023-05-30,-0.005298393110977666,-0.003482754414427633,-0.001815638696550033,0.3333333333333333,6,6,-0.005298393110977666,-0.005465059777644332,-0.005631726444310999,OLS
2023-05-30,2023-05-31,0.0074431438696775844,0.002565922206695716,0.004877221662981867,0.8333333333333333,6,6,0.0074431438696775844,0.007026477203010918,0.006609810536344251,OLS
2023-05-31,2023-06-01,-0.002779619307418075,0.0013534574568612083,-0.004133076764279283,1.0,6,6,-0.002779619307418075,-0.003279619307418075,-0.003779619307418075,OLS
2023-06-01,2023-06-02,-0.00012953867905971493,0.008079563906593966,-0.008209102585653683,1.1666666666666665,6,6,-0.00012953867905971493,-0.0007128720123930482,-0.0012962053457263815,OLS
2023-06-02,2023-06-05,0.0026186591614804503,-0.002576681837727325,0.005195340999207775,0.8333333333333333,6,6,0.0026186591614804503,0.0022019924948137835,0.001785325828147117,OLS
2023-06-05,2023-06-06,4.114621216861703e-05,0.004862630390067075,-0.004821484177898458,0.5,6,6,4.114621216861703e-05,-0.00020885378783138298,-0.000458853787831383,OLS
2023-06-06,2023-06-07,0.00428991532059295,0.005133411560141392,-0.0008434962395484416,1.1666666666666665,6,6,0.00428991532059295,0.0037065819872596165,0.0031232486539262833,OLS
2023-06-07,2023-06-08,-0.0013834494299783252,0.0011066053450802416,-0.002490054775058566,0.8333333333333333,6,6,-0.0013834494299783252,-0.001800116096644992,-0.0022167827633116583,OLS
2023-06-08,2023-06-09,-7.605402475228333e-05,0.0005359681666486083,-0.0006120221914008916,0.16666666666666666,6,6,-7.605402475228333e-05,-0.00015938735808561664,-0.00024272069141895,OLS
2023-06-09,2023-06-12,-0.005151173528654293,0.0035247600882580077,-0.008675933616912301,0.6666666666666666,6,6,-0.005151173528654293,-0.005484506861987626,-0.00581784019532096,OLS
2023-06-12,2023-06-13,0.007124560449145466,0.007458246009663566,-0.00033368556051809994,0.5,6,6,0.007124560449145466,0.006874560449145466,0.0066245604491454654,OLS
2023-06-13,2023-06-14,-0.00581753387234985,-0.0034976269928364504,-0.0023199068795134,0.6666666666666666,6,6,-0.00581753387234985,-0.006150867205683183,-0.006484200539016517,OLS
2023-06-14,2023-06-15,-0.0013927471355169177,0.0042800382189087,-0.005672785354425617,0.6666666666666666,6,6,-0.0013927471355169177,-0.001726080468850251,-0.0020594138021835843,OLS
2023-06-15,2023-06-16,-0.0015441569966110412,-0.0028141771463295498,0.0012700201497185082,0.8333333333333333,6,6,-0.0015441569966110412,-0.001960823663277708,-0.0023774903299443742,OLS
2023-06-16,2023-06-20,0.0010660269718309827,-0.006344139423004325,0.007410166394835308,0.6666666666666666,6,6,0.0010660269718309827,0.0007326936384976495,0.0003993603051643161,OLS
2023-06-20,2023-06-21,-0.007556850752197907,-0.005646907030898816,-0.0019099437212990915,0.6666666666666666,6,6,-0.007556850752197907,-0.00789018408553124,-0.008223517418864573,OLS
2023-06-21,2023-06-22,-0.000310929940002225,-0.00011300766449115821,-0.00019792227551106677,0.6666666666666666,6,6,-0.000310929940002225,-0.0006442632733355584,-0.0009775966066688916,OLS
2023-06-22,2023-06-23,-0.00302608000681465,-0.005232846824933742,0.0022067668181190913,1.0,6,6,-0.00302608000681465,-0.00352608000681465,-0.00402608000681465,OLS
2023-06-23,2023-06-26,0.006636425999921358,0.003946766894194841,0.0026896591057265166,0.6666666666666666,6,6,0.006636425999921358,0.006303092666588025,0.005969759333254691,OLS
2023-06-26,2023-06-27,0.004348096143472358,0.0076125716067395825,-0.0032644754632672247,0.3333333333333333,6,6,0.004348096143472358,0.004181429476805692,0.004014762810139025,OLS
2023-06-27,2023-06-28,0.0009458016181833333,-0.0025413699596379246,0.003487171577821259,0.5,6,6,0.0009458016181833333,0.0006958016181833333,0.0004458016181833333,OLS
2023-06-28,2023-06-29,-0.0003465373514421003,0.0005751668292812416,-0.0009217041807233416,0.3333333333333333,6,6,-0.0003465373514421003,-0.0005132040181087669,-0.0006798706847754336,OLS
2023-06-29,2023-06-30,-0.004181994828949458,0.004271836240346075,-0.008453831069295533,0.8333333333333333,6,6,-0.004181994828949458,-0.004598661495616125,-0.005015328162282792,OLS
2023-06-30,2023-07-03,0.003394329623936233,0.0018456832656755335,0.0015486463582606996,0.6666666666666666,6,6,0.003394329623936233,0.0030609962906028997,0.0027276629572695666,OLS
2023-07-03,2023-07-05,-0.003522503104460891,-0.0066039881947348575,0.0030814850902739664,0.3333333333333333,6,6,-0.003522503104460891,-0.0036891697711275576,-0.0038558364377942246,OLS
2023-07-05,2023-07-06,-0.006941812177004541,-0.008009380096579633,0.0010675679195750916,0.5,6,6,-0.006941812177004541,-0.007191812177004541,-0.00744181217700454,OLS
2023-07-06,2023-07-07,-0.0026342161600684333,-0.0013435196039041082,-0.001290696556164325,0.8333333333333333,6,6,-0.0026342161600684333,-0.0030508828267351,-0.003467549493401767,OLS
2023-07-07,2023-07-10,0.0029601655315489085,0.004550400787104083,-0.0015902352555551746,0.5,6,6,0.0029601655315489085,0.0027101655315489087,0.0024601655315489085,OLS
2023-07-10,2023-07-11,-0.0006607525618429334,0.0030130485934249584,-0.0036738011552678914,0.5,6,6,-0.0006607525618429334,-0.0009107525618429334,-0.0011607525618429334,OLS
2023-07-11,2023-07-12,-0.0020299062461814335,0.0024809381428205833,-0.004510844389002016,0.8333333333333333,6,6,-0.0020299062461814335,-0.0024465729128481002,-0.002863239579514767,OLS
2023-07-12,2023-07-13,-0.0024477039245788005,7.226179401574179e-05,-0.0025199657185945414,0.5,6,6,-0.0024477039245788005,-0.0026977039245788008,-0.0029477039245788005,OLS
2023-07-13,2023-07-14,0.0067566292340440915,0.00020045788949432484,0.006556171344549766,0.16666666666666666,6,6,0.0067566292340440915,0.006673295900710758,0.006589962567377425,OLS
2023-07-14,2023-07-17,-0.005262194767048041,-0.0011877842507239582,-0.004074410516324083,0.6666666666666666,6,6,-0.005262194767048041,-0.005595528100381374,-0.005928861433714708,OLS
2023-07-17,2023-07-18,-0.008067610462269614,0.004326959224576791,-0.012394569686846407,1.0,6,6,-0.008067610462269614,-0.008567610462269615,-0.009067610462269615,OLS
2023-07-18,2023-07-19,0.0013742107880928749,0.002989231395287033,-0.0016150206071941582,0.6666666666666666,6,6,0.0013742107880928749,0.0010408774547595416,0.0007075441214262082,OLS
2023-07-19,2023-07-20,0.0024306556600208165,0.00256862042183175,-0.00013796476181093353,0.5,6,6,0.0024306556600208165,0.0021806556600208167,0.0019306556600208165,OLS
2023-07-20,2023-07-21,0.0010359858823456086,0.005417491289607976,-0.004381505407262366,0.5,6,6,0.0010359858823456086,0.0007859858823456086,0.0005359858823456086,OLS
2023-07-21,2023-07-24,0.0024087075991565416,0.004582115710681508,-0.0021734081115249667,1.0,6,6,0.0024087075991565416,0.0019087075991565416,0.0014087075991565416,OLS
2023-07-24,2023-07-25,0.0005063561342445167,-0.00078077292614245,0.0012871290603869666,0.8333333333333333,6,6,0.0005063561342445167,8.968946757785003e-05,-0.0003269771990888166,OLS
2023-07-25,2023-07-26,-0.0024285193195525577,-0.002922711935894392,0.0004941926163418331,1.0,6,6,-0.0024285193195525577,-0.0029285193195525577,-0.0034285193195525577,OLS
2023-07-26,2023-07-27,-0.005592405637958924,-0.003788531516686933,-0.0018038741212719916,1.0,6,6,-0.005592405637958924,-0.006092405637958924,-0.006592405637958924,OLS
2023-07-27,2023-07-28,-0.001034893055865033,0.0013652388330247251,-0.002400131888889758,1.0,6,6,-0.001034893055865033,-0.001534893055865033,-0.002034893055865033,OLS
2023-07-28,2023-07-31,0.00267840520594935,0.0006225449245918666,0.0020558602813574834,0.6666666666666666,6,6,0.00267840520594935,0.0023450718726160166,0.0020117385392826835,OLS
2023-07-31,2023-08-01,-0.002486887009934008,-0.002923800339993208,0.00043691333005919995,0.6666666666666666,6,6,-0.002486887009934008,-0.0028202203432673417,-0.0031535536766006747,OLS
2023-08-01,2023-08-02,-0.0019076950433065658,-0.0044048310464811415,0.002497136003174575,1.1666666666666665,6,6,-0.0019076950433065658,-0.002491028376639899,-0.0030743617099732324,OLS
2023-08-02,2023-08-03,0.011948773765279991,0.00295769776540175,0.00899107599987824,0.5,6,6,0.011948773765279991,0.011698773765279991,0.011448773765279991,OLS
2023-08-03,2023-08-04,0.007599095165388351,0.00012130212838334996,0.007477793037004998,0.5,6,6,0.007599095165388351,0.0073490951653883505,0.00709909516538835,OLS
2023-08-04,2023-08-07,0.0019083819564313918,0.005188627520326392,-0.0032802455638949995,0.16666666666666666,6,6,0.0019083819564313918,0.0018250486230980585,0.001741715289764725,OLS
2023-08-07,2023-08-08,-0.005845995019301925,-0.0056358849713986255,-0.0002101100479033,0.5,6,6,-0.005845995019301925,-0.006095995019301925,-0.006345995019301925,OLS
2023-08-08,2023-08-09,-0.002107971723925708,-0.003494333598156508,0.0013863618742308,0.8333333333333333,6,6,-0.002107971723925708,-0.002524638390592375,-0.0029413050572590412,OLS
2023-08-09,2023-08-10,-0.0026490654450322328,-0.001720087487494425,-0.0009289779575378082,1.0,6,6,-0.0026490654450322328,-0.003149065445032233,-0.003649065445032233,OLS
2023-08-10,2023-08-11,0.0018334873411250331,0.0030814617738029,-0.0012479744326778666,0.6666666666666666,6,6,0.0018334873411250331,0.0015001540077916999,0.0011668206744583666,OLS
2023-08-11,2023-08-14,-0.005399391959522233,-0.0014742030445014916,-0.003925188915020742,0.3333333333333333,6,6,-0.005399391959522233,-0.0055660586261889,-0.005732725292855566,OLS
2023-08-14,2023-08-15,-0.008397731669506074,-0.009545869219300625,0.00114813754979455,0.5,6,6,-0.008397731669506074,-0.008647731669506074,-0.008897731669506075,OLS
2023-08-15,2023-08-16,-0.0013410599760705663,-0.004082886433977,0.002741826457906433,1.0,6,6,-0.0013410599760705663,-0.0018410599760705663,-0.0023410599760705663,OLS
2023-08-16,2023-08-17,0.001957888212190992,0.00038872455916311686,0.0015691636530278759,0.8333333333333333,6,6,0.001957888212190992,0.001541221545524325,0.0011245548788576586,OLS
2023-08-17,2023-08-18,0.0017864447151322083,0.0029032825723351247,-0.0011168378572029166,1.0,6,6,0.0017864447151322083,0.0012864447151322083,0.0007864447151322083,OLS
2023-08-18,2023-08-21,-0.0013348270407956505,-0.0005670130864235416,-0.0007678139543721085,0.6666666666666666,6,6,-0.0013348270407956505,-0.0016681603741289838,-0.002001493707462317,OLS
2023-08-21,2023-08-22,0.000587382546573158,-0.002635313810932875,0.003222696357506033,0.6666666666666666,6,6,0.000587382546573158,0.00025404921323982473,-7.928412009350859e-05,OLS
2023-08-22,2023-08-23,-0.0025428986672421747,0.003572510321298509,-0.006115408988540683,0.5,6,6,-0.0025428986672421747,-0.002792898667242175,-0.0030428986672421748,OLS
2023-08-23,2023-08-24,0.0009583535076667512,-0.007631191011139742,0.00858954451880649,0.3333333333333333,6,6,0.0009583535076667512,0.0007916868410000846,0.0006250201743334179,OLS
2023-08-24,2023-08-25,-0.0029552826032882666,0.0036760560358572074,-0.006631338639145475,0.8333333333333333,6,6,-0.0029552826032882666,-0.0033719492699549334,-0.0037886159366216,OLS
2023-08-25,2023-08-28,0.0013959956380959332,0.003986600083473317,-0.0025906044453773832,0.6666666666666666,6,6,0.0013959956380959332,0.0010626623047626,0.0007293289714292666,OLS
2023-08-28,2023-08-29,0.0004431482492032421,0.005151984903080582,-0.004708836653877341,0.5,6,6,0.0004431482492032421,0.0001931482492032421,-5.6851750796757896e-05,OLS
2023-08-29,2023-08-30,-0.002306173819196384,0.00017008627937206667,-0.00247626009856845,0.6666666666666666,6,6,-0.002306173819196384,-0.0026395071525297173,-0.0029728404858630503,OLS
2023-08-30,2023-08-31,-0.0024736167993968747,-0.0037634820001483833,0.0012898652007515081,0.3333333333333333,6,6,-0.0024736167993968747,-0.0026402834660635413,-0.0028069501327302082,OLS
2023-08-31,2023-09-01,-0.0024196977215586737,0.0035706394605347163,-0.0059903371820933925,0.6666666666666666,6,6,-0.0024196977215586737,-0.002753031054892007,-0.00308636438822534,OLS
2023-09-01,2023-09-05,-0.0029279770903957412,-0.0038256860723634165,0.0008977089819676749,0.6666666666666666,6,6,-0.0029279770903957412,-0.0032613104237290747,-0.003594643757062408,OLS
2023-09-05,2023-09-06,-0.006935831175888183,-0.008754186827366792,0.0018183556514786085,0.5,6,6,-0.006935831175888183,-0.0071858311758881835,-0.007435831175888183,OLS
2023-09-06,2023-09-07,0.004602497071327349,0.002409952291245708,0.002192544780081642,1.0,6,6,0.004602497071327349,0.004102497071327349,0.003602497071327349,OLS
2023-09-07,2023-09-08,0.002075984688124717,0.0017251791939682083,0.0003508054941565083,0.6666666666666666,6,6,0.002075984688124717,0.0017426513547913836,0.0014093180214580503,OLS
2023-09-08,2023-09-11,-0.0023492228223635416,0.000598015170085783,-0.0029472379924493247,0.8333333333333333,6,6,-0.0023492228223635416,-0.0027658894890302084,-0.003182556155696875,OLS
2023-09-11,2023-09-12,-0.005630038967936425,-0.000673530940178325,-0.0049565080277581,0.8333333333333333,6,6,-0.005630038967936425,-0.006046705634603092,-0.0064633723012697585,OLS
2023-09-12,2023-09-13,0.0006443433382148752,0.0025710873925257334,-0.001926744054310858,0.8333333333333333,6,6,0.0006443433382148752,0.00022767667154820854,-0.0001889899951184581,OLS
2023-09-13,2023-09-14,-0.005345279964870499,0.0036676495985328247,-0.009012929563403325,0.5,6,6,-0.005345279964870499,-0.005595279964870499,-0.0058452799648705,OLS
2023-09-14,2023-09-15,0.0008042698354722165,-0.002272716148536525,0.0030769859840087416,0.3333333333333333,6,6,0.0008042698354722165,0.0006376031688055499,0.0004709365021388832,OLS
2023-09-15,2023-09-18,-0.0024529637809115826,-0.0008442726951385082,-0.0016086910857730746,0.8333333333333333,6,6,-0.0024529637809115826,-0.0028696304475782494,-0.003286297114244916,OLS
2023-09-18,2023-09-19,-0.0037998482290383323,-0.004648137156909499,0.0008482889278711667,0.3333333333333333,6,6,-0.0037998482290383323,-0.003966514895704999,-0.004133181562371665,OLS
2023-09-19,2023-09-20,-0.008457653097122908,-0.009010276508622225,0.000552623411499317,0.8333333333333333,6,6,-0.008457653097122908,-0.008874319763789574,-0.009290986430456241,OLS
2023-09-20,2023-09-21,0.0005954710329480758,-0.005962515499062841,0.006557986532010916,1.0,6,6,0.0005954710329480758,9.547103294807577e-05,-0.00040452896705192424,OLS
2023-09-21,2023-09-22,-0.0008472421625512917,-0.002791636808571033,0.0019443946460197417,0.6666666666666666,6,6,-0.0008472421625512917,-0.001180575495884625,-0.0015139088292179582,OLS
2023-09-22,2023-09-25,0.0044027254412456335,0.004606644887861999,-0.00020391944661636682,0.6666666666666666,6,6,0.0044027254412456335,0.0040693921079123,0.003736058774578967,OLS
2023-09-25,2023-09-26,-0.0013896947250667591,-0.006291527012838167,0.004901832287771408,0.5,6,6,-0.0013896947250667591,-0.0016396947250667592,-0.0018896947250667592,OLS
2023-09-26,2023-09-27,0.0062056263342951164,0.0024970706211691162,0.0037085557131259993,0.5,6,6,0.0062056263342951164,0.005955626334295116,0.005705626334295116,OLS
2023-09-27,2023-09-28,0.00741596704625065,0.006226096323162183,0.0011898707230884667,0.5,6,6,0.00741596704625065,0.00716596704625065,0.0069159670462506494,OLS
2023-09-28,2023-09-29,-0.0024052602606557073,-0.00010481640624737513,-0.0023004438544083324,0.6666666666666666,6,6,-0.0024052602606557073,-0.0027385935939890408,-0.003071926927322374,OLS
2023-09-29,2023-10-02,-0.005622884119490351,-0.005127523697517958,-0.0004953604219723917,0.8333333333333333,6,6,-0.005622884119490351,-0.006039550786157017,-0.006456217452823684,OLS
2023-10-02,2023-10-03,0.00022974977566288406,-0.003625295893186133,0.0038550456688490158,0.3333333333333333,6,6,0.00022974977566288406,6.30831089962174e-05,-0.00010358355767044926,OLS
2023-10-03,2023-10-04,0.0009879868308958742,-0.0003004243685067999,0.001288411199402675,0.5,6,6,0.0009879868308958742,0.0007379868308958742,0.00048798683089587417,OLS
2023-10-04,2023-10-05,0.0008051043594974587,-0.002309545448396584,0.0031146498078940417,0.6666666666666666,6,6,0.0008051043594974587,0.00047177102616412534,0.00013843769283079202,OLS
2023-10-05,2023-10-06,0.0017175412873476753,0.003470680400989958,-0.0017531391136422834,1.3333333333333333,6,6,0.0017175412873476753,0.0010508746206810086,0.00038420795401434204,OLS
2023-10-06,2023-10-09,-0.0006408595338523666,0.00113639684904795,-0.0017772563829003165,0.3333333333333333,6,6,-0.0006408595338523666,-0.0008075262005190333,-0.0009741928671857,OLS
2023-10-09,2023-10-10,0.0005300399935041587,0.0025159650914485165,-0.001985925097944358,0.16666666666666666,6,6,0.0005300399935041587,0.00044670666017082534,0.000363373326837492,OLS
2023-10-10,2023-10-11,-0.0026802155236331413,-0.0003058078269651665,-0.0023744076966679753,0.8333333333333333,6,6,-0.0026802155236331413,-0.003096882190299808,-0.0035135488569664744,OLS
2023-10-11,2023-10-12,0.004315701053089191,-0.0003804250665078667,0.004696126119597058,0.6666666666666666,6,6,0.004315701053089191,0.003982367719755858,0.0036490343864225244,OLS
2023-10-12,2023-10-13,0.0027943858664418748,-0.0008630562418066251,0.0036574421082484995,0.8333333333333333,6,6,0.0027943858664418748,0.002377719199775208,0.0019610525331085413,OLS
2023-10-13,2023-10-16,0.0034966084380598414,0.0063826925627744995,-0.0028860841247146584,1.0,6,6,0.0034966084380598414,0.0029966084380598414,0.0024966084380598414,OLS
2023-10-16,2023-10-17,0.004255149692524358,0.0038103449094899,0.0004448047830344585,1.0,6,6,0.004255149692524358,0.003755149692524358,0.003255149692524358,OLS
2023-10-17,2023-10-18,0.007857715119990661,0.0002673223478490916,0.0075903927721415665,0.5,6,6,0.007857715119990661,0.007607715119990661,0.0073577151199906606,OLS
2023-10-18,2023-10-19,0.0039860434628473836,-0.0008365070001490999,0.004822550462996483,0.6666666666666666,6,6,0.0039860434628473836,0.00365271012951405,0.003319376796180717,OLS
2023-10-19,2023-10-20,-0.004067673447822691,-0.006772386594338667,0.0027047131465159748,0.3333333333333333,6,6,-0.004067673447822691,-0.004234340114489358,-0.004401006781156024,OLS
2023-10-20,2023-10-23,-0.00022341954668256658,-0.0030715139020704245,0.002848094355387858,0.8333333333333333,6,6,-0.00022341954668256658,-0.0006400862133492332,-0.0010567528800158998,OLS
2023-10-23,2023-10-24,0.0004134256268841581,0.003437228741722167,-0.0030238031148380083,0.5,6,6,0.0004134256268841581,0.0001634256268841581,-8.65743731158419e-05,OLS
2023-10-24,2023-10-25,-0.007434501787652924,-0.006444533520998541,-0.0009899682666543838,0.6666666666666666,6,6,-0.007434501787652924,-0.007767835120986257,-0.008101168454319591,OLS
2023-10-25,2023-10-26,-0.001841452652396125,-0.0010564343874806246,-0.0007850182649155002,0.5,6,6,-0.001841452652396125,-0.0020914526523961247,-0.002341452652396125,OLS
2023-10-26,2023-10-27,0.010667728317566216,0.0046627301389171585,0.006004998178649058,0.6666666666666666,6,6,0.010667728317566216,0.010334394984232883,0.01000106165089955,OLS
2023-10-27,2023-10-30,-0.00017557882691304955,0.008116971825887958,-0.008292550652801009,0.6666666666666666,6,6,-0.00017557882691304955,-0.0005089121602463828,-0.0008422454935797162,OLS
2023-10-30,2023-10-31,0.008974542646568025,0.006893166998131466,0.0020813756484365582,0.8333333333333333,6,6,0.008974542646568025,0.00855787597990136,0.008141209313234692,OLS
2023-10-31,2023-11-01,-0.004300229470201292,0.0006010849822272587,-0.004901314452428551,0.8333333333333333,6,6,-0.004300229470201292,-0.004716896136867959,-0.0051335628035346255,OLS
2023-11-01,2023-11-02,0.006355942992207165,0.016763993761479967,-0.010408050769272799,0.6666666666666666,6,6,0.006355942992207165,0.006022609658873832,0.005689276325540498,OLS
2023-11-02,2023-11-03,-0.0033255644706695654,0.0017408727907859752,-0.005066437261455541,0.8333333333333333,6,6,-0.0033255644706695654,-0.003742231137336232,-0.004158897804002899,OLS
2023-11-03,2023-11-06,0.0010027325368060084,0.000116303970646525,0.0008864285661594833,0.5,6,6,0.0010027325368060084,0.0007527325368060084,0.0005027325368060084,OLS
2023-11-06,2023-11-07,-0.0039274603856602665,-0.0016866328088353663,-0.0022408275768249003,0.6666666666666666,6,6,-0.0039274603856602665,-0.0042607937189936,-0.0045941270523269335,OLS
2023-11-07,2023-11-08,-0.002760790384229,-0.0027663750868656004,5.584702636599937e-06,0.6666666666666666,6,6,-0.002760790384229,-0.0030941237175623336,-0.0034274570508956667,OLS
2023-11-08,2023-11-09,0.0017489559343825583,-0.000511873328543875,0.002260829262926433,0.8333333333333333,6,6,0.0017489559343825583,0.0013322892677158915,0.000915622601049225,OLS
2023-11-09,2023-11-10,-0.008232557348986832,0.0031935637493072915,-0.011426121098294124,0.5,6,6,-0.008232557348986832,-0.008482557348986832,-0.008732557348986833,OLS
2023-11-10,2023-11-13,0.006523560873073407,0.002873057028756283,0.0036505038443171247,0.3333333333333333,6,6,0.006523560873073407,0.006356894206406741,0.006190227539740074,OLS
2023-11-13,2023-11-14,-0.009642435228479233,0.002881847419698416,-0.01252428264817765,0.6666666666666666,6,6,-0.009642435228479233,-0.009975768561812566,-0.0103091018951459,OLS
2023-11-14,2023-11-15,-0.007442424992920867,-0.00014442369085299183,-0.007298001302067874,0.6666666666666666,6,6,-0.007442424992920867,-0.0077757583262542,-0.008109091659587533,OLS
2023-11-15,2023-11-16,0.015369750416041824,-0.0007616672712973083,0.016131417687339132,1.0,6,6,0.015369750416041824,0.014869750416041824,0.014369750416041823,OLS
2023-11-16,2023-11-17,0.0009216803761452665,0.0015210271466249,-0.0005993467704796335,0.6666666666666666,6,6,0.0009216803761452665,0.0005883470428119332,0.0002550137094785999,OLS
2023-11-17,2023-11-20,0.003473886160570558,0.00621694966945055,-0.0027430635088799915,1.0,6,6,0.003473886160570558,0.002973886160570558,0.002473886160570558,OLS
2023-11-20,2023-11-21,0.003312154764140691,0.0006625778329043417,0.00264957693123635,1.0,6,6,0.003312154764140691,0.002812154764140691,0.002312154764140691,OLS
2023-11-21,2023-11-22,-0.0028067733291184996,0.0011720186972037916,-0.003978792026322292,0.8333333333333333,6,6,-0.0028067733291184996,-0.0032234399957851664,-0.0036401066624518327,OLS
2023-11-22,2023-11-24,0.0009731232758542303,0.001784387034056297,-0.0008112637582020666,0.8333333333333333,6,6,0.0009731232758542303,0.0005564566091875637,0.00013978994252089702,OLS
2023-11-24,2023-11-27,-0.00010989568074431665,-0.0009793886935058668,0.00086949301276155,1.0,6,6,-0.00010989568074431665,-0.0006098956807443167,-0.0011098956807443167,OLS
2023-11-27,2023-11-28,0.0011569284047114501,0.00014147723949919986,0.0010154511652122498,1.0,6,6,0.0011569284047114501,0.0006569284047114501,0.0001569284047114501,OLS
2023-11-28,2023-11-29,0.003930428067738025,0.004826247859061557,-0.0008958197913235333,0.8333333333333333,6,6,0.003930428067738025,0.003513761401071358,0.0030970947344046915,OLS
2023-11-29,2023-11-30,-0.0026867488490725853,0.0036578690479826077,-0.006344617897055193,0.8333333333333333,6,6,-0.0026867488490725853,-0.003103415515739252,-0.0035200821824059184,OLS
2023-11-30,2023-12-01,0.0008181094960764744,0.0055743774471783076,-0.004756267951101833,0.8333333333333333,6,6,0.0008181094960764744,0.00040144282940980777,-1.5223837256858868e-05,OLS
2023-12-01,2023-12-04,-0.0052951189676555335,-0.0044408215055360915,-0.0008542974621194416,0.5,6,6,-0.0052951189676555335,-0.005545118967655534,-0.005795118967655534,OLS
2023-12-04,2023-12-05,0.0005315184439635826,-0.000582567696478267,0.00111408614044185,1.0,6,6,0.0005315184439635826,3.1518443963582604e-05,-0.0004684815560364174,OLS
2023-12-05,2023-12-06,-0.001848990728670642,-0.004339936987829483,0.002490946259158841,0.6666666666666666,6,6,-0.001848990728670642,-0.0021823240620039755,-0.0025156573953373086,OLS
2023-12-06,2023-12-07,0.0037371038834879667,0.002343654378718983,0.0013934495047689833,0.8333333333333333,6,6,0.0037371038834879667,0.0033204372168213,0.0029037705501546336,OLS
2023-12-07,2023-12-08,0.0034214294115853332,0.006264941885975216,-0.002843512474389883,0.6666666666666666,6,6,0.0034214294115853332,0.0030880960782519997,0.0027547627449186667,OLS
2023-12-08,2023-12-11,-0.0011536687822849842,0.002318692448919541,-0.003472361231204525,0.6666666666666666,6,6,-0.0011536687822849842,-0.0014870021156183175,-0.0018203354489516508,OLS
2023-12-11,2023-12-12,0.004444553480443609,-0.003003677103305358,0.007448230583748964,0.5,6,6,0.004444553480443609,0.004194553480443609,0.0039445534804436085,OLS
2023-12-12,2023-12-13,-0.002811977198956409,0.0029867380740382244,-0.005798715272994632,0.3333333333333333,6,6,-0.002811977198956409,-0.0029786438656230754,-0.0031453105322897424,OLS
2023-12-13,2023-12-14,-0.00519438561851695,0.004392183683204691,-0.009586569301721642,0.8333333333333333,6,6,-0.00519438561851695,-0.005611052285183616,-0.006027718951850283,OLS
2023-12-14,2023-12-15,0.007402998387436224,0.007633995296270366,-0.00023099690883414165,0.5,6,6,0.007402998387436224,0.0071529983874362235,0.006902998387436224,OLS
2023-12-15,2023-12-18,0.004785883205506107,0.003502524190019841,0.0012833590154862665,0.8333333333333333,6,6,0.004785883205506107,0.0043692165388394405,0.003952549872172774,OLS
2023-12-18,2023-12-19,0.0021132652421406673,0.0069148794682405085,-0.004801614226099841,0.8333333333333333,6,6,0.0021132652421406673,0.0016965985754740006,0.001279931908807334,OLS
2023-12-19,2023-12-20,-0.0004833914055487246,-0.006844970151295166,0.006361578745746442,0.6666666666666666,6,6,-0.0004833914055487246,-0.000816724738882058,-0.0011500580722153912,OLS
2023-12-20,2023-12-21,-0.000991264607148132,0.004476418860850467,-0.005467683467998599,0.5,6,6,-0.000991264607148132,-0.001241264607148132,-0.001491264607148132,OLS
2023-12-21,2023-12-22,0.013117357815075517,0.0030762477505960665,0.01004111006447945,0.6666666666666666,6,6,0.013117357815075517,0.012784024481742184,0.012450691148408851,OLS
2023-12-22,2023-12-26,-0.004737352731336513,0.0012311250758274266,-0.005968477807163941,1.0,6,6,-0.004737352731336513,-0.005237352731336513,-0.005737352731336513,OLS
2023-12-26,2023-12-27,0.00022658889242640015,0.0014110884212583997,-0.001184499528832,0.6666666666666666,6,6,0.00022658889242640015,-0.00010674444090693318,-0.0004400777742402665,OLS
2023-12-27,2023-12-28,0.0007509068246173917,0.00132292487852055,-0.0005720180539031583,0.5,6,6,0.0007509068246173917,0.0005009068246173917,0.0002509068246173917,OLS
2023-12-28,2023-12-29,0.0003701951734504833,-0.00022430983676618334,0.0005945050102166667,0.8333333333333333,6,6,0.0003701951734504833,-4.647149321618336e-05,-0.00046313815988285,OLS
2023-12-29,2024-01-02,0.0053923280598105845,0.0009759298189700922,0.004416398240840492,0.6666666666666666,6,6,0.0053923280598105845,0.0050589947264772514,0.0047256613931439175,OLS
2024-01-02,2024-01-03,-0.005045138519215649,-0.0061815439735612,0.00113640545434555,1.6666666666666665,6,6,-0.005045138519215649,-0.0058784718525489825,-0.006711805185882316,OLS
2024-01-03,2024-01-04,-0.0014277623050924502,-0.002686472107379933,0.0012587098022874832,0.5,6,6,-0.0014277623050924502,-0.0016777623050924502,-0.0019277623050924502,OLS
2024-01-04,2024-01-05,0.004994266764156333,0.0031967675861351253,0.001797499178021208,0.6666666666666666,6,6,0.004994266764156333,0.004660933430823,0.004327600097489666,OLS
2024-01-05,2024-01-08,-0.004283534317240809,-0.001963623100428368,-0.0023199112168124413,0.5,6,6,-0.004283534317240809,-0.004533534317240809,-0.004783534317240809,OLS
2024-01-08,2024-01-09,-0.002486915851412942,-0.005301758614040692,0.0028148427626277497,0.5,6,6,-0.002486915851412942,-0.0027369158514129422,-0.002986915851412942,OLS
2024-01-09,2024-01-10,-0.0003761093453288665,-0.0005197050753966001,0.00014359573006773342,0.5,6,6,-0.0003761093453288665,-0.0006261093453288665,-0.0008761093453288665,OLS
2024-01-10,2024-01-11,-0.0008160061049330167,-0.00048728374317682507,-0.0003287223617561917,0.6666666666666666,6,6,-0.0008160061049330167,-0.00114933943826635,-0.0014826727715996834,OLS
2024-01-11,2024-01-12,0.002505650829303958,0.0024063430261815413,9.930780312241669e-05,0.6666666666666666,6,6,0.002505650829303958,0.0021723174959706244,0.0018389841626372913,OLS
2024-01-12,2024-01-16,-0.003484704324382066,-0.00605550541237075,0.0025708010879886833,0.3333333333333333,6,6,-0.003484704324382066,-0.0036513709910487324,-0.0038180376577153993,OLS
2024-01-16,2024-01-17,0.0005998712858324086,-0.0035800848053743842,0.0041799560912067915,0.8333333333333333,6,6,0.0005998712858324086,0.00018320461916574197,-0.00023346204750092467,OLS
2024-01-17,2024-01-18,-0.0027825137858090835,0.0021000700220162078,-0.004882583807825291,0.6666666666666666,6,6,-0.0027825137858090835,-0.003115847119142417,-0.00344918045247575,OLS
2024-01-18,2024-01-19,-0.0011608149594696758,0.006279961411566784,-0.007440776371036458,1.1666666666666665,6,6,-0.0011608149594696758,-0.001744148292803009,-0.0023274816261363426,OLS
2024-01-19,2024-01-22,-0.00031970905540407656,0.0013758807578448983,-0.001695589813248975,0.6666666666666666,6,6,-0.00031970905540407656,-0.0006530423887374098,-0.0009863757220707433,OLS
2024-01-22,2024-01-23,0.0006055521333836419,0.0016181597370454335,-0.0010126076036617916,0.5,6,6,0.0006055521333836419,0.0003555521333836419,0.00010555213338364188,OLS
2024-01-23,2024-01-24,0.003587473271279982,0.0005899406924330917,0.0029975325788468904,0.8333333333333333,6,6,0.003587473271279982,0.003170806604613315,0.0027541399379466484,OLS
2024-01-24,2024-01-25,-0.006229132108820173,-0.0002518097341862569,-0.005977322374633916,0.6666666666666666,6,6,-0.006229132108820173,-0.0065624654421535065,-0.00689579877548684,OLS
2024-01-25,2024-01-26,0.018723942469060024,0.002950851301430658,0.015773091167629368,0.6666666666666666,6,6,0.018723942469060024,0.01839060913572669,0.018057275802393358,OLS
2024-01-26,2024-01-29,0.0008360650365230999,0.0011520983674954998,-0.0003160333309724,0.6666666666666666,6,6,0.0008360650365230999,0.0005027317031897666,0.0001693983698564332,OLS
2024-01-29,2024-01-30,-0.0004850620214549083,-0.001163312389043075,0.0006782503675881666,0.5,6,6,-0.0004850620214549083,-0.0007350620214549082,-0.0009850620214549083,OLS
2024-01-30,2024-01-31,-0.0018711376136994503,-0.006630209744233358,0.004759072130533908,1.0,6,6,-0.0018711376136994503,-0.0023711376136994504,-0.0028711376136994504,OLS
2024-01-31,2024-02-01,0.002161582154653642,0.003922197040994051,-0.0017606148863404082,0.8333333333333333,6,6,0.002161582154653642,0.0017449154879869751,0.0013282488213203086,OLS
2024-02-01,2024-02-02,-0.003967806342365658,-0.0038895496679674326,-7.825667439822505e-05,0.8333333333333333,6,6,-0.003967806342365658,-0.004384473009032325,-0.004801139675698992,OLS
2024-02-02,2024-02-05,0.0029258168325079336,-0.0009383330411636832,0.0038641498736716167,0.8333333333333333,6,6,0.0029258168325079336,0.002509150165841267,0.0020924834991746,OLS
2024-02-05,2024-02-06,0.006989192439449091,0.005603168949193865,0.001386023490255225,0.5,6,6,0.006989192439449091,0.006739192439449091,0.006489192439449091,OLS
2024-02-06,2024-02-07,0.008351429593503958,0.0036261855734852164,0.00472524402001874,0.5,6,6,0.008351429593503958,0.008101429593503958,0.007851429593503958,OLS
2024-02-07,2024-02-08,0.0005374046577080418,-0.0006975908754253249,0.0012349955331333665,0.5,6,6,0.0005374046577080418,0.0002874046577080418,3.740465770804178e-05,OLS
2024-02-08,2024-02-09,0.008128062964111357,0.0033109792320224246,0.004817083732088933,0.3333333333333333,6,6,0.008128062964111357,0.00796139629744469,0.007794729630778024,OLS
2024-02-09,2024-02-12,-0.0008709242036065672,0.002786742931075008,-0.0036576671346815752,0.5,6,6,-0.0008709242036065672,-0.001120924203606567,-0.0013709242036065673,OLS
2024-02-12,2024-02-13,0.001171410279023286,-0.008293239611160868,0.00946464989018415,0.8333333333333333,6,6,0.001171410279023286,0.0007547436123566193,0.00033807694568995265,OLS
2024-02-13,2024-02-14,-3.052808663609152e-05,0.0011412692901324331,-0.0011717973767685248,0.5,6,6,-3.052808663609152e-05,-0.0002805280866360915,-0.0005305280866360915,OLS
2024-02-14,2024-02-15,0.0011838059407424,0.0019637553462380167,-0.0007799494054956165,0.8333333333333333,6,6,0.0011838059407424,0.0007671392740757334,0.00035047260740906673,OLS
2024-02-15,2024-02-16,-0.0019923169402444336,-0.0027245683565443497,0.0007322514162999166,0.3333333333333333,6,6,-0.0019923169402444336,-0.0021589836069111,-0.002325650273577767,OLS
2024-02-16,2024-02-20,-0.006999762167258208,-0.0038587556509718578,-0.00314100651628635,0.5,6,6,-0.006999762167258208,-0.007249762167258208,-0.007499762167258207,OLS
2024-02-20,2024-02-21,0.0025433111804163003,0.0035672642125760003,-0.0010239530321597002,0.5,6,6,0.0025433111804163003,0.0022933111804163,0.0020433111804163003,OLS
2024-02-21,2024-02-22,-0.0016979225452674208,0.002950411844577229,-0.00464833438984465,0.5,6,6,-0.0016979225452674208,-0.0019479225452674208,-0.0021979225452674208,OLS
2024-02-22,2024-02-23,0.0017178662465477414,0.0026461219057218746,-0.0009282556591741334,0.6666666666666666,6,6,0.0017178662465477414,0.0013845329132144081,0.0010511995798810746,OLS
2024-02-23,2024-02-26,-0.00760471273845705,-0.004564029799770125,-0.003040682938686925,0.6666666666666666,6,6,-0.00760471273845705,-0.007938046071790383,-0.008271379405123716,OLS
2024-02-26,2024-02-27,-0.0020660230376395748,-0.0014160907049226997,-0.0006499323327168749,0.8333333333333333,6,6,-0.0020660230376395748,-0.0024826897043062415,-0.0028993563709729083,OLS
2024-02-27,2024-02-28,0.0022457469305382583,0.0013215750796421917,0.0009241718508960667,0.8333333333333333,6,6,0.0022457469305382583,0.0018290802638715915,0.001412413597204925,OLS
2024-02-28,2024-02-29,-0.005122580697135583,-0.0016094310840511755,-0.003513149613084408,0.6666666666666666,6,6,-0.005122580697135583,-0.005455914030468916,-0.00578924736380225,OLS
2024-02-29,2024-03-01,-0.0007578968423135415,0.0007166266645330418,-0.0014745235068465835,0.6666666666666666,6,6,-0.0007578968423135415,-0.0010912301756468748,-0.001424563508980208,OLS
2024-03-01,2024-03-04,0.000771094335821117,-0.0024168245912039575,0.0031879189270250753,0.6666666666666666,6,6,0.000771094335821117,0.00043776100248778363,0.00010442766915445031,OLS
2024-03-04,2024-03-05,-0.005873141960046884,-0.01160095856507805,0.005727816605031166,1.0,6,6,-0.005873141960046884,-0.006373141960046885,-0.006873141960046884,OLS
2024-03-05,2024-03-06,0.004682254407489575,0.0028644970368288504,0.0018177573706607247,1.0,6,6,0.004682254407489575,0.004182254407489575,0.0036822544074895753,OLS
2024-03-06,2024-03-07,0.006580120111026017,0.005938787684032025,0.0006413324269939916,1.1666666666666665,6,6,0.006580120111026017,0.005996786777692683,0.00541345344435935,OLS
2024-03-07,2024-03-08,-0.004499024624266884,-0.004093912398658908,-0.00040511222560797496,0.8333333333333333,6,6,-0.004499024624266884,-0.0049156912909335505,-0.005332357957600217,OLS
2024-03-08,2024-03-11,0.004835051231513141,0.004763362856329516,7.168837518362514e-05,1.0,6,6,0.004835051231513141,0.0043350512315131415,0.003835051231513141,OLS
2024-03-11,2024-03-12,-0.017336287143252728,-0.0024574613232405916,-0.014878825820012133,0.6666666666666666,6,6,-0.017336287143252728,-0.017669620476586063,-0.018002953809919394,OLS
2024-03-12,2024-03-13,0.0008479970398151751,-0.0012359780159868251,0.0020839750558020002,0.5,6,6,0.0008479970398151751,0.0005979970398151751,0.0003479970398151751,OLS
2024-03-13,2024-03-14,-0.004761752266329632,-0.004603424251514525,-0.00015832801481510715,0.3333333333333333,6,6,-0.004761752266329632,-0.004928418932996299,-0.005095085599662965,OLS
2024-03-14,2024-03-15,0.001888170557475288,0.00016198834680684166,0.0017261822106684468,0.6666666666666666,6,6,0.001888170557475288,0.0015548372241419547,0.0012215038908086214,OLS
2024-03-15,2024-03-18,-0.00741072482394505,-0.0022468936535518496,-0.0051638311703932,0.6666666666666666,6,6,-0.00741072482394505,-0.007744058157278383,-0.008077391490611716,OLS
2024-03-18,2024-03-19,-0.004483760020420774,-0.001724100164785675,-0.0027596598556350995,0.6666666666666666,6,6,-0.004483760020420774,-0.004817093353754107,-0.005150426687087441,OLS
2024-03-19,2024-03-20,0.0032500586668381417,0.006058391957900949,-0.002808333291062808,0.5,6,6,0.0032500586668381417,0.003000058666838142,0.0027500586668381417,OLS
2024-03-20,2024-03-21,-0.001515138738169417,0.0028310336791115167,-0.0043461724172809335,0.8333333333333333,6,6,-0.001515138738169417,-0.0019318054048360835,-0.0023484720715027502,OLS
2024-03-21,2024-03-22,0.006132203059501974,-0.0015546443377445754,0.007686847397246549,1.0,6,6,0.006132203059501974,0.005632203059501973,0.005132203059501974,OLS
2024-03-22,2024-03-25,-0.001140048029750092,-0.002740719463211925,0.0016006714334618332,0.3333333333333333,6,6,-0.001140048029750092,-0.0013067146964167587,-0.0014733813630834253,OLS
2024-03-25,2024-03-26,-0.002320227619721725,-0.0024272771435155,0.00010704952379377497,0.5,6,6,-0.002320227619721725,-0.002570227619721725,-0.002820227619721725,OLS
2024-03-26,2024-03-27,-0.000690639996916308,0.009141199275783225,-0.009831839272699533,0.6666666666666666,6,6,-0.000690639996916308,-0.0010239733302496413,-0.0013573066635829746,OLS
2024-03-27,2024-03-28,0.0011552036619513334,0.002238830345893033,-0.0010836266839416998,0.6666666666666666,6,6,0.0011552036619513334,0.0008218703286180002,0.0004885369952846668,OLS
2024-03-28,2024-04-01,0.005029391975733967,-0.00032491923293383293,0.0053543112086678,0.6666666666666666,6,6,0.005029391975733967,0.004696058642400634,0.0043627253090673,OLS
2024-04-01,2024-04-02,-0.0021312712679913705,-0.0041435025001693914,0.002012231232178021,0.5,6,6,-0.0021312712679913705,-0.0023812712679913703,-0.0026312712679913705,OLS
2024-04-02,2024-04-03,-0.0084814862531673,-0.008508019798070608,2.6533544903307776e-05,0.8333333333333333,6,6,-0.0084814862531673,-0.008898152919833965,-0.009314819586500633,OLS
2024-04-03,2024-04-04,-0.004002988128299375,-0.007707794380163684,0.0037048062518643073,0.6666666666666666,6,6,-0.004002988128299375,-0.004336321461632708,-0.004669654794966042,OLS
2024-04-04,2024-04-05,-0.0032788315201409918,-0.001118617470361925,-0.002160214049779067,1.0,6,6,-0.0032788315201409918,-0.0037788315201409918,-0.004278831520140991,OLS
2024-04-05,2024-04-08,-0.000834052553705275,-0.0008530620913057749,1.9009537600500094e-05,0.5,6,6,-0.000834052553705275,-0.001084052553705275,-0.001334052553705275,OLS
2024-04-08,2024-04-09,0.0007434645507236917,0.0009377485969730249,-0.00019428404624933338,0.6666666666666666,6,6,0.0007434645507236917,0.00041013121739035837,7.679788405702504e-05,OLS
2024-04-09,2024-04-10,-0.008169470970968283,-0.0103995450491975,0.0022300740782292164,0.6666666666666666,6,6,-0.008169470970968283,-0.008502804304301616,-0.00883613763763495,OLS
2024-04-10,2024-04-11,0.0029890072227152418,0.00490185951241905,-0.0019128522897038083,1.0,6,6,0.0029890072227152418,0.0024890072227152418,0.0019890072227152417,OLS
2024-04-11,2024-04-12,-0.0004966436830118924,-0.007748288500634292,0.007251644817622399,0.8333333333333333,6,6,-0.0004966436830118924,-0.0009133103496785591,-0.0013299770163452257,OLS
2024-04-12,2024-04-15,0.0023648422341970418,0.0005471308340904418,0.0018177114001065998,0.5,6,6,0.0023648422341970418,0.0021148422341970416,0.0018648422341970418,OLS
2024-04-15,2024-04-16,0.006735151004751616,0.002869594395641992,0.003865556609109624,0.3333333333333333,6,6,0.006735151004751616,0.006568484338084949,0.006401817671418283,OLS
2024-04-16,2024-04-17,-0.003638630585157783,0.0005741131134884836,-0.004212743698646266,0.5,6,6,-0.003638630585157783,-0.003888630585157783,-0.004138630585157782,OLS
2024-04-17,2024-04-18,-0.0037166100102614995,-0.0016131927090084833,-0.0021034173012530167,0.5,6,6,-0.0037166100102614995,-0.0039666100102615,-0.004216610010261499,OLS
2024-04-18,2024-04-19,0.00200784050631785,0.0025822178044727587,-0.0005743772981549086,0.5,6,6,0.00200784050631785,0.00175784050631785,0.00150784050631785,OLS
2024-04-19,2024-04-22,-0.0001234914150822009,0.0037850803849112744,-0.003908571799993475,0.8333333333333333,6,6,-0.0001234914150822009,-0.0005401580817488676,-0.0009568247484155342,OLS
2024-04-22,2024-04-23,0.003819835979288007,0.0005401544157667914,0.0032796815635212162,0.8333333333333333,6,6,0.003819835979288007,0.0034031693126213404,0.0029865026459546737,OLS
2024-04-23,2024-04-24,-0.0028874315503899916,0.0033431573725061243,-0.006230588922896117,0.5,6,6,-0.0028874315503899916,-0.003137431550389992,-0.0033874315503899916,OLS
2024-04-24,2024-04-25,0.007035426417148677,-0.000352640680450408,0.007388067097599082,0.3333333333333333,6,6,0.007035426417148677,0.00686875975048201,0.006702093083815344,OLS
2024-04-25,2024-04-26,-0.007141763462856541,-0.004704199262042183,-0.0024375642008143583,0.6666666666666666,6,6,-0.007141763462856541,-0.007475096796189874,-0.007808430129523208,OLS
2024-04-26,2024-04-29,0.005188156851154126,0.005974159766635767,-0.0007860029154816416,0.8333333333333333,6,6,0.005188156851154126,0.004771490184487459,0.004354823517820792,OLS
2024-04-29,2024-04-30,-0.004331459632309843,-0.011318965203912923,0.006987505571603082,1.0,6,6,-0.004331459632309843,-0.004831459632309843,-0.005331459632309843,OLS
2024-04-30,2024-05-01,-0.00465447161038614,-0.0025399241299530746,-0.002114547480433067,1.1666666666666665,6,6,-0.00465447161038614,-0.005237804943719474,-0.005821138277052807,OLS
2024-05-01,2024-05-02,0.0017250888043622015,0.009552920316984183,-0.007827831512621983,1.0,6,6,0.0017250888043622015,0.0012250888043622015,0.0007250888043622014,OLS
2024-05-02,2024-05-03,0.0037804006692226753,0.0022004088596214414,0.001579991809601233,0.8333333333333333,6,6,0.0037804006692226753,0.0033637340025560085,0.0029470673358893418,OLS
2024-05-03,2024-05-06,-0.0040822629160684595,0.0008108254419173748,-0.004893088357985833,0.8333333333333333,6,6,-0.0040822629160684595,-0.004498929582735126,-0.004915596249401793,OLS
2024-05-06,2024-05-07,0.004433430166430575,0.0018958533289609003,0.002537576837469675,0.3333333333333333,6,6,0.004433430166430575,0.004266763499763909,0.004100096833097242,OLS
2024-05-07,2024-05-08,-0.0028836630720781176,0.0017347381780751412,-0.004618401250153259,0.6666666666666666,6,6,-0.0028836630720781176,-0.003216996405411451,-0.003550329738744784,OLS
2024-05-08,2024-05-09,-0.004778949385459117,0.003459907048575966,-0.008238856434035081,0.8333333333333333,6,6,-0.004778949385459117,-0.005195616052125784,-0.005612282718792451,OLS
2024-05-09,2024-05-10,-0.0045792225741564906,-0.0023295896800405165,-0.0022496328941159745,0.8333333333333333,6,6,-0.0045792225741564906,-0.004995889240823157,-0.005412555907489824,OLS
2024-05-10,2024-05-13,0.0020956233042508,0.0029054407433042337,-0.0008098174390534334,0.8333333333333333,6,6,0.0020956233042508,0.0016789566375841332,0.0012622899709174666,OLS
2024-05-13,2024-05-14,0.002650510932142775,0.0036699939322908997,-0.0010194830001481248,0.6666666666666666,6,6,0.002650510932142775,0.0023171775988094414,0.0019838442654761083,OLS
2024-05-14,2024-05-15,-0.005876112855338341,0.001775498566629225,-0.007651611421967566,0.5,6,6,-0.005876112855338341,-0.006126112855338341,-0.006376112855338342,OLS
2024-05-15,2024-05-16,0.005172656536367224,0.006058650168161383,-0.0008859936317941581,0.5,6,6,0.005172656536367224,0.004922656536367224,0.004672656536367224,OLS
2024-05-16,2024-05-17,-0.004146544833179058,-0.001163435301391,-0.002983109531788058,0.5,6,6,-0.004146544833179058,-0.004396544833179058,-0.004646544833179058,OLS
2024-05-17,2024-05-20,0.008328874941452591,0.0001896153761127995,0.00813925956533979,1.0,6,6,0.008328874941452591,0.00782887494145259,0.007328874941452591,OLS
2024-05-20,2024-05-21,-0.006524579869668067,7.627915161266714e-06,-0.006532207784829333,0.8333333333333333,6,6,-0.006524579869668067,-0.0069412465363347334,-0.0073579132030014,OLS
2024-05-21,2024-05-22,0.004407220536195468,0.0004526556241694914,0.003954564912025975,0.5,6,6,0.004407220536195468,0.004157220536195468,0.003907220536195468,OLS
2024-05-22,2024-05-23,-0.007414947377404373,-0.015671309256139847,0.008256361878735475,0.3333333333333333,6,6,-0.007414947377404373,-0.00758161404407104,-0.007748280710737706,OLS
2024-05-23,2024-05-24,-0.0006170997632507582,0.002735393802208583,-0.0033524935654593415,0.8333333333333333,6,6,-0.0006170997632507582,-0.0010337664299174248,-0.0014504330965840915,OLS
2024-05-24,2024-05-28,0.0036455864563011715,-0.001096152509224329,0.0047417389655255,0.8333333333333333,6,6,0.0036455864563011715,0.0032289197896345047,0.002812253122967838,OLS
2024-05-28,2024-05-29,-0.0032540292147525745,-0.007752028869849241,0.004497999655096667,0.8333333333333333,6,6,-0.0032540292147525745,-0.0036706958814192413,-0.004087362548085908,OLS
2024-05-29,2024-05-30,0.004472528178249083,0.004062701149127483,0.00040982702912160013,0.5,6,6,0.004472528178249083,0.004222528178249083,0.003972528178249083,OLS
2024-05-30,2024-05-31,0.002557518086361067,0.010682550212650542,-0.008125032126289474,0.8333333333333333,6,6,0.002557518086361067,0.0021408514196944004,0.0017241847530277338,OLS
2024-05-31,2024-06-03,0.006552207200358908,0.0032309167608335753,0.003321290439525333,0.6666666666666666,6,6,0.006552207200358908,0.006218873867025575,0.005885540533692241,OLS
2024-06-03,2024-06-04,-0.0026059859805173326,0.0001733750526148668,-0.0027793610331322,0.6666666666666666,6,6,-0.0026059859805173326,-0.002939319313850666,-0.003272652647183999,OLS
2024-06-04,2024-06-05,0.006737694105567658,0.006096143524101891,0.0006415505814657664,0.6666666666666666,6,6,0.006737694105567658,0.006404360772234325,0.006071027438900991,OLS
2024-06-05,2024-06-06,-0.006212259314392274,-0.0037121418262143326,-0.0025001174881779413,0.8333333333333333,6,6,-0.006212259314392274,-0.006628925981058941,-0.007045592647725607,OLS
2024-06-06,2024-06-07,-0.001386417920337859,-0.0011050817735178253,-0.00028133614682003343,1.1666666666666665,6,6,-0.001386417920337859,-0.001969751253671192,-0.0025530845870045255,OLS
2024-06-07,2024-06-10,0.0020597829443231666,0.0008177663660933752,0.0012420165782297916,0.8333333333333333,6,6,0.0020597829443231666,0.0016431162776564998,0.0012264496109898333,OLS
2024-06-10,2024-06-11,-0.006143958700162475,-0.0004055492072565917,-0.0057384094929058835,0.5,6,6,-0.006143958700162475,-0.006393958700162475,-0.006643958700162475,OLS
2024-06-11,2024-06-12,-0.0015348524952552669,-0.000739047676497217,-0.0007958048187580499,0.8333333333333333,6,6,-0.0015348524952552669,-0.0019515191619219334,-0.0023681858285886,OLS
2024-06-12,2024-06-13,-0.0017693551749120334,-0.0010292589716893001,-0.0007400962032227332,0.3333333333333333,6,6,-0.0017693551749120334,-0.0019360218415787002,-0.002102688508245367,OLS
2024-06-13,2024-06-14,-0.001617750400766833,-0.0022184219852077335,0.0006006715844409001,0.6666666666666666,6,6,-0.001617750400766833,-0.0019510837341001662,-0.0022844170674334997,OLS
2024-06-14,2024-06-17,0.001454520513131141,0.005134984125917442,-0.0036804636127863,1.0,6,6,0.001454520513131141,0.000954520513131141,0.000454520513131141,OLS
2024-06-17,2024-06-18,-0.001991393519371025,0.0018119344821437336,-0.0038033280015147587,1.0,6,6,-0.001991393519371025,-0.002491393519371025,-0.002991393519371025,OLS
2024-06-18,2024-06-20,0.007520250219683482,0.0020042402989098583,0.0055160099207736246,0.8333333333333333,6,6,0.007520250219683482,0.007103583553016816,0.006686916886350149,OLS
2024-06-20,2024-06-21,0.0020382192206801993,0.0009895502692211914,0.001048668951459008,0.5,6,6,0.0020382192206801993,0.0017882192206801993,0.0015382192206801993,OLS
2024-06-21,2024-06-24,-0.013416528118224623,-0.005603008863587824,-0.0078135192546368,1.1666666666666665,6,6,-0.013416528118224623,-0.013999861451557957,-0.01458319478489129,OLS
2024-06-24,2024-06-25,0.00038006054475480007,-0.0022351239736989664,0.002615184518453767,0.8333333333333333,6,6,0.00038006054475480007,-3.660612191186657e-05,-0.0004532727885785332,OLS
2024-06-25,2024-06-26,0.0019225860254026496,0.00010506447035695833,0.0018175215550456916,0.5,6,6,0.0019225860254026496,0.0016725860254026496,0.0014225860254026496,OLS
2024-06-26,2024-06-27,0.004297550619709342,0.0028568309923355244,0.001440719627373817,0.8333333333333333,6,6,0.004297550619709342,0.003880883953042675,0.0034642172863760083,OLS
2024-06-27,2024-06-28,0.014115895135702158,0.0015490459374763665,0.012566849198225791,0.6666666666666666,6,6,0.014115895135702158,0.013782561802368825,0.013449228469035492,OLS
2024-06-28,2024-07-01,0.004557022579597799,0.006729913096561074,-0.0021728905169632754,1.0,6,6,0.004557022579597799,0.004057022579597799,0.0035570225795977994,OLS
2024-07-01,2024-07-02,-0.0030431318449334424,0.001165441059137408,-0.004208572904070849,0.5,6,6,-0.0030431318449334424,-0.003293131844933442,-0.0035431318449334424,OLS
2024-07-02,2024-07-03,-0.0008279428481758088,0.0004750121502651829,-0.0013029549984409918,1.0,6,6,-0.0008279428481758088,-0.0013279428481758088,-0.0018279428481758088,OLS
2024-07-03,2024-07-05,0.002338198375120908,0.0030365289723726916,-0.0006983305972517834,1.0,6,6,0.002338198375120908,0.001838198375120908,0.001338198375120908,OLS
2024-07-05,2024-07-08,0.0056151622805837905,0.005085378802661716,0.0005297834779220747,0.8333333333333333,6,6,0.0056151622805837905,0.005198495613917124,0.004781828947250457,OLS
2024-07-08,2024-07-09,-0.0027292370093717332,-0.003901749603295425,0.0011725125939236914,0.6666666666666666,6,6,-0.0027292370093717332,-0.0030625703427050667,-0.0033959036760383998,OLS
2024-07-09,2024-07-10,-0.0003565396484232336,0.005495817148409308,-0.0058523567968325405,0.5,6,6,-0.0003565396484232336,-0.0006065396484232336,-0.0008565396484232336,OLS
2024-07-10,2024-07-11,0.004980598849287309,0.004092860057535015,0.0008877387917522917,0.5,6,6,0.004980598849287309,0.004730598849287309,0.0044805988492873094,OLS
2024-07-11,2024-07-12,-0.0004775166747815502,-0.0005574637097987255,7.99470350171752e-05,1.0,6,6,-0.0004775166747815502,-0.0009775166747815502,-0.0014775166747815502,OLS
2024-07-12,2024-07-15,-0.005659758321593425,0.0005319830469541417,-0.0061917413685475655,0.6666666666666666,6,6,-0.005659758321593425,-0.005993091654926758,-0.006326424988260092,OLS
2024-07-15,2024-07-16,-0.002623434633711298,0.007776106138800283,-0.010399540772511581,0.6666666666666666,6,6,-0.002623434633711298,-0.0029567679670446313,-0.0032901013003779644,OLS
2024-07-16,2024-07-17,0.010633546826073781,0.0027555342819625,0.007878012544111282,0.3333333333333333,6,6,0.010633546826073781,0.010466880159407114,0.010300213492740448,OLS
2024-07-17,2024-07-18,0.0006976434650622667,-0.0065808004087083245,0.007278443873770592,0.3333333333333333,6,6,0.0006976434650622667,0.0005309767983956,0.00036431013172893333,OLS
2024-07-18,2024-07-19,-0.0010429332781399002,-0.006721559207996774,0.005678625929856874,0.6666666666666666,6,6,-0.0010429332781399002,-0.0013762666114732335,-0.0017095999448065668,OLS
2024-07-19,2024-07-22,0.0009101655852872159,0.0021058892729665666,-0.0011957236876793504,0.8333333333333333,6,6,0.0009101655852872159,0.0004934989186205493,7.683225195388266e-05,OLS
2024-07-22,2024-07-23,0.006236098133685633,0.00046560323928236647,0.005770494894403266,0.5,6,6,0.006236098133685633,0.0059860981336856325,0.005736098133685632,OLS
2024-07-23,2024-07-24,-0.013995488292543243,-0.013149614402907173,-0.000845873889636071,0.6666666666666666,6,6,-0.013995488292543243,-0.014328821625876577,-0.01466215495920991,OLS
2024-07-24,2024-07-25,0.0013099043724342666,0.0017189021614459584,-0.00040899778901169173,1.0,6,6,0.0013099043724342666,0.0008099043724342665,0.00030990437243426654,OLS
2024-07-25,2024-07-26,0.001382276605663633,0.006750433537042358,-0.005368156931378725,0.16666666666666666,6,6,0.001382276605663633,0.0012989432723302997,0.0012156099389969662,OLS
2024-07-26,2024-07-29,-0.002599277107421233,-0.003561290964432133,0.0009620138570108998,0.5,6,6,-0.002599277107421233,-0.0028492771074212333,-0.003099277107421233,OLS
2024-07-29,2024-07-30,-0.006109065266686299,-0.0069261405760038496,0.0008170753093175499,0.8333333333333333,6,6,-0.006109065266686299,-0.006525731933352966,-0.006942398600019633,OLS
2024-07-30,2024-07-31,0.00997738822653411,0.004182250708977833,0.005795137517556274,0.8333333333333333,6,6,0.00997738822653411,0.009560721559867444,0.009144054893200776,OLS
2024-07-31,2024-08-01,-0.011642634051639681,-0.019704155765832006,0.008061521714192325,0.8333333333333333,6,6,-0.011642634051639681,-0.012059300718306347,-0.012475967384973015,OLS
2024-08-01,2024-08-02,-0.007754004070704284,-0.016888490244308302,0.009134486173604017,1.0,6,6,-0.007754004070704284,-0.008254004070704283,-0.008754004070704284,OLS
2024-08-02,2024-08-05,-0.003178713066126493,-0.015730162922284466,0.012551449856157974,0.6666666666666666,6,6,-0.003178713066126493,-0.0035120463994598263,-0.0038453797327931594,OLS
2024-08-05,2024-08-06,-0.003572915294220374,-0.00158285052282775,-0.001990064771392625,0.5,6,6,-0.003572915294220374,-0.0038229152942203743,-0.004072915294220374,OLS
2024-08-06,2024-08-07,-0.002461386531425833,-0.006690407155299108,0.004229020623873276,0.5,6,6,-0.002461386531425833,-0.0027113865314258327,-0.002961386531425833,OLS
2024-08-07,2024-08-08,0.004274132561254151,0.013090052961473624,-0.008815920400219474,0.6666666666666666,6,6,0.004274132561254151,0.003940799227920818,0.003607465894587484,OLS
2024-08-08,2024-08-09,-0.005932689481939424,-0.004295261630660833,-0.0016374278512785913,0.5,6,6,-0.005932689481939424,-0.006182689481939424,-0.006432689481939424,OLS
2024-08-09,2024-08-12,-0.0031548236364083663,-0.004072966371986575,0.0009181427355782083,0.6666666666666666,6,6,-0.0031548236364083663,-0.0034881569697416998,-0.003821490303075033,OLS
2024-08-12,2024-08-13,0.00824266394459285,0.012303195471008874,-0.0040605315264160245,1.0,6,6,0.00824266394459285,0.007742663944592849,0.007242663944592849,OLS
2024-08-13,2024-08-14,-0.005319964453213833,0.00033480039298488347,-0.005654764846198717,0.8333333333333333,6,6,-0.005319964453213833,-0.0057366311198804995,-0.006153297786547166,OLS
2024-08-14,2024-08-15,-0.0038655773979982006,0.011439017380133691,-0.01530459477813189,0.5,6,6,-0.0038655773979982006,-0.004115577397998201,-0.004365577397998201,OLS
2024-08-15,2024-08-16,-0.0015812262976482422,0.0016705474927807,-0.003251773790428942,0.5,6,6,-0.0015812262976482422,-0.0018312262976482422,-0.0020812262976482422,OLS
2024-08-16,2024-08-19,0.000431863400982775,0.003869461088733741,-0.003437597687750966,0.5,6,6,0.000431863400982775,0.00018186340098277497,-6.813659901722504e-05,OLS
2024-08-19,2024-08-20,-0.0013565292560261582,0.0002805242560115083,-0.001637053512037667,1.0,6,6,-0.0013565292560261582,-0.0018565292560261582,-0.002356529256026158,OLS
2024-08-20,2024-08-21,0.0005410524013717672,0.002632743291559275,-0.0020916908901875086,0.8333333333333333,6,6,0.0005410524013717672,0.00012438573470510055,-0.0002922809319615661,OLS
2024-08-21,2024-08-22,-0.004746495974695899,-0.00857649032448395,0.00382999434978805,1.0,6,6,-0.004746495974695899,-0.005246495974695899,-0.005746495974695899,OLS
2024-08-22,2024-08-23,0.0001984044861702821,0.007979411964325042,-0.007781007478154758,0.3333333333333333,6,6,0.0001984044861702821,3.173781950361544e-05,-0.00013492884716305122,OLS
2024-08-23,2024-08-26,-0.0019543465563347916,-0.001322560426859483,-0.0006317861294753084,0.8333333333333333,6,6,-0.0019543465563347916,-0.0023710132230014584,-0.002787679889668125,OLS
2024-08-26,2024-08-27,0.001720645597339717,0.002424417011845117,-0.0007037714145053999,0.8333333333333333,6,6,0.001720645597339717,0.0013039789306730503,0.0008873122640063837,OLS
2024-08-27,2024-08-28,-0.005416282693201792,-0.005451342052426566,3.505935922477519e-05,0.8333333333333333,6,6,-0.005416282693201792,-0.005832949359868458,-0.006249616026535125,OLS
2024-08-28,2024-08-29,-0.00017519620296990038,0.0036280226702860912,-0.0038032188732559915,0.3333333333333333,6,6,-0.00017519620296990038,-0.00034186286963656704,-0.0005085295363032337,OLS
2024-08-29,2024-08-30,-0.00040004161172652476,0.004941057909896492,-0.005341099521623017,1.0,6,6,-0.00040004161172652476,-0.0009000416117265248,-0.0014000416117265248,OLS
2024-08-30,2024-09-03,-0.026400300228557248,-0.02609861253770149,-0.0003016876908557586,1.0,6,6,-0.026400300228557248,-0.026900300228557248,-0.02740030022855725,OLS
2024-09-03,2024-09-04,-0.004135158094993341,-0.002399545730475433,-0.0017356123645179084,0.6666666666666666,6,6,-0.004135158094993341,-0.004468491428326674,-0.004801824761660008,OLS
2024-09-04,2024-09-05,0.0013245072620036585,-0.00407301692488075,0.005397524186884408,0.5,6,6,0.0013245072620036585,0.0010745072620036585,0.0008245072620036585,OLS
2024-09-05,2024-09-06,-0.011030756390377683,-0.011341786826292766,0.0003110304359150833,0.5,6,6,-0.011030756390377683,-0.011280756390377683,-0.011530756390377683,OLS
2024-09-06,2024-09-09,-0.003140109763411218,0.0033458181667092913,-0.006485927930120508,0.8333333333333333,6,6,-0.003140109763411218,-0.0035567764300778845,-0.003973443096744551,OLS
2024-09-09,2024-09-10,-0.011154269795234052,-0.0027798040848647583,-0.008374465710369292,1.0,6,6,-0.011154269795234052,-0.011654269795234052,-0.012154269795234051,OLS
2024-09-10,2024-09-11,0.00505564896746835,0.005982328680558008,-0.0009266797130896583,0.6666666666666666,6,6,0.00505564896746835,0.0047223156341350166,0.004388982300801683,OLS
2024-09-11,2024-09-12,-0.0036550762888906164,-0.0036134524588497833,-4.162383004083338e-05,0.5,6,6,-0.0036550762888906164,-0.0039050762888906167,-0.004155076288890617,OLS
2024-09-12,2024-09-13,-0.0034387332414292753,0.0015594422923690748,-0.00499817553379835,0.5,6,6,-0.0034387332414292753,-0.0036887332414292755,-0.003938733241429276,OLS
2024-09-13,2024-09-16,0.0018712046927825822,0.008639405434655082,-0.0067682007418724995,1.1666666666666665,6,6,0.0018712046927825822,0.001287871359449249,0.0007045380261159156,OLS
2024-09-16,2024-09-17,0.011213967041135624,0.006461973157999441,0.0047519938831361835,0.8333333333333333,6,6,0.011213967041135624,0.010797300374468959,0.010380633707802291,OLS
2024-09-17,2024-09-18,-6.832790225526667e-05,-0.0001983894307481833,0.00013006152849291675,0.5,6,6,-6.832790225526667e-05,-0.0003183279022552667,-0.0005683279022552667,OLS
2024-09-18,2024-09-19,0.0005445420632094237,0.007062629315585024,-0.0065180872523756,1.1666666666666665,6,6,0.0005445420632094237,-3.879127012390961e-05,-0.0006221246034572429,OLS
2024-09-19,2024-09-20,0.0018687817519246579,0.002794291052493433,-0.0009255093005687753,0.8333333333333333,6,6,0.0018687817519246579,0.0014521150852579911,0.0010354484185913246,OLS
2024-09-20,2024-09-23,-0.001102078641597733,0.0005029646344784167,-0.0016050432760761498,1.0,6,6,-0.001102078641597733,-0.0016020786415977331,-0.002102078641597733,OLS
2024-09-23,2024-09-24,-0.004660758488838958,0.00028576443605504156,-0.004946522924894001,1.0,6,6,-0.004660758488838958,-0.0051607584888389586,-0.005660758488838958,OLS
2024-09-24,2024-09-25,0.007835099958091007,0.0013188131927378665,0.006516286765353142,0.8333333333333333,6,6,0.007835099958091007,0.007418433291424341,0.007001766624757674,OLS
2024-09-25,2024-09-26,0.0003797117651987836,0.007407241952547116,-0.007027530187348333,0.5,6,6,0.0003797117651987836,0.0001297117651987836,-0.00012028823480121642,OLS
2024-09-26,2024-09-27,-0.004214497761610999,-0.0011946743938755415,-0.003019823367735458,0.6666666666666666,6,6,-0.004214497761610999,-0.004547831094944332,-0.004881164428277666,OLS
2024-09-27,2024-09-30,0.0006093995021497168,0.0006196279878990085,-1.0228485749291631e-05,0.6666666666666666,6,6,0.0006093995021497168,0.0002760661688163835,-5.726716451694982e-05,OLS
2024-09-30,2024-10-01,-0.007442806022378457,-0.007698515431371958,0.0002557094089935,1.0,6,6,-0.007442806022378457,-0.007942806022378457,-0.008442806022378457,OLS
2024-10-01,2024-10-02,0.0018601272397674759,-0.0023757615248467248,0.0042358887646142,0.8333333333333333,6,6,0.0018601272397674759,0.0014434605731008091,0.0010267939064341426,OLS
2024-10-02,2024-10-03,-0.001760554161263475,-0.0029860772003803835,0.0012255230391169081,0.6666666666666666,6,6,-0.001760554161263475,-0.0020938874945968084,-0.0024272208279301414,OLS
2024-10-03,2024-10-04,0.0051156437838794505,0.008608549776915317,-0.003492905993035866,0.3333333333333333,6,6,0.0051156437838794505,0.004948977117212784,0.0047823104505461175,OLS
2024-10-04,2024-10-07,0.001378614560838208,-0.0019700753976920667,0.003348689958530275,0.6666666666666666,6,6,0.001378614560838208,0.0010452812275048746,0.0007119478941715413,OLS
2024-10-07,2024-10-08,0.007959877333926432,0.006545374459448116,0.0014145028744783166,0.8333333333333333,6,6,0.007959877333926432,0.0075432106672597655,0.007126544000593099,OLS
2024-10-08,2024-10-09,-0.0030399679010639,0.003835709106511908,-0.006875677007575808,0.8333333333333333,6,6,-0.0030399679010639,-0.0034566345677305666,-0.0038733012343972334,OLS
2024-10-09,2024-10-10,0.0019769366634948327,-0.002061175982819983,0.004038112646314817,0.6666666666666666,6,6,0.0019769366634948327,0.0016436033301614995,0.0013102699968281662,OLS
2024-10-10,2024-10-11,0.0023073049792837336,0.0038172464297431584,-0.0015099414504594249,0.16666666666666666,6,6,0.0023073049792837336,0.0022239716459504003,0.002140638312617067,OLS
2024-10-11,2024-10-14,-0.0029405549357904,0.0004929618761611669,-0.003433516811951567,0.8333333333333333,6,6,-0.0029405549357904,-0.003357221602457067,-0.0037738882691237333,OLS
2024-10-14,2024-10-15,-0.0072456253734901575,-0.0123420210327377,0.005096395659247542,0.3333333333333333,6,6,-0.0072456253734901575,-0.007412292040156824,-0.007578958706823491,OLS
2024-10-15,2024-10-16,-3.7040004019416864e-05,0.0029902095536443415,-0.003027249557663758,0.8333333333333333,6,6,-3.7040004019416864e-05,-0.0004537066706860835,-0.0008703733373527501,OLS
2024-10-16,2024-10-17,0.0020243034962135,0.0018755207013903168,0.0001487827948231833,0.6666666666666666,6,6,0.0020243034962135,0.0016909701628801666,0.0013576368295468333,OLS
2024-10-17,2024-10-18,-0.0006327152743051583,-3.6967577486475035e-05,-0.0005957476968186833,0.6666666666666666,6,6,-0.0006327152743051583,-0.0009660486076384916,-0.0012993819409718248,OLS
2024-10-18,2024-10-21,0.005959937317730084,0.002308904466407708,0.003651032851322375,0.6666666666666666,6,6,0.005959937317730084,0.005626603984396751,0.005293270651063417,OLS
2024-10-21,2024-10-22,0.003156200985651366,0.002417906369651292,0.000738294616000075,0.8333333333333333,6,6,0.003156200985651366,0.0027395343189846994,0.002322867652318033,OLS
2024-10-22,2024-10-23,0.0006003576414716832,-0.0067135286689318915,0.007313886310403575,0.6666666666666666,6,6,0.0006003576414716832,0.0002670243081383499,-6.630902519498343e-05,OLS
2024-10-23,2024-10-24,0.007082533401715551,0.0012327598274400747,0.005849773574275476,0.5,6,6,0.007082533401715551,0.006832533401715551,0.006582533401715551,OLS
2024-10-24,2024-10-25,0.0037738976670121907,0.0007315459275686164,0.0030423517394435754,0.6666666666666666,6,6,0.0037738976670121907,0.0034405643336788572,0.003107231000345524,OLS
2024-10-25,2024-10-28,0.0022440314490197334,0.0024410211412352334,-0.00019698969221550004,0.5,6,6,0.0022440314490197334,0.001994031449019733,0.0017440314490197333,OLS
2024-10-28,2024-10-29,-0.0025525763290770408,-0.002341232933603816,-0.00021134339547322438,1.1666666666666665,6,6,-0.0025525763290770408,-0.003135909662410374,-0.0037192429957437073,OLS
2024-10-29,2024-10-30,-0.004109244892820958,-0.005996568754264574,0.0018873238614436167,1.1666666666666665,6,6,-0.004109244892820958,-0.004692578226154292,-0.005275911559487625,OLS
2024-10-30,2024-10-31,0.0020701604689358083,-0.008269035951701949,0.010339196420637757,1.1666666666666665,6,6,0.0020701604689358083,0.001486827135602475,0.0009034938022691417,OLS
2024-10-31,2024-11-01,0.0017116813617643499,0.0034503232409201917,-0.0017386418791558414,1.0,6,6,0.0017116813617643499,0.0012116813617643499,0.0007116813617643498,OLS
2024-11-01,2024-11-04,-0.006692265258612983,-0.003592286960488633,-0.0030999782981243505,0.6666666666666666,6,6,-0.006692265258612983,-0.007025598591946316,-0.00735893192527965,OLS
2024-11-04,2024-11-05,-0.0009702618572074589,0.00330983569218565,-0.0042800975493931075,0.6666666666666666,6,6,-0.0009702618572074589,-0.0013035951905407922,-0.0016369285238741257,OLS
2024-11-05,2024-11-06,0.018105794576621065,0.02023308978795963,-0.0021272952113385673,1.0,6,6,0.018105794576621065,0.017605794576621064,0.017105794576621064,OLS
2024-11-06,2024-11-07,0.00023349410584165044,0.004363118511055615,-0.004129624405213967,0.8333333333333333,6,6,0.00023349410584165044,-0.0001831725608250162,-0.0005998392274916828,OLS
2024-11-07,2024-11-08,0.003458601550825084,0.003136375356909916,0.000322226193915167,1.0,6,6,0.003458601550825084,0.002958601550825084,0.002458601550825084,OLS
2024-11-08,2024-11-11,0.003414348699150808,0.0021871937107060587,0.0012271549884447501,0.8333333333333333,6,6,0.003414348699150808,0.0029976820324841415,0.002581015365817475,OLS
2024-11-11,2024-11-12,0.006952036629959057,-0.0026295860344254336,0.00958162266438449,1.0,6,6,0.006952036629959057,0.006452036629959057,0.005952036629959057,OLS
2024-11-12,2024-11-13,-0.0051138881988079836,-0.0024407822678041828,-0.0026731059310038,0.8333333333333333,6,6,-0.0051138881988079836,-0.00553055486547465,-0.005947221532141317,OLS
2024-11-13,2024-11-14,0.004874913546543808,-0.0006531397174612498,0.005528053264005058,0.8333333333333333,6,6,0.004874913546543808,0.0044582468798771415,0.004041580213210475,OLS
2024-11-14,2024-11-15,-0.0014353918846928084,-0.003709889162420524,0.002274497277727716,0.5,6,6,-0.0014353918846928084,-0.0016853918846928084,-0.0019353918846928084,OLS
2024-11-15,2024-11-18,0.004601679722428975,0.005606803275522074,-0.0010051235530930999,1.0,6,6,0.004601679722428975,0.004101679722428975,0.003601679722428975,OLS
2024-11-18,2024-11-19,-0.0020550157652559336,-0.0036235844870242417,0.0015685687217683079,0.8333333333333333,6,6,-0.0020550157652559336,-0.0024716824319226003,-0.002888349098589267,OLS
2024-11-19,2024-11-20,-0.0024075398456692917,0.0003320238712204749,-0.0027395637168897667,0.5,6,6,-0.0024075398456692917,-0.002657539845669292,-0.0029075398456692918,OLS
2024-11-20,2024-11-21,-0.005351615568702746,0.004237462929202828,-0.009589078497905574,0.6666666666666666,6,6,-0.005351615568702746,-0.005684948902036079,-0.006018282235369413,OLS
2024-11-21,2024-11-22,0.002778263504855033,0.005419098414538458,-0.002640834909683425,0.6666666666666666,6,6,0.002778263504855033,0.0024449301715216997,0.0021115968381883667,OLS
2024-11-22,2024-11-25,0.002680783655797942,0.006167925756053074,-0.0034871421002551327,0.5,6,6,0.002680783655797942,0.0024307836557979417,0.002180783655797942,OLS
2024-11-25,2024-11-26,-0.011144590054195491,-0.005352705007990033,-0.005791885046205458,0.6666666666666666,6,6,-0.011144590054195491,-0.011477923387528824,-0.011811256720862157,OLS
2024-11-26,2024-11-27,0.0006722765918317504,-0.0004815953596367082,0.0011538719514684584,0.6666666666666666,6,6,0.0006722765918317504,0.00033894325849841703,5.60992516508371e-06,OLS
2024-11-27,2024-11-29,0.0014380773960191921,0.003983927044540125,-0.0025458496485209333,0.6666666666666666,6,6,0.0014380773960191921,0.0011047440626858588,0.0007714107293525255,OLS
2024-11-29,2024-12-02,0.0007981999508746612,-0.00018419555733595002,0.0009823955082106115,1.0,6,6,0.0007981999508746612,0.0002981999508746612,-0.0002018000491253388,OLS
2024-12-02,2024-12-03,-0.00413939335539325,-0.0021621621481356496,-0.0019772312072576003,1.1666666666666665,6,6,-0.00413939335539325,-0.004722726688726584,-0.005306060022059917,OLS
2024-12-03,2024-12-04,0.0025005985073847073,0.0007292981449266166,0.0017713003624580917,0.5,6,6,0.0025005985073847073,0.0022505985073847075,0.0020005985073847073,OLS
2024-12-04,2024-12-05,-0.004125566423081892,-0.001927537636618742,-0.0021980287864631497,0.6666666666666666,6,6,-0.004125566423081892,-0.004458899756415225,-0.004792233089748559,OLS
2024-12-05,2024-12-06,0.002321888351426558,-0.00037599513997771644,0.0026978834914042735,1.8333333333333333,6,6,0.002321888351426558,0.001405221684759891,0.0004885550180932245,OLS
2024-12-06,2024-12-09,-0.008510264395121932,-0.00464065306780055,-0.003869611327321383,1.0,6,6,-0.008510264395121932,-0.009010264395121932,-0.009510264395121933,OLS
2024-12-09,2024-12-10,0.0069644460052973745,-0.0014894822998513496,0.008453928305148725,1.0,6,6,0.0069644460052973745,0.006464446005297374,0.0059644460052973745,OLS
2024-12-10,2024-12-11,0.0026265387210031663,0.0021132316923329333,0.0005133070286702334,1.0,6,6,0.0026265387210031663,0.0021265387210031663,0.0016265387210031663,OLS
2024-12-11,2024-12-12,0.00024365358832756628,0.0010391579966952747,-0.0007955044083677084,0.8333333333333333,6,6,0.00024365358832756628,-0.00017301307833910036,-0.000589679745005767,OLS
2024-12-12,2024-12-13,0.0013858130949408335,-0.0007071796160438331,0.0020929927109846667,0.8333333333333333,6,6,0.0013858130949408335,0.0009691464282741668,0.0005524797616075002,OLS
2024-12-13,2024-12-16,-0.005696819160383932,-0.004387666505779399,-0.0013091526546045334,1.1666666666666665,6,6,-0.005696819160383932,-0.006280152493717266,-0.006863485827050599,OLS
2024-12-16,2024-12-17,-0.001793570553317758,-0.002616579050091816,0.0008230084967740584,1.1666666666666665,6,6,-0.001793570553317758,-0.002376903886651091,-0.0029602372199844245,OLS
2024-12-17,2024-12-18,0.0033406777231975836,-0.012902311943235274,0.016242989666432856,0.6666666666666666,6,6,0.0033406777231975836,0.00300734438986425,0.002674011056530917,OLS
2024-12-18,2024-12-19,-0.001001188783483883,0.0006298676983251502,-0.0016310564818090333,0.3333333333333333,6,6,-0.001001188783483883,-0.0011678554501505498,-0.0013345221168172164,OLS
2024-12-19,2024-12-20,-0.0029516779699262077,0.003950658135233416,-0.006902336105159624,0.8333333333333333,6,6,-0.0029516779699262077,-0.0033683446365928744,-0.003785011303259541,OLS
2024-12-20,2024-12-23,0.007586549303164592,0.006833699573020166,0.0007528497301444252,1.0,6,6,0.007586549303164592,0.007086549303164592,0.006586549303164592,OLS
2024-12-23,2024-12-24,-0.002503416239323359,0.003919658514771533,-0.0064230747540948915,0.8333333333333333,6,6,-0.002503416239323359,-0.0029200829059900257,-0.003336749572656692,OLS
2024-12-24,2024-12-26,-0.00026797689331607515,0.0005744502337402165,-0.0008424271270562917,1.1666666666666665,6,6,-0.00026797689331607515,-0.0008513102266494084,-0.0014346435599827418,OLS
2024-12-26,2024-12-27,0.0007661382164058747,-0.0018960510278135084,0.002662189244219383,1.1666666666666665,6,6,0.0007661382164058747,0.00018280488307254148,-0.0004005284502607918,OLS
2024-12-27,2024-12-30,-0.0026292155989529418,-0.007361010210271725,0.004731794611318783,0.8333333333333333,6,6,-0.0026292155989529418,-0.0030458822656196085,-0.0034625489322862753,OLS
2024-12-30,2024-12-31,-0.0021339769587340835,-0.0007265816227439,-0.0014073953359901832,1.1666666666666665,6,6,-0.0021339769587340835,-0.002717310292067417,-0.00330064362540075,OLS
2024-12-31,2025-01-02,0.0009619797362937664,-0.0015243266482363915,0.0024863063845301575,0.6666666666666666,6,6,0.0009619797362937664,0.0006286464029604331,0.0002953130696270997,OLS
2025-01-02,2025-01-03,-0.0006223564729864329,0.003892194410085808,-0.004514550883072241,0.8333333333333333,6,6,-0.0006223564729864329,-0.0010390231396530994,-0.0014556898063197662,OLS
2025-01-03,2025-01-06,-0.002718796589598925,-0.00033673870719579184,-0.002382057882403133,1.0,6,6,-0.002718796589598925,-0.003218796589598925,-0.003718796589598925,OLS
2025-01-06,2025-01-07,0.0007082270732115168,0.0012802379888656166,-0.0005720109156540998,1.0,6,6,0.0007082270732115168,0.00020822707321151677,-0.00029177292678848324,OLS
2025-01-07,2025-01-08,-0.0001534900434983335,0.0007834720596746581,-0.0009369621031729917,0.5,6,6,-0.0001534900434983335,-0.0004034900434983335,-0.0006534900434983335,OLS
2025-01-08,2025-01-10,0.001075309678963801,-0.004971894389549024,0.006047204068512825,0.8333333333333333,6,6,0.001075309678963801,0.0006586430122971343,0.0002419763456304677,OLS
2025-01-10,2025-01-13,0.0003778411375022253,0.0038360413848914083,-0.0034582002473891836,0.8333333333333333,6,6,0.0003778411375022253,-3.882552916444136e-05,-0.000455492195831108,OLS
2025-01-13,2025-01-14,-0.008906018406169584,-0.0037248434552479334,-0.00518117495092165,0.16666666666666666,6,6,-0.008906018406169584,-0.008989351739502917,-0.009072685072836251,OLS
2025-01-14,2025-01-15,-0.008556924290226588,0.005475352893537624,-0.014032277183764215,0.5,6,6,-0.008556924290226588,-0.008806924290226588,-0.009056924290226588,OLS
2025-01-15,2025-01-16,-0.005863495182866782,-0.004377428213418974,-0.0014860669694478084,0.5,6,6,-0.005863495182866782,-0.0061134951828667825,-0.006363495182866783,OLS
2025-01-16,2025-01-17,0.005763648534366858,0.010487580096676916,-0.0047239315623100585,0.5,6,6,0.005763648534366858,0.0055136485343668575,0.005263648534366857,OLS
2025-01-17,2025-01-21,0.010345015734281676,0.009160484629397616,0.001184531104884058,0.5,6,6,0.010345015734281676,0.010095015734281676,0.009845015734281676,OLS
2025-01-21,2025-01-22,-0.0123986937264828,-0.0014587527607457995,-0.010939940965737,0.8333333333333333,6,6,-0.0123986937264828,-0.012815360393149466,-0.013232027059816133,OLS
2025-01-22,2025-01-23,0.0019730832183829502,0.005040378834464775,-0.003067295616081825,0.3333333333333333,6,6,0.0019730832183829502,0.0018064165517162835,0.001639749885049617,OLS
2025-01-23,2025-01-24,0.0024849669322852246,-0.005560536519421533,0.008045503451706758,0.3333333333333333,6,6,0.0024849669322852246,0.002318300265618558,0.002151633598951891,OLS
2025-01-24,2025-01-27,0.0014984641983565499,0.005126902669150308,-0.003628438470793757,0.8333333333333333,6,6,0.0014984641983565499,0.0010817975316898833,0.0006651308650232166,OLS
2025-01-27,2025-01-28,-0.008781147156275999,-0.005168369679158191,-0.003612777477117808,0.8333333333333333,6,6,-0.008781147156275999,-0.009197813822942665,-0.009614480489609332,OLS
2025-01-28,2025-01-29,0.0001381125544282838,-0.00026111751542495,0.00039923006985323364,0.6666666666666666,6,6,0.0001381125544282838,-0.00019522077890504953,-0.0005285541122383828,OLS
2025-01-29,2025-01-30,-0.005038984983761435,0.005701547011147533,-0.010740531994908969,0.5,6,6,-0.005038984983761435,-0.005288984983761435,-0.005538984983761435,OLS
2025-01-30,2025-01-31,-0.002116934060855733,-0.006229152545032142,0.004112218484176408,0.3333333333333333,6,6,-0.002116934060855733,-0.0022836007275223997,-0.0024502673941890667,OLS
2025-01-31,2025-02-03,-0.0027434108922543173,-0.0028032480308996417,5.983713864532496e-05,0.8333333333333333,6,6,-0.0027434108922543173,-0.003160077558920984,-0.0035767442255876507,OLS
2025-02-03,2025-02-04,-0.002323371644426767,0.0013991231231152334,-0.003722494767542,0.6666666666666666,6,6,-0.002323371644426767,-0.0026567049777601005,-0.0029900383110934335,OLS
2025-02-04,2025-02-05,0.006992212130156641,0.01011500155632219,-0.00312278942616555,0.8333333333333333,6,6,0.006992212130156641,0.006575545463489974,0.006158878796823307,OLS
2025-02-05,2025-02-06,0.0030020603819716587,0.004217992726167401,-0.0012159323441957414,0.6666666666666666,6,6,0.0030020603819716587,0.002668727048638325,0.002335393715304992,OLS
2025-02-06,2025-02-07,0.001325787097501441,-0.0031144256869718584,0.0044402127844733,0.8333333333333333,6,6,0.001325787097501441,0.0009091204308347745,0.0004924537641681078,OLS
2025-02-07,2025-02-10,-0.00391839283727051,0.004670251963632283,-0.008588644800902791,0.8333333333333333,6,6,-0.00391839283727051,-0.004335059503937176,-0.004751726170603843,OLS
2025-02-10,2025-02-11,0.0006544680163027418,0.0049311530502717995,-0.004276685033969057,0.3333333333333333,6,6,0.0006544680163027418,0.00048780134963607514,0.00032113468296940845,OLS
2025-02-11,2025-02-12,-0.006123975662984674,-0.00195529315064005,-0.004168682512344625,0.5,6,6,-0.006123975662984674,-0.006373975662984675,-0.006623975662984675,OLS
2025-02-12,2025-02-13,-0.001587062683797334,0.003173756875208057,-0.004760819559005391,1.0,6,6,-0.001587062683797334,-0.002087062683797334,-0.002587062683797334,OLS
2025-02-13,2025-02-14,-0.0006968334465247336,-0.00026631792941281653,-0.0004305155171119168,0.8333333333333333,6,6,-0.0006968334465247336,-0.0011135001131914002,-0.001530166779858067,OLS
2025-02-14,2025-02-18,0.005787588286191407,0.005986238764561666,-0.00019865047837025842,0.6666666666666666,6,6,0.005787588286191407,0.005454254952858074,0.00512092161952474,OLS
2025-02-18,2025-02-19,-0.0016930316037017915,-0.002177151958460683,0.00048412035475889147,0.6666666666666666,6,6,-0.0016930316037017915,-0.002026364937035125,-0.002359698270368458,OLS
2025-02-19,2025-02-20,0.00743070208835369,-0.0011598633551199587,0.008590565443473648,1.0,6,6,0.00743070208835369,0.006930702088353689,0.00643070208835369,OLS
2025-02-20,2025-02-21,0.0009619282216615519,-0.008200689302851366,0.009162617524512915,0.8333333333333333,6,6,0.0009619282216615519,0.0005452615549948852,0.0001285948883282186,OLS
2025-02-21,2025-02-24,0.0063275077752588975,0.001989523055975575,0.004337984719283325,0.6666666666666666,6,6,0.0063275077752588975,0.005994174441925564,0.0056608411085922305,OLS
2025-02-24,2025-02-25,-0.006367062017856775,-0.007272475826807916,0.0009054138089511414,0.8333333333333333,6,6,-0.006367062017856775,-0.0067837286845234416,-0.007200395351190108,OLS
2025-02-25,2025-02-26,0.004867325758575675,-0.00041456936681785804,0.005281895125393532,0.8333333333333333,6,6,0.004867325758575675,0.004450659091909008,0.0040339924252423415,OLS
2025-02-26,2025-02-27,-0.0089209079443215,-0.007597597019741758,-0.0013233109245797414,0.6666666666666666,6,6,-0.0089209079443215,-0.009254241277654833,-0.009587574610988166,OLS
2025-02-27,2025-02-28,0.00015543470766965798,0.005370225970961474,-0.005214791263291816,1.1666666666666665,6,6,0.00015543470766965798,-0.0004278986256636753,-0.0010112319589970086,OLS
2025-02-28,2025-03-03,0.0008559321027835918,-0.00871857891225405,0.00957451101503764,1.3333333333333333,6,6,0.0008559321027835918,0.0001892654361169251,-0.00047740123054974153,OLS
2025-03-03,2025-03-04,0.016632185825741292,-0.0061180794084589665,0.022750265234200262,0.5,6,6,0.016632185825741292,0.016382185825741292,0.01613218582574129,OLS
2025-03-04,2025-03-05,-0.003841732771744999,0.0011466213268913252,-0.004988354098636325,0.5,6,6,-0.003841732771744999,-0.004091732771744999,-0.004341732771744999,OLS
2025-03-05,2025-03-06,-0.002168550357120982,-0.005130564425269041,0.002962014068148058,0.8333333333333333,6,6,-0.002168550357120982,-0.002585217023787649,-0.0030018836904543156,OLS
2025-03-06,2025-03-07,0.006721407205066166,0.008610207278977775,-0.0018888000739116083,1.1666666666666665,6,6,0.006721407205066166,0.006138073871732833,0.005554740538399499,OLS
2025-03-07,2025-03-10,-0.006248941107551824,-0.017198837076881232,0.010949895969329408,1.0,6,6,-0.006248941107551824,-0.006748941107551825,-0.007248941107551824,OLS
2025-03-10,2025-03-11,0.0003197320926535169,-0.008019411481156808,0.008339143573810324,1.1666666666666665,6,6,0.0003197320926535169,-0.0002636012406798164,-0.0008469345740131497,OLS
2025-03-11,2025-03-12,0.0038339326214292336,-0.0019768481763085596,0.005810780797737791,0.8333333333333333,6,6,0.0038339326214292336,0.003417265954762567,0.0030005992880959,OLS
2025-03-12,2025-03-13,0.01070184624214419,0.009156707950334181,0.0015451382918100086,0.6666666666666666,6,6,0.01070184624214419,0.010368512908810856,0.010035179575477523,OLS
2025-03-13,2025-03-14,-0.0065981159004882585,0.003309219061598658,-0.009907334962086916,0.6666666666666666,6,6,-0.0065981159004882585,-0.0069314492338215915,-0.0072647825671549255,OLS
2025-03-14,2025-03-17,-0.0015100012957274585,0.009192598278508475,-0.010702599574235933,0.3333333333333333,6,6,-0.0015100012957274585,-0.0016766679623941253,-0.0018433346290607918,OLS
2025-03-17,2025-03-18,-0.007029065743105541,-0.003998891949820458,-0.003030173793285083,0.8333333333333333,6,6,-0.007029065743105541,-0.0074457324097722075,-0.007862399076438873,OLS
2025-03-18,2025-03-19,0.0015691861434955006,0.0024446258787691917,-0.000875439735273691,0.6666666666666666,6,6,0.0015691861434955006,0.0012358528101621673,0.000902519476828834,OLS
2025-03-19,2025-03-20,-0.0018576277859442916,-0.0011037634909519165,-0.000753864294992375,0.6666666666666666,6,6,-0.0018576277859442916,-0.002190961119277625,-0.002524294452610958,OLS
2025-03-20,2025-03-21,-0.0027478457490904083,-0.0012045146766612499,-0.0015433310724291584,0.6666666666666666,6,6,-0.0027478457490904083,-0.0030811790824237417,-0.003414512415757075,OLS
2025-03-21,2025-03-24,-0.0030725125408086157,0.004171001934377558,-0.007243514475186175,1.1666666666666665,6,6,-0.0030725125408086157,-0.003655845874141949,-0.004239179207475283,OLS
2025-03-24,2025-03-25,-0.010554951670141368,-0.008798552394298066,-0.0017563992758432999,0.6666666666666666,6,6,-0.010554951670141368,-0.0108882850034747,-0.011221618336808034,OLS
2025-03-25,2025-03-26,-0.0013555387907729084,-0.0040617088469384,0.0027061700561654915,0.6666666666666666,6,6,-0.0013555387907729084,-0.0016888721241062417,-0.002022205457439575,OLS
2025-03-26,2025-03-27,0.005407263469703342,0.00039133504928747507,0.005015928420415866,0.5,6,6,0.005407263469703342,0.005157263469703342,0.0049072634697033424,OLS
2025-03-27,2025-03-28,0.0022184949580229753,-0.009288585788528082,0.011507080746551056,0.6666666666666666,6,6,0.0022184949580229753,0.001885161624689642,0.0015518282913563088,OLS
2025-03-28,2025-03-31,-0.004059810374695775,0.0019901818172429584,-0.006049992191938734,0.6666666666666666,6,6,-0.004059810374695775,-0.004393143708029108,-0.004726477041362442,OLS
2025-03-31,2025-04-01,0.0007435910657460493,-0.004671811445117625,0.005415402510863674,0.6666666666666666,6,6,0.0007435910657460493,0.00041025773241271595,7.692439907938263e-05,OLS
2025-04-01,2025-04-02,0.0018069686468467838,0.002776530253313792,-0.0009695616064670082,0.3333333333333333,6,6,0.0018069686468467838,0.001640301980180117,0.0014736353135134505,OLS
2025-04-02,2025-04-03,-0.0016810513685576083,-0.016054178330540524,0.014373126961982917,0.5,6,6,-0.0016810513685576083,-0.0019310513685576083,-0.0021810513685576083,OLS
2025-04-03,2025-04-04,-0.018024802106307476,-0.03604925222854285,0.018024450122235375,0.6666666666666666,6,6,-0.018024802106307476,-0.01835813543964081,-0.018691468772974142,OLS
2025-04-04,2025-04-07,0.010274945540104352,-0.00030025620726592496,0.010575201747370274,0.6666666666666666,6,6,0.010274945540104352,0.00994161220677102,0.009608278873437686,OLS
2025-04-07,2025-04-08,0.0019836897979183584,-0.0036666232273834583,0.005650313025301817,0.8333333333333333,6,6,0.0019836897979183584,0.0015670231312516917,0.0011503564645850251,OLS
2025-04-08,2025-04-09,0.0509851736404233,0.06296542785462256,-0.011980254214199265,0.3333333333333333,6,6,0.0509851736404233,0.05081850697375663,0.05065184030708997,OLS
2025-04-09,2025-04-10,-0.022988298334365376,-0.02831759168942045,0.005329293355055075,0.6666666666666666,6,6,-0.022988298334365376,-0.02332163166769871,-0.023654965001032043,OLS
2025-04-10,2025-04-11,-0.002842387294447559,0.0020036221687347415,-0.0048460094631823,0.6666666666666666,6,6,-0.002842387294447559,-0.0031757206277808923,-0.0035090539611142254,OLS
2025-04-11,2025-04-14,-0.0018435025066942086,0.007458583549606,-0.009302086056300209,0.8333333333333333,6,6,-0.0018435025066942086,-0.0022601691733608754,-0.002676835840027542,OLS
2025-04-14,2025-04-15,-0.00026352139146442523,-0.002890710143999875,0.00262718875253545,0.6666666666666666,6,6,-0.00026352139146442523,-0.0005968547247977586,-0.0009301880581310919,OLS
2025-04-15,2025-04-16,-0.0019938163965618413,-0.00957987793514235,0.007586061538580507,0.8333333333333333,6,6,-0.0019938163965618413,-0.002410483063228508,-0.002827149729895175,OLS
2025-04-16,2025-04-17,0.000719493792231266,0.004917062165675542,-0.004197568373444274,1.0,6,6,0.000719493792231266,0.00021949379223126602,-0.000280506207768734,OLS
2025-04-17,2025-04-21,-0.007852222440456733,-0.011251044995885882,0.00339882255542915,0.8333333333333333,6,6,-0.007852222440456733,-0.008268889107123398,-0.008685555773790066,OLS
2025-04-21,2025-04-22,-0.0007223481433610273,0.010741883784732707,-0.011464231928093734,1.3333333333333333,6,6,-0.0007223481433610273,-0.0013890148100276938,-0.0020556814766943604,OLS
2025-04-22,2025-04-23,-0.004536408327967908,0.0064774439274603,-0.011013852255428207,1.0,6,6,-0.004536408327967908,-0.005036408327967907,-0.005536408327967908,OLS
2025-04-23,2025-04-24,-0.0054710511644466145,0.003480023212755142,-0.008951074377201758,0.5,6,6,-0.0054710511644466145,-0.005721051164446615,-0.005971051164446614,OLS
2025-04-24,2025-04-25,0.0036738548155203984,-0.0010297703933108502,0.004703625208831249,0.5,6,6,0.0036738548155203984,0.0034238548155203982,0.0031738548155203984,OLS
2025-04-25,2025-04-28,-0.0019267215587979829,0.0013299086697633584,-0.0032566302285613412,0.6666666666666666,6,6,-0.0019267215587979829,-0.0022600548921313164,-0.0025933882254646494,OLS
2025-04-28,2025-04-29,-0.0009177156399461919,0.002727182793332116,-0.0036448984332783083,0.6666666666666666,6,6,-0.0009177156399461919,-0.0012510489732795252,-0.0015843823066128584,OLS
2025-04-29,2025-04-30,0.0003129498830300916,-0.0004949408314084418,0.0008078907144385334,0.6666666666666666,6,6,0.0003129498830300916,-2.03834503032417e-05,-0.000353716783636575,OLS
2025-04-30,2025-05-01,0.0020615187266245995,-0.0007756539646253333,0.002837172691249933,1.1666666666666665,6,6,0.0020615187266245995,0.0014781853932912662,0.000894852059957933,OLS
2025-05-01,2025-05-02,0.006545496869367775,0.009412340966602616,-0.0028668440972348416,0.6666666666666666,6,6,0.006545496869367775,0.006212163536034442,0.005878830202701108,OLS
2025-05-02,2025-05-05,0.0015244149745151669,-0.0016982216562608167,0.003222636630775983,0.5,6,6,0.0015244149745151669,0.0012744149745151669,0.0010244149745151669,OLS
2025-05-05,2025-05-06,-0.0006787871942222831,-0.003409199362293433,0.0027304121680711496,0.5,6,6,-0.0006787871942222831,-0.0009287871942222832,-0.0011787871942222832,OLS
2025-05-06,2025-05-07,-0.00017673237491391738,0.003913071783414441,-0.004089804158328358,0.8333333333333333,6,6,-0.00017673237491391738,-0.000593399041580584,-0.0010100657082472507,OLS
2025-05-07,2025-05-08,0.01411679704006305,0.011056882677501732,0.0030599143625613173,0.8333333333333333,6,6,0.01411679704006305,0.013700130373396385,0.013283463706729717,OLS
2025-05-08,2025-05-09,0.0005429877902817834,0.00041955768704911664,0.00012343010323266683,1.3333333333333333,6,6,0.0005429877902817834,-0.0001236788763848833,-0.0007903455430515499,OLS
2025-05-09,2025-05-12,0.008895782782248783,0.023138481800833683,-0.014242699018584899,0.8333333333333333,6,6,0.008895782782248783,0.008479116115582117,0.00806244944891545,OLS
2025-05-12,2025-05-13,0.01207663162938213,0.008688140043669974,0.003388491585712158,0.8333333333333333,6,6,0.01207663162938213,0.011659964962715465,0.011243298296048797,OLS
2025-05-13,2025-05-14,-0.000252393547881725,-0.0038599313087506414,0.0036075377608689166,1.1666666666666665,6,6,-0.000252393547881725,-0.0008357268812150583,-0.0014190602145483916,OLS
2025-05-14,2025-05-15,-0.01224222461312264,0.0011539237578526832,-0.013396148370975323,1.0,6,6,-0.01224222461312264,-0.012742224613122641,-0.01324222461312264,OLS
2025-05-15,2025-05-16,-0.0024860008913592246,0.0012725784074948334,-0.0037585792988540584,0.6666666666666666,6,6,-0.0024860008913592246,-0.002819334224692558,-0.003152667558025891,OLS
2025-05-16,2025-05-19,0.004317915071170884,0.004862150873695575,-0.0005442358025246917,0.6666666666666666,6,6,0.004317915071170884,0.003984581737837551,0.003651248404504217,OLS
2025-05-19,2025-05-20,0.0003028376001883887,0.00022774595493093327,7.50916452574553e-05,0.6666666666666666,6,6,0.0003028376001883887,-3.0495733144944614e-05,-0.00036382906647827794,OLS
2025-05-20,2025-05-21,-0.008903315503104615,-0.013281637615431083,0.004378322112326466,0.3333333333333333,6,6,-0.008903315503104615,-0.009069982169771283,-0.009236648836437948,OLS
2025-05-21,2025-05-22,0.002887387674861933,0.0006082716877646337,0.0022791159870972997,0.6666666666666666,6,6,0.002887387674861933,0.0025540543415285997,0.0022207210081952667,OLS
2025-05-22,2025-05-23,-0.0064995106804334,-0.0058231668577617334,-0.0006763438226716664,0.8333333333333333,6,6,-0.0064995106804334,-0.0069161773471000665,-0.007332844013766733,OLS
2025-05-23,2025-05-27,0.007235560029881976,0.014038318883308133,-0.006802758853426159,1.0,6,6,0.007235560029881976,0.006735560029881975,0.006235560029881976,OLS
2025-05-27,2025-05-28,0.002361935686894108,-0.0001245155948946668,0.002486451281788775,0.6666666666666666,6,6,0.002361935686894108,0.0020286023535607744,0.0016952690202274414,OLS
2025-05-28,2025-05-29,-0.0035331878995887,0.000753752393473192,-0.004286940293061891,0.5,6,6,-0.0035331878995887,-0.0037831878995887,-0.0040331878995887,OLS
2025-05-29,2025-05-30,-0.008454656974854216,-0.003917628262944775,-0.004537028711909441,0.8333333333333333,6,6,-0.008454656974854216,-0.008871323641520882,-0.00928799030818755,OLS
2025-05-30,2025-06-02,0.004163956002262824,0.0046965624462775414,-0.0005326064440147166,0.6666666666666666,6,6,0.004163956002262824,0.003830622668929491,0.003497289335596158,OLS
2025-06-02,2025-06-03,0.006943438057415558,0.007828071897874342,-0.0008846338404587832,0.3333333333333333,6,6,0.006943438057415558,0.006776771390748892,0.006610104724082225,OLS
2025-06-03,2025-06-04,0.001571146226430083,0.0010801856391438748,0.0004909605872862083,0.6666666666666666,6,6,0.001571146226430083,0.0012378128930967498,0.0009044795597634164,OLS
2025-06-04,2025-06-05,0.004736493063187983,0.0008864782760818168,0.0038500147871061664,0.3333333333333333,6,6,0.004736493063187983,0.004569826396521317,0.00440315972985465,OLS
2025-06-05,2025-06-06,0.002961026418573475,0.005320970453773716,-0.0023599440352002417,0.8333333333333333,6,6,0.002961026418573475,0.0025443597519068085,0.002127693085240142,OLS
2025-06-06,2025-06-09,0.005826615321010517,0.005688520797994166,0.00013809452301635002,1.0,6,6,0.005826615321010517,0.005326615321010517,0.004826615321010517,OLS
2025-06-09,2025-06-10,0.0019983589685220915,0.003923708118770075,-0.0019253491502479831,1.1666666666666665,6,6,0.0019983589685220915,0.0014150256351887582,0.000831692301855425,OLS
2025-06-10,2025-06-11,0.0020324191431841726,0.0001991878265217978,0.001833231316662375,1.0,6,6,0.0020324191431841726,0.0015324191431841726,0.0010324191431841725,OLS
2025-06-11,2025-06-12,-0.00540950977964475,0.006143894312335849,-0.011553404091980597,1.3333333333333333,6,6,-0.00540950977964475,-0.006076176446311417,-0.006742843112978083,OLS
2025-06-12,2025-06-13,-0.00971289765969805,-0.005777225417661866,-0.003935672242036183,0.6666666666666666,6,6,-0.00971289765969805,-0.010046230993031383,-0.010379564326364716,OLS
2025-06-13,2025-06-16,0.0008955420554489588,0.0018703667794659168,-0.0009748247240169582,0.6666666666666666,6,6,0.0008955420554489588,0.0005622087221156256,0.0002288753887822922,OLS
2025-06-16,2025-06-17,-0.0061179223851798165,-0.009075922662051391,0.002958000276871575,0.8333333333333333,6,6,-0.0061179223851798165,-0.006534589051846483,-0.00695125571851315,OLS
2025-06-17,2025-06-18,0.0020606286534575,0.0004932678496723915,0.0015673608037851082,0.6666666666666666,6,6,0.0020606286534575,0.0017272953201241668,0.0013939619867908335,OLS
2025-06-18,2025-06-20,-0.00588257278861599,-0.004670738849715858,-0.0012118339389001333,0.6666666666666666,6,6,-0.00588257278861599,-0.006215906121949323,-0.006549239455282657,OLS
2025-06-20,2025-06-23,-0.0030129370342029424,0.004247253686690442,-0.007260190720893385,0.6666666666666666,6,6,-0.0030129370342029424,-0.003346270367536276,-0.003679603700869609,OLS
2025-06-23,2025-06-24,0.010851771151210058,0.014228588072063316,-0.0033768169208532577,0.6666666666666666,6,6,0.010851771151210058,0.010518437817876725,0.010185104484543392,OLS
2025-06-24,2025-06-25,-0.0031592188679768663,-0.003075612055284558,-8.36068126923081e-05,0.8333333333333333,6,6,-0.0031592188679768663,-0.003575885534643533,-0.003992552201310199,OLS
2025-06-25,2025-06-26,-0.0021361737658110837,0.003053656119862883,-0.005189829885673966,0.6666666666666666,6,6,-0.0021361737658110837,-0.002469507099144417,-0.0028028404324777502,OLS
2025-06-26,2025-06-27,-0.014705395910607488,0.0016010013411803083,-0.0163063972517878,0.8333333333333333,6,6,-0.014705395910607488,-0.015122062577274154,-0.015538729243940822,OLS
2025-06-27,2025-06-30,0.00146176095234585,0.0016973472173240252,-0.00023558626497817507,0.3333333333333333,6,6,0.00146176095234585,0.0012950942856791833,0.0011284276190125168,OLS
2025-06-30,2025-07-01,0.007437342019972917,0.009166627948314007,-0.0017292859283410916,0.5,6,6,0.007437342019972917,0.007187342019972917,0.0069373420199729165,OLS
2025-07-01,2025-07-02,0.0019530461935247587,0.0007047499952318338,0.001248296198292925,0.8333333333333333,6,6,0.0019530461935247587,0.001536379526858092,0.0011197128601914254,OLS
2025-07-02,2025-07-03,0.00023476773637611643,0.0026999727410188744,-0.0024652050046427582,0.8333333333333333,6,6,0.00023476773637611643,-0.00018189893029055021,-0.0005985655969572169,OLS
2025-07-03,2025-07-07,-0.0046529556450343,-0.006913117711246691,0.0022601620662123915,1.0,6,6,-0.0046529556450343,-0.005152955645034299,-0.0056529556450343,OLS
2025-07-07,2025-07-08,0.015908975802836532,0.011313838773697365,0.004595137029139167,1.1666666666666665,6,6,0.015908975802836532,0.015325642469503199,0.014742309136169866,OLS
2025-07-08,2025-07-09,-0.001966462493973817,0.0009022405441182079,-0.0028687030380920246,1.1666666666666665,6,6,-0.001966462493973817,-0.0025497958273071504,-0.0031331291606404837,OLS
2025-07-09,2025-07-10,0.0002831797767235912,0.0021981294242590915,-0.0019149496475355,0.8333333333333333,6,6,0.0002831797767235912,-0.00013348688994307544,-0.0005501535566097421,OLS
2025-07-10,2025-07-11,-0.004019597159480465,-0.005355869804432449,0.0013362726449519832,1.0,6,6,-0.004019597159480465,-0.0045195971594804655,-0.005019597159480465,OLS
2025-07-11,2025-07-14,-0.000901742590677567,-0.001495201513117625,0.000593458922440058,0.6666666666666666,6,6,-0.000901742590677567,-0.0012350759240109003,-0.0015684092573442338,OLS
2025-07-14,2025-07-15,0.0003193942170990325,-0.0031185124520630085,0.0034379066691620414,0.5,6,6,0.0003193942170990325,6.939421709903251e-05,-0.0001806057829009675,OLS
2025-07-15,2025-07-16,-0.001562104934310125,0.0009165509719719748,-0.0024786559062821,0.8333333333333333,6,6,-0.001562104934310125,-0.0019787716009767916,-0.0023954382676434583,OLS
2025-07-16,2025-07-17,-0.004125080076281732,0.001048082493755925,-0.005173162570037658,1.0,6,6,-0.004125080076281732,-0.004625080076281733,-0.005125080076281732,OLS
2025-07-17,2025-07-18,0.002487415058268741,-0.0013904755617487,0.0038778906200174416,1.0,6,6,0.002487415058268741,0.001987415058268741,0.0014874150582687411,OLS
2025-07-18,2025-07-21,0.0013826210676985166,0.001258575158529614,0.0001240459091689027,0.8333333333333333,6,6,0.0013826210676985166,0.00096595440103185,0.0005492877343651833,OLS
2025-07-21,2025-07-22,0.0001769303594043581,0.002370459918382125,-0.002193529558977767,1.0,6,6,0.0001769303594043581,-0.0003230696405956419,-0.0008230696405956419,OLS
2025-07-22,2025-07-23,0.0193382563528292,0.009908536600957234,0.009429719751871967,0.6666666666666666,6,6,0.0193382563528292,0.019004923019495867,0.018671589686162535,OLS
2025-07-23,2025-07-24,-0.0007182798567735831,-0.00602296315324345,0.005304683296469867,0.8333333333333333,6,6,-0.0007182798567735831,-0.0011349465234402499,-0.0015516131901069164,OLS
2025-07-24,2025-07-25,-0.00022084018123495828,0.0017771866832977333,-0.0019980268645326915,1.0,6,6,-0.00022084018123495828,-0.0007208401812349583,-0.0012208401812349584,OLS
2025-07-25,2025-07-28,0.0020956323174657,0.002293400685850775,-0.0001977683683850749,0.6666666666666666,6,6,0.0020956323174657,0.0017622989841323668,0.0014289656507990335,OLS
2025-07-28,2025-07-29,-0.0057954606733313,-0.006364210169244842,0.0005687494959135416,1.1666666666666665,6,6,-0.0057954606733313,-0.006378794006664633,-0.006962127339997967,OLS
2025-07-29,2025-07-30,-0.0005482416165023162,-0.005426736378659033,0.004878494762156717,1.1666666666666665,6,6,-0.0005482416165023162,-0.0011315749498356496,-0.0017149082831689829,OLS
2025-07-30,2025-07-31,-0.0066973282466852415,-0.010785632591466966,0.004088304344781725,0.8333333333333333,6,6,-0.0066973282466852415,-0.007113994913351908,-0.007530661580018575,OLS
2025-07-31,2025-08-01,0.0015990519994192169,-0.0064615425826898085,0.008060594582109025,0.6666666666666666,6,6,0.0015990519994192169,0.0012657186660858836,0.0009323853327525502,OLS
2025-08-01,2025-08-04,-0.0017198139717001094,0.004724474445808541,-0.00644428841750865,0.8333333333333333,6,6,-0.0017198139717001094,-0.002136480638366776,-0.0025531473050334425,OLS
2025-08-04,2025-08-05,0.006686933311842316,0.007756205362508441,-0.0010692720506661252,0.6666666666666666,6,6,0.006686933311842316,0.006353599978508983,0.006020266645175649,OLS
2025-08-05,2025-08-06,0.004117878121452232,-0.0010929128816127998,0.005210791003065033,1.0,6,6,0.004117878121452232,0.003617878121452232,0.003117878121452232,OLS
2025-08-06,2025-08-07,-0.0014261436306614,0.0006262994848636747,-0.0020524431155250745,0.5,6,6,-0.0014261436306614,-0.0016761436306614,-0.0019261436306614,OLS
2025-08-07,2025-08-08,0.0005152141319413673,0.005074997177718033,-0.004559783045776666,0.6666666666666666,6,6,0.0005152141319413673,0.00018188079860803396,-0.00015145253472529936,OLS
2025-08-08,2025-08-11,0.004255020132314292,-0.0009482602073188084,0.0052032803396331005,0.8333333333333333,6,6,0.004255020132314292,0.0038383534656476256,0.003421686798980959,OLS
2025-08-11,2025-08-12,0.0021435751325762312,0.012466261413199708,-0.010322686280623473,0.3333333333333333,6,6,0.0021435751325762312,0.0019769084659095647,0.001810241799242898,OLS
2025-08-12,2025-08-13,0.005738272481998133,0.005762955698528541,-2.4683216530408357e-05,1.1666666666666665,6,6,0.005738272481998133,0.0051549391486648,0.004571605815331467,OLS
2025-08-13,2025-08-14,-0.0009816915638924005,-0.0025731225648100583,0.0015914310009176578,1.1666666666666665,6,6,-0.0009816915638924005,-0.0015650248972257337,-0.002148358230559067,OLS
2025-08-14,2025-08-15,-0.010230072073983916,-0.001969773660034825,-0.008260298413949091,1.0,6,6,-0.010230072073983916,-0.010730072073983916,-0.011230072073983917,OLS
2025-08-15,2025-08-18,0.00044395172306942524,-0.0003691712705758917,0.0008131229936453167,0.5,6,6,0.00044395172306942524,0.00019395172306942523,-5.6048276930574775e-05,OLS
2025-08-18,2025-08-19,-0.00166609088890215,0.0019127139646305416,-0.003578804853532691,0.6666666666666666,6,6,-0.00166609088890215,-0.0019994242222354836,-0.0023327575555688166,OLS
2025-08-19,2025-08-20,0.00011439760800817465,-0.0016949970077817498,0.0018093946157899245,0.5,6,6,0.00011439760800817465,-0.00013560239199182536,-0.00038560239199182536,OLS
2025-08-20,2025-08-21,-0.0011734039975005667,-0.005092103292065134,0.003918699294564567,0.8333333333333333,6,6,-0.0011734039975005667,-0.0015900706641672332,-0.0020067373308339,OLS
2025-08-21,2025-08-22,-0.001175818305295957,0.007162089212728216,-0.008337907518024174,0.8333333333333333,6,6,-0.001175818305295957,-0.0015924849719626236,-0.0020091516386292903,OLS
2025-08-22,2025-08-25,-0.0009535157057177915,-0.0027590328198222585,0.0018055171141044665,0.8333333333333333,6,6,-0.0009535157057177915,-0.001370182372384458,-0.0017868490390511248,OLS
2025-08-25,2025-08-26,-0.005476540506414078,-0.0014848296244110368,-0.003991710882003041,0.8333333333333333,6,6,-0.005476540506414078,-0.005893207173080744,-0.006309873839747411,OLS
2025-08-26,2025-08-27,-0.0014169311404000826,0.0026316325864798084,-0.004048563726879891,1.0,6,6,-0.0014169311404000826,-0.0019169311404000826,-0.002416931140400083,OLS
2025-08-27,2025-08-28,-0.00033007379560998323,-0.0002500978994343416,-7.997589617564165e-05,0.8333333333333333,6,6,-0.00033007379560998323,-0.0007467404622766499,-0.0011634071289433165,OLS
2025-08-28,2025-08-29,0.005546671364381726,0.0009040874668826918,0.004642583897499033,0.6666666666666666,6,6,0.005546671364381726,0.005213338031048393,0.004880004697715059,OLS
2025-08-29,2025-09-02,0.003271514028576634,-0.0023246024282925085,0.005596116456869141,0.6666666666666666,6,6,0.003271514028576634,0.0029381806952433003,0.0026048473619099673,OLS
2025-09-02,2025-09-03,0.004080765048875908,0.0007689431910535916,0.003311821857822317,1.0,6,6,0.004080765048875908,0.0035807650488759077,0.0030807650488759077,OLS
2025-09-03,2025-09-04,-0.00142022602173185,0.0024118857914987163,-0.0038321118132305662,0.6666666666666666,6,6,-0.00142022602173185,-0.0017535593550651832,-0.0020868926883985165,OLS
2025-09-04,2025-09-05,0.0018443329912815663,0.0014084305470633998,0.0004359024442181663,0.6666666666666666,6,6,0.0018443329912815663,0.001510999657948233,0.0011776663246148996,OLS
2025-09-05,2025-09-08,-0.00477008367205986,-0.0015958963123026831,-0.0031741873597571748,0.5,6,6,-0.00477008367205986,-0.00502008367205986,-0.005270083672059859,OLS
2025-09-08,2025-09-09,0.005778667110458654,0.007010189864731075,-0.001231522754272421,1.0,6,6,0.005778667110458654,0.005278667110458653,0.004778667110458654,OLS
2025-09-09,2025-09-10,-0.027710254082903528,-0.0004607352767749169,-0.02724951880612861,0.6666666666666666,6,6,-0.027710254082903528,-0.028043587416236863,-0.028376920749570194,OLS
2025-09-10,2025-09-11,0.001582850430454424,0.0020160854464251,-0.00043323501597067554,0.6666666666666666,6,6,0.001582850430454424,0.0012495170971210908,0.0009161837637877574,OLS
2025-09-11,2025-09-12,-0.000334541195857342,-0.006277717768632933,0.0059431765727755905,0.5,6,6,-0.000334541195857342,-0.000584541195857342,-0.000834541195857342,OLS
2025-09-12,2025-09-15,-0.0015565297381002837,0.0009744219337539416,-0.002530951671854225,0.6666666666666666,6,6,-0.0015565297381002837,-0.001889863071433617,-0.00222319640476695,OLS
2025-09-15,2025-09-16,0.0026355268250117243,0.0014779817239243417,0.0011575451010873833,1.0,6,6,0.0026355268250117243,0.0021355268250117243,0.0016355268250117243,OLS
2025-09-16,2025-09-17,-0.0011190326733340331,0.0021181479920612664,-0.0032371806653952997,1.1666666666666665,6,6,-0.0011190326733340331,-0.0017023660066673664,-0.0022856993400007,OLS
2025-09-17,2025-09-18,-0.00666128892198694,-0.002100125904941208,-0.004561163017045733,1.5,6,6,-0.00666128892198694,-0.00741128892198694,-0.00816128892198694,OLS
2025-09-18,2025-09-19,0.004336532820771049,0.00437312834296035,-3.659552218930021e-05,1.1666666666666665,6,6,0.004336532820771049,0.0037531994874377157,0.0031698661541043824,OLS
2025-09-19,2025-09-22,0.009808936286474874,0.0061627433137119905,0.003646192972762883,0.8333333333333333,6,6,0.009808936286474874,0.009392269619808208,0.00897560295314154,OLS
2025-09-22,2025-09-23,-0.0011824303495481833,-0.0016738217606815835,0.0004913914111334,1.0,6,6,-0.0011824303495481833,-0.0016824303495481833,-0.0021824303495481833,OLS
2025-09-23,2025-09-24,0.0020615309927878916,3.5361758957607944e-05,0.0020261692338302832,1.0,6,6,0.0020615309927878916,0.0015615309927878916,0.0010615309927878916,OLS
2025-09-24,2025-09-25,-0.006609854563580819,-0.0018174470676724334,-0.004792407495908384,0.8333333333333333,6,6,-0.006609854563580819,-0.007026521230247486,-0.007443187896914153,OLS
2025-09-25,2025-09-26,-0.0068921548519183815,-0.00010956444932526659,-0.006782590402593117,0.8333333333333333,6,6,-0.0068921548519183815,-0.007308821518585048,-0.007725488185251715,OLS
2025-09-26,2025-09-29,0.005077564877098541,-0.001962064673488367,0.007039629550586908,0.8333333333333333,6,6,0.005077564877098541,0.004660898210431874,0.0042442315437652076,OLS
2025-09-29,2025-09-30,0.0020743707175346258,0.0022093621692744173,-0.00013499145173979162,0.8333333333333333,6,6,0.0020743707175346258,0.001657704050867959,0.0012410373842012925,OLS
2025-09-30,2025-10-01,-0.013982983048835657,0.0019659207488551995,-0.015948903797690858,0.8333333333333333,6,6,-0.013982983048835657,-0.014399649715502323,-0.01481631638216899,OLS
2025-10-01,2025-10-02,0.0068698187119301994,0.006523597630456791,0.00034622108147340817,0.5,6,6,0.0068698187119301994,0.006619818711930199,0.0063698187119302,OLS
2025-10-02,2025-10-03,0.000861132760561758,0.00029985448082134997,0.0005612782797404083,0.5,6,6,0.000861132760561758,0.000611132760561758,0.000361132760561758,OLS
2025-10-03,2025-10-06,0.009668100584196359,0.0045061693715380165,0.005161931212658341,0.8333333333333333,6,6,0.009668100584196359,0.009251433917529693,0.008834767250863025,OLS
2025-10-06,2025-10-07,0.001313985939388342,-6.269927692090791e-05,0.00137668521630925,1.1666666666666665,6,6,0.001313985939388342,0.0007306526060550087,0.00014731927272167546,OLS
2025-10-07,2025-10-08,0.0020169079560080246,0.0013667343999935416,0.0006501735560144831,1.3333333333333333,6,6,0.0020169079560080246,0.001350241289341358,0.0006835746226746913,OLS
2025-10-08,2025-10-09,-0.005703257770504875,-0.002431963896300533,-0.003271293874204342,1.3333333333333333,6,6,-0.005703257770504875,-0.006369924437171542,-0.007036591103838208,OLS
2025-10-09,2025-10-10,-0.01063319310157065,-0.015014760593835191,0.004381567492264541,1.1666666666666665,6,6,-0.01063319310157065,-0.011216526434903984,-0.011799859768237317,OLS
2025-10-10,2025-10-13,0.006356395606422817,0.010295385915985916,-0.0039389903095631,0.8333333333333333,6,6,0.006356395606422817,0.0059397289397561505,0.005523062273089484,OLS
2025-10-13,2025-10-14,-0.009255107590467007,-0.006605476632685175,-0.002649630957781833,0.6666666666666666,6,6,-0.009255107590467007,-0.00958844092380034,-0.009921774257133673,OLS
2025-10-14,2025-10-15,0.0018956329704606077,0.006005979191292775,-0.004110346220832167,0.6666666666666666,6,6,0.0018956329704606077,0.0015622996371272744,0.0012289663037939411,OLS
2025-10-15,2025-10-16,0.005026717328456304,-0.0035709252566526245,0.008597642585108926,0.5,6,6,0.005026717328456304,0.004776717328456304,0.004526717328456303,OLS
2025-10-16,2025-10-17,0.0033395121716099413,0.004192715377094833,-0.0008532032054848917,0.5,6,6,0.0033395121716099413,0.0030895121716099415,0.0028395121716099413,OLS
2025-10-17,2025-10-20,0.004449025092056783,0.007818170865003575,-0.0033691457729467912,0.8333333333333333,6,6,0.004449025092056783,0.004032358425390116,0.0036156917587234494,OLS
2025-10-20,2025-10-21,0.0019439285881639322,0.002927255763912199,-0.0009833271757482666,0.6666666666666666,6,6,0.0019439285881639322,0.001610595254830599,0.0012772619214972657,OLS
2025-10-21,2025-10-22,0.005441044022734933,-0.003202176450766092,0.008643220473501025,0.3333333333333333,6,6,0.005441044022734933,0.005274377356068266,0.0051077106894016,OLS
2025-10-22,2025-10-23,0.0027436870462805665,0.0034130250272167663,-0.0006693379809361999,0.6666666666666666,6,6,0.0027436870462805665,0.002410353712947233,0.0020770203796139,OLS
2025-10-23,2025-10-24,-0.004543249041121814,0.0016278316223035413,-0.006171080663425359,1.0,6,6,-0.004543249041121814,-0.005043249041121814,-0.005543249041121814,OLS
2025-10-24,2025-10-27,-0.006020140429468708,0.00106617258598225,-0.007086313015450958,0.6666666666666666,6,6,-0.006020140429468708,-0.006353473762802041,-0.006686807096135375,OLS
2025-10-27,2025-10-28,-0.0005714202721689252,-0.003511045299904058,0.002939625027735133,0.5,6,6,-0.0005714202721689252,-0.0008214202721689252,-0.0010714202721689252,OLS
2025-10-28,2025-10-29,0.01093681667700783,0.0031842388558981334,0.007752577821109699,0.8333333333333333,6,6,0.01093681667700783,0.010520150010341164,0.010103483343674497,OLS
2025-10-29,2025-10-30,0.004303785109938125,-0.0031090147178668495,0.007412799827804975,1.5,6,6,0.004303785109938125,0.003553785109938125,0.0028037851099381246,OLS
2025-10-30,2025-10-31,0.000823991055940592,0.00018642217252854993,0.0006375688834120419,0.5,6,6,0.000823991055940592,0.000573991055940592,0.00032399105594059204,OLS
2025-10-31,2025-11-03,0.004749390568804085,-0.003890760211844892,0.008640150780648975,0.5,6,6,0.004749390568804085,0.004499390568804084,0.004249390568804084,OLS
2025-11-03,2025-11-04,-0.0029542531449962494,-0.0056537449211578085,0.0026994917761615582,0.5,6,6,-0.0029542531449962494,-0.003204253144996249,-0.0034542531449962494,OLS
2025-11-04,2025-11-05,-0.005807844321742274,0.0029718027075844662,-0.008779647029326742,0.3333333333333333,6,6,-0.005807844321742274,-0.00597451098840894,-0.006141177655075607,OLS
2025-11-05,2025-11-06,0.0021166148380612664,-0.003912791644348608,0.0060294064824098735,0.5,6,6,0.0021166148380612664,0.0018666148380612664,0.0016166148380612664,OLS
2025-11-06,2025-11-07,-0.006229992547271582,-0.001874411924694083,-0.0043555806225774995,0.6666666666666666,6,6,-0.006229992547271582,-0.0065633258806049154,-0.006896659213938249,OLS
2025-11-07,2025-11-10,0.0009142550097593499,0.0020164169578262246,-0.001102161948066875,0.8333333333333333,6,6,0.0009142550097593499,0.0004975883430926833,8.092167642601662e-05,OLS
2025-11-10,2025-11-11,-0.007700849966016152,0.0007769346638921001,-0.008477784629908251,0.6666666666666666,6,6,-0.007700849966016152,-0.008034183299349485,-0.008367516632682818,OLS
2025-11-11,2025-11-12,0.004437149047470883,0.004226516911074283,0.00021063213639660005,1.1666666666666665,6,6,0.004437149047470883,0.0038538157141375495,0.003270482380804216,OLS
2025-11-12,2025-11-13,-0.0008508399177393833,-0.0065170782286780825,0.005666238310938699,1.5,6,6,-0.0008508399177393833,-0.0016008399177393834,-0.002350839917739383,OLS
2025-11-13,2025-11-14,-0.0010576620167778582,-0.0015946007923493331,0.0005369387755714749,0.8333333333333333,6,6,-0.0010576620167778582,-0.001474328683444525,-0.0018909953501111915,OLS
2025-11-14,2025-11-17,-0.010587783287979024,-0.01153173740652259,0.0009439541185435668,0.5,6,6,-0.010587783287979024,-0.010837783287979024,-0.011087783287979025,OLS
2025-11-17,2025-11-18,0.005164343992064867,-0.0015447695174416166,0.006709113509506483,1.0,6,6,0.005164343992064867,0.004664343992064867,0.004164343992064867,OLS
2025-11-18,2025-11-19,0.005551208366200867,0.0021499576982026668,0.0034012506679982,0.3333333333333333,6,6,0.005551208366200867,0.0053845416995342,0.005217875032867534,OLS
2025-11-19,2025-11-20,-0.012886846783896155,-0.01054844212591829,-0.0023384046579778663,0.6666666666666666,6,6,-0.012886846783896155,-0.013220180117229488,-0.013553513450562821,OLS
2025-11-20,2025-11-21,0.002784959379297566,0.0077222218074894326,-0.004937262428191866,0.8333333333333333,6,6,0.002784959379297566,0.0023682927126308993,0.0019516260459642328,OLS
2025-11-21,2025-11-24,-0.0009161049792976753,0.0010844036065987333,-0.0020005085858964084,1.1666666666666665,6,6,-0.0009161049792976753,-0.0014994383126310086,-0.0020827716459643417,OLS
2025-11-24,2025-11-25,-0.0003124659044631921,0.004703225793658908,-0.0050156916981221,0.6666666666666666,6,6,-0.0003124659044631921,-0.0006457992377965254,-0.0009791325711298589,OLS
2025-11-25,2025-11-26,0.002277380911299592,0.007800623880866359,-0.0055232429695667665,1.0,6,6,0.002277380911299592,0.001777380911299592,0.001277380911299592,OLS
2025-11-26,2025-11-28,-0.008662034002442216,0.0033295376095406662,-0.011991571611982882,1.1666666666666665,6,6,-0.008662034002442216,-0.009245367335775549,-0.009828700669108882,OLS
2025-11-28,2025-12-01,0.0034086847502812836,-0.0010548586928646585,0.004463543443145941,1.0,6,6,0.0034086847502812836,0.0029086847502812836,0.0024086847502812836,OLS
2025-12-01,2025-12-02,-0.0066219070335293085,0.0034203866583061835,-0.010042293691835492,0.8333333333333333,6,6,-0.0066219070335293085,-0.007038573700195975,-0.007455240366862642,OLS
2025-12-02,2025-12-03,0.0030650418864549833,0.007788167434993483,-0.004723125548538499,1.1666666666666665,6,6,0.0030650418864549833,0.00248170855312165,0.0018983752197883168,OLS
2025-12-03,2025-12-04,0.0038238214939023416,8.141059191173346e-05,0.0037424109019906088,0.8333333333333333,6,6,0.0038238214939023416,0.003407154827235675,0.002990488160569008,OLS
2025-12-04,2025-12-05,-0.003479143280955825,-0.00010885530296175002,-0.0033702879779940746,1.0,6,6,-0.003479143280955825,-0.0039791432809558255,-0.004479143280955825,OLS
2025-12-05,2025-12-08,-0.0019802668096222083,-0.005792401078705308,0.0038121342690831,0.6666666666666666,6,6,-0.0019802668096222083,-0.002313600142955542,-0.002646933476288875,OLS
2025-12-08,2025-12-09,0.0008977200794419691,-0.002652173038935339,0.003549893118377308,0.6666666666666666,6,6,0.0008977200794419691,0.0005643867461086359,0.0002310534127753025,OLS
2025-12-09,2025-12-10,0.0023653568086978837,0.009609069798368243,-0.007243712989670358,0.6666666666666666,6,6,0.0023653568086978837,0.0020320234753645502,0.0016986901420312172,OLS
2025-12-10,2025-12-11,0.013636153112333509,0.006483397551042099,0.007152755561291408,0.6666666666666666,6,6,0.013636153112333509,0.013302819779000176,0.012969486445666843,OLS
2025-12-11,2025-12-12,0.007464955817272658,0.0007227449459851834,0.0067422108712874755,0.6666666666666666,6,6,0.007464955817272658,0.007131622483939325,0.006798289150605991,OLS
2025-12-12,2025-12-15,-0.002537495180396375,-0.002350279004835042,-0.0001872161755613332,1.1666666666666665,6,6,-0.002537495180396375,-0.0031208285137297085,-0.0037041618470630418,OLS
2025-12-15,2025-12-16,0.0024183092098385077,-0.00042023726109104186,0.0028385464709295496,0.8333333333333333,6,6,0.0024183092098385077,0.002001642543171841,0.0015849758765051744,OLS
2025-12-16,2025-12-17,-0.011040506747928175,-0.010524834249689292,-0.0005156724982388835,0.8333333333333333,6,6,-0.011040506747928175,-0.01145717341459484,-0.011873840081261508,OLS
2025-12-17,2025-12-18,0.0007225423753828333,0.00045334179100407475,0.0002692005843787584,0.8333333333333333,6,6,0.0007225423753828333,0.00030587570871616664,-0.0001107909579505,OLS
2025-12-18,2025-12-19,0.005760892351998684,0.008615273888488475,-0.0028543815364897914,1.0,6,6,0.005760892351998684,0.005260892351998683,0.004760892351998684,OLS
2025-12-19,2025-12-22,0.0026710510551817917,0.0037949543597356663,-0.0011239033045538755,0.5,6,6,0.0026710510551817917,0.002421051055181792,0.0021710510551817917,OLS
2025-12-22,2025-12-23,-0.0010725256858321404,-0.0016251582863110235,0.0005526326004788831,0.8333333333333333,6,6,-0.0010725256858321404,-0.001489192352498807,-0.0019058590191654737,OLS
2025-12-23,2025-12-24,-0.0007675606988820583,0.0018563472093961497,-0.0026239079082782083,0.3333333333333333,6,6,-0.0007675606988820583,-0.0009342273655487249,-0.0011008940322153916,OLS
2025-12-24,2025-12-26,0.0011737009415115581,0.00013302067737888318,0.001040680264132675,0.6666666666666666,6,6,0.0011737009415115581,0.0008403676081782249,0.0005070342748448915,OLS
2025-12-26,2025-12-29,0.00040115816888179997,-0.0003110536501185835,0.0007122118190003835,0.3333333333333333,6,6,0.00040115816888179997,0.0002344915022151333,6.782483554846664e-05,OLS
2025-12-29,2025-12-30,0.0041249797523107415,0.002247955383513225,0.0018770243687975165,0.3333333333333333,6,6,0.0041249797523107415,0.003958313085644075,0.003791646418977408,OLS
2025-12-30,2025-12-31,-0.0034217771124936333,-0.005036408066472717,0.0016146309539790832,0.6666666666666666,6,6,-0.0034217771124936333,-0.003755110445826967,-0.0040884437791603,OLS
2025-12-31,2026-01-02,0.0036268004380010646,0.00959173931302833,-0.005964938875027266,1.1666666666666665,6,6,0.0036268004380010646,0.0030434671046677313,0.002460133771334398,OLS
2026-01-02,2026-01-05,0.009117814295092518,0.004701312369349384,0.004416501925743133,0.8333333333333333,6,6,0.009117814295092518,0.008701147628425852,0.008284480961759185,OLS
2026-01-05,2026-01-06,0.010758565306763066,0.007344453561191341,0.003414111745571725,0.6666666666666666,6,6,0.010758565306763066,0.010425231973429733,0.0100918986400964,OLS
2026-01-06,2026-01-07,-0.0010976366508759915,-0.0059739879882877425,0.004876351337411751,0.8333333333333333,6,6,-0.0010976366508759915,-0.0015143033175426582,-0.0019309699842093248,OLS
2026-01-07,2026-01-08,0.0013212364780218744,0.0014400032006404,-0.00011876672261852553,0.8333333333333333,6,6,0.0013212364780218744,0.0009045698113552078,0.00048790314468854113,OLS
2026-01-08,2026-01-09,-0.00478133504598039,0.007577783369947591,-0.012359118415927982,0.6666666666666666,6,6,-0.00478133504598039,-0.005114668379313723,-0.005448001712647057,OLS
2026-01-09,2026-01-12,-0.0018746682683539167,-0.002067931755482458,0.00019326348712854166,0.5,6,6,-0.0018746682683539167,-0.002124668268353917,-0.0023746682683539167,OLS
2026-01-12,2026-01-13,-0.004911702747229475,-0.0017280183569582078,-0.003183684390271266,1.3333333333333333,6,6,-0.004911702747229475,-0.005578369413896142,-0.006245036080562808,OLS
2026-01-13,2026-01-14,0.0019095927794921335,-0.00034106390183159157,0.002250656681323724,0.8333333333333333,6,6,0.0019095927794921335,0.0014929261128254667,0.0010762594461588002,OLS
2026-01-14,2026-01-15,-0.0016902283344915165,-0.0005943923966457,-0.0010958359378458165,0.6666666666666666,6,6,-0.0016902283344915165,-0.00202356166782485,-0.0023568950011581833,OLS
2026-01-15,2026-01-16,0.0011042148503863742,-0.0009652869186329502,0.002069501769019325,0.8333333333333333,6,6,0.0011042148503863742,0.0006875481837197076,0.00027088151705304095,OLS
2026-01-16,2026-01-20,-0.0089972078613996,-0.007365002558261008,-0.0016322053031385913,0.8333333333333333,6,6,-0.0089972078613996,-0.009413874528066265,-0.009830541194732933,OLS
2026-01-20,2026-01-21,0.0067813768174009,0.009035445870907217,-0.002254069053506317,0.8333333333333333,6,6,0.0067813768174009,0.006364710150734233,0.0059480434840675665,OLS
2026-01-21,2026-01-22,0.002654664812197492,0.00475018055310415,-0.002095515740906658,1.0,6,6,0.002654664812197492,0.002154664812197492,0.0016546648121974921,OLS
2026-01-22,2026-01-23,-0.01910367205812132,-0.017318560973381667,-0.0017851110847396502,0.5,6,6,-0.01910367205812132,-0.01935367205812132,-0.01960367205812132,OLS
2026-01-23,2026-01-26,-0.0016131257947582171,-0.0013382330631332832,-0.0002748927316249335,0.6666666666666666,6,6,-0.0016131257947582171,-0.0019464591280915504,-0.0022797924614248836,OLS
2026-01-26,2026-01-27,-0.006371445886717191,-0.002989372775117292,-0.0033820731115999,0.8333333333333333,6,6,-0.006371445886717191,-0.006788112553383858,-0.007204779220050524,OLS
2026-01-27,2026-01-28,0.006358784072266942,0.007546857489447333,-0.0011880734171803914,0.8333333333333333,6,6,0.006358784072266942,0.005942117405600275,0.005525450738933608,OLS
2026-01-28,2026-01-29,-0.0012970855813839999,0.002597539097012283,-0.003894624678396283,0.6666666666666666,6,6,-0.0012970855813839999,-0.0016304189147173331,-0.0019637522480506664,OLS
2026-01-29,2026-01-30,-0.012841144561265248,-0.0071257856947284,-0.0057153588665368495,0.8333333333333333,6,6,-0.012841144561265248,-0.013257811227931914,-0.013674477894598582,OLS
2026-01-30,2026-02-02,0.0018143013020542583,0.008485085466825106,-0.0066707841647708505,0.3333333333333333,6,6,0.0018143013020542583,0.0016476346353875915,0.001480967968720925,OLS
2026-02-02,2026-02-03,-0.023668862240138117,-0.010421713843870908,-0.013247148396267207,0.3333333333333333,6,6,-0.023668862240138117,-0.023835528906804782,-0.02400219557347145,OLS
2026-02-03,2026-02-04,-0.013920232138497624,-0.0063775595677605665,-0.007542672570737057,0.5,6,6,-0.013920232138497624,-0.014170232138497624,-0.014420232138497625,OLS
2026-02-04,2026-02-05,-0.01326512444935799,-0.00907695405902244,-0.00418817039033555,0.8333333333333333,6,6,-0.01326512444935799,-0.013681791116024656,-0.014098457782691323,OLS
2026-02-05,2026-02-06,0.006913318641833265,0.01953224693277488,-0.012618928290941616,0.6666666666666666,6,6,0.006913318641833265,0.006579985308499932,0.006246651975166598,OLS
2026-02-06,2026-02-09,0.01778601791886794,0.008852795505069424,0.008933222413798517,0.8333333333333333,6,6,0.01778601791886794,0.017369351252201275,0.01695268458553461,OLS
2026-02-09,2026-02-10,0.001359436326629983,-0.0030419270577731914,0.004401363384403175,0.6666666666666666,6,6,0.001359436326629983,0.0010261029932966497,0.0006927696599633163,OLS
2026-02-10,2026-02-11,-0.0010235755806915496,0.0014963585939893002,-0.0025199341746808502,0.5,6,6,-0.0010235755806915496,-0.0012735755806915496,-0.0015235755806915496,OLS
2026-02-11,2026-02-12,-0.005948841351006242,-0.004673921759042751,-0.0012749195919634913,0.5,6,6,-0.005948841351006242,-0.006198841351006242,-0.006448841351006242,OLS
2026-02-12,2026-02-13,0.008344814863119932,0.007586342177815708,0.0007584726853042249,0.5,6,6,0.008344814863119932,0.008094814863119932,0.007844814863119932,OLS
2026-02-13,2026-02-17,0.00037707344762899107,-0.004970438991199625,0.005347512438828617,0.5,6,6,0.00037707344762899107,0.00012707344762899106,-0.00012292655237100894,OLS
2026-02-17,2026-02-18,0.005915328005333467,0.00056665809230515,0.005348669913028317,0.6666666666666666,6,6,0.005915328005333467,0.005581994672000134,0.0052486613386668,OLS
2026-02-18,2026-02-19,-0.0033559598905375586,-0.004557916484425383,0.0012019565938878253,0.6666666666666666,6,6,-0.0033559598905375586,-0.003689293223870892,-0.004022626557204225,OLS
2026-02-19,2026-02-20,0.0026191555662476154,-0.00233363497587495,0.004952790542122566,0.8333333333333333,6,6,0.0026191555662476154,0.0022024888995809486,0.001785822232914282,OLS
2026-02-20,2026-02-23,-0.026065582288353775,-0.022273673950235,-0.003791908338118774,1.0,6,6,-0.026065582288353775,-0.026565582288353776,-0.027065582288353776,OLS
2026-02-23,2026-02-24,0.01196953059872221,0.013486752731353326,-0.0015172221326311165,0.8333333333333333,6,6,0.01196953059872221,0.011552863932055544,0.011136197265388876,OLS
2026-02-24,2026-02-25,0.011485559764325966,0.009482259667030299,0.0020033000972956663,0.5,6,6,0.011485559764325966,0.011235559764325966,0.010985559764325966,OLS
2026-02-25,2026-02-26,-0.00098214129949665,-0.0017732068598431583,0.0007910655603465083,0.8333333333333333,6,6,-0.00098214129949665,-0.0013988079661633166,-0.0018154746328299834,OLS
2026-02-26,2026-02-27,-0.005265607376895184,-0.000793962555173883,-0.0044716448217213,0.5,6,6,-0.005265607376895184,-0.005515607376895184,-0.005765607376895184,OLS
2026-02-27,2026-03-02,0.006010419391613074,0.0029071685298828,0.003103250861730275,1.0,6,6,0.006010419391613074,0.005510419391613074,0.005010419391613074,OLS
2026-03-02,2026-03-03,-0.00023066729856623374,-0.00553720334431455,0.005306536045748316,0.3333333333333333,6,6,-0.00023066729856623374,-0.0003973339652329004,-0.000564000631899567,OLS
2026-03-03,2026-03-04,0.009908695113298283,0.00624905645304215,0.0036596386602561334,0.5,6,6,0.009908695113298283,0.009658695113298282,0.009408695113298282,OLS
2026-03-04,2026-03-05,0.0007212723805968672,-0.000801968669708266,0.0015232410503051332,1.0,6,6,0.0007212723805968672,0.00022127238059686718,-0.00027872761940313283,OLS
2026-03-05,2026-03-06,-0.00842591945281129,-0.005463664383620908,-0.002962255069190383,1.0,6,6,-0.00842591945281129,-0.008925919452811291,-0.00942591945281129,OLS
2026-03-06,2026-03-09,0.005122981192987491,0.005082930527347899,4.005066563959165e-05,0.8333333333333333,6,6,0.005122981192987491,0.004706314526320824,0.0042896478596541575,OLS
2026-03-09,2026-03-10,0.0029281756698644485,-0.0019501072433396167,0.004878282913204066,0.5,6,6,0.0029281756698644485,0.0026781756698644483,0.0024281756698644485,OLS
2026-03-10,2026-03-11,-0.004458000988311217,-0.002360263214261666,-0.0020977377740495503,0.6666666666666666,6,6,-0.004458000988311217,-0.00479133432164455,-0.005124667654977884,OLS
2026-03-11,2026-03-12,-0.007093153288848891,-0.01066574076408155,0.0035725874752326582,0.6666666666666666,6,6,-0.007093153288848891,-0.007426486622182224,-0.007759819955515558,OLS
2026-03-12,2026-03-13,-0.007800408489541083,-0.002460070393370108,-0.005340338096170976,0.8333333333333333,6,6,-0.007800408489541083,-0.008217075156207749,-0.008633741822874417,OLS
2026-03-13,2026-03-16,0.000755845904383991,0.003099363676478708,-0.002343517772094717,1.0,6,6,0.000755845904383991,0.00025584590438399097,-0.00024415409561600904,OLS
2026-03-16,2026-03-17,0.005976420559303042,0.0028776447450813082,0.003098775814221734,0.8333333333333333,6,6,0.005976420559303042,0.005559753892636375,0.005143087225969708,OLS
2026-03-17,2026-03-18,-4.482313909596656e-05,-0.004599314065902525,0.004554490926806558,0.8333333333333333,6,6,-4.482313909596656e-05,-0.0004614898057626332,-0.0008781564724292998,OLS
2026-03-18,2026-03-19,0.00014087837162574156,0.00039998120589335856,-0.00025910283426761656,1.1666666666666665,6,6,0.00014087837162574156,-0.0004424549617075917,-0.001025788295040925,OLS
2026-03-19,2026-03-20,-0.006207448609159259,-0.009936499145260876,0.003729050536101616,0.8333333333333333,6,6,-0.006207448609159259,-0.006624115275825925,-0.007040781942492592,OLS
2026-03-20,2026-03-23,0.006046455041465308,0.010041186794331532,-0.003994731752866224,1.0,6,6,0.006046455041465308,0.005546455041465307,0.005046455041465308,OLS
2026-03-23,2026-03-24,-0.012057123801925848,-0.0067102786165946235,-0.005346845185331224,0.5,6,6,-0.012057123801925848,-0.012307123801925848,-0.012557123801925849,OLS
2026-03-24,2026-03-25,0.003546732890885384,0.005474117678048867,-0.0019273847871634831,1.0,6,6,0.003546732890885384,0.003046732890885384,0.002546732890885384,OLS
2026-03-25,2026-03-26,-0.0032080523230815076,-0.005131135708561791,0.0019230833854802835,1.0,6,6,-0.0032080523230815076,-0.0037080523230815076,-0.004208052323081508,OLS
2026-03-26,2026-03-27,-0.013992727640789323,-0.012418521353224223,-0.0015742062875650996,1.0,6,6,-0.013992727640789323,-0.014492727640789323,-0.014992727640789322,OLS
2026-03-27,2026-03-30,-0.007084835286459673,-0.0033613062966251417,-0.0037235289898345327,1.1666666666666665,6,6,-0.007084835286459673,-0.007668168619793006,-0.00825150195312634,OLS
2026-03-30,2026-03-31,0.020753296961106112,0.02087444786412022,-0.00012115090301410825,0.16666666666666666,6,6,0.020753296961106112,0.020669963627772778,0.020586630294439447,OLS
2026-03-31,2026-04-01,0.02769676327255692,0.0064507571131684,0.02124600615938852,0.8333333333333333,6,6,0.02769676327255692,0.027280096605890255,0.02686342993922359,OLS
2026-04-01,2026-04-02,0.005996668423716133,0.004538827408979633,0.0014578410147364999,0.8333333333333333,6,6,0.005996668423716133,0.005580001757049466,0.005163335090382799,OLS
2026-04-02,2026-04-06,-0.00017220933365556714,0.0019013036498043083,-0.002073512983459875,0.8333333333333333,6,6,-0.00017220933365556714,-0.0005888760003222338,-0.0010055426669889004,OLS
2026-04-06,2026-04-07,0.005995259669414392,0.0031536837263285503,0.002841575943085842,1.0,6,6,0.005995259669414392,0.005495259669414393,0.004995259669414392,OLS
2026-04-07,2026-04-08,0.010403215153927815,0.014411037759254682,-0.004007822605326866,0.6666666666666666,6,6,0.010403215153927815,0.010069881820594482,0.00973654848726115,OLS
2026-04-08,2026-04-09,-0.00577098870577814,-0.0018679258558524916,-0.0039030628499256478,0.3333333333333333,6,6,-0.00577098870577814,-0.005937655372444807,-0.006104322039111473,OLS
2026-04-09,2026-04-10,0.003608781504235042,-0.0016452481967017332,0.005254029700936775,0.6666666666666666,6,6,0.003608781504235042,0.0032754481709017084,0.0029421148375683753,OLS
2026-04-10,2026-04-13,0.006302774013148275,0.004865943321715133,0.0014368306914331415,0.5,6,6,0.006302774013148275,0.0060527740131482745,0.005802774013148274,OLS
2026-04-13,2026-04-14,0.0043778868521586155,0.00020796654651003338,0.0041699203056485825,1.0,6,6,0.0043778868521586155,0.0038778868521586155,0.0033778868521586155,OLS
2026-04-14,2026-04-15,0.009979648943547767,0.008136830127698976,0.0018428188158487917,0.16666666666666666,6,6,0.009979648943547767,0.009896315610214434,0.0098129822768811,OLS
2026-04-15,2026-04-16,0.010356622996743333,0.010744065145895449,-0.000387442149152117,0.6666666666666666,6,6,0.010356622996743333,0.01002328966341,0.009689956330076667,OLS
2026-04-16,2026-04-17,-0.002364631464559141,0.0043737748792253,-0.006738406343784441,0.3333333333333333,6,6,-0.002364631464559141,-0.0025312981312258075,-0.0026979647978924745,OLS
2026-04-17,2026-04-20,0.002880765813203642,0.00054568421749705,0.002335081595706592,0.6666666666666666,6,6,0.002880765813203642,0.0025474324798703085,0.0022140991465369755,OLS
2026-04-20,2026-04-21,0.0009531113011456001,-0.0014236840083405667,0.0023767953094861664,0.8333333333333333,6,6,0.0009531113011456001,0.0005364446344789334,0.0001197779678122668,OLS
2026-04-21,2026-04-22,-0.0012393461632017582,-0.0005219723245733748,-0.0007173738386283833,0.6666666666666666,6,6,-0.0012393461632017582,-0.0015726794965350915,-0.0019060128298684247,OLS
2026-04-22,2026-04-23,-0.016732147392006038,-0.0035556491232571663,-0.013176498268748876,1.0,6,6,-0.016732147392006038,-0.01723214739200604,-0.01773214739200604,OLS
2026-04-23,2026-04-24,-0.002550342700230683,-0.003775585085301466,0.001225242385070783,0.8333333333333333,6,6,-0.002550342700230683,-0.00296700936689735,-0.0033836760335640165,OLS
2026-04-24,2026-04-27,0.0065747804499072995,0.003696229221677183,0.0028785512282301167,1.0,6,6,0.0065747804499072995,0.006074780449907299,0.0055747804499072994,OLS
2026-04-27,2026-04-28,-0.012012081006951418,-0.005368537354894575,-0.006643543652056841,0.5,6,6,-0.012012081006951418,-0.012262081006951418,-0.012512081006951418,OLS
2026-04-28,2026-04-29,-0.00241676880056164,0.0026028628712141087,-0.00501963167177575,0.6666666666666666,6,6,-0.00241676880056164,-0.0027501021338949736,-0.0030834354672283066,OLS
2026-04-29,2026-04-30,-0.012787868752238082,0.002474863959481808,-0.015262732711719889,0.5,6,6,-0.012787868752238082,-0.013037868752238082,-0.013287868752238082,OLS
2026-04-30,2026-05-01,0.010863707890485507,0.009833784336247006,0.0010299235542385009,0.8333333333333333,6,6,0.010863707890485507,0.01044704122381884,0.010030374557152173,OLS
2026-05-01,2026-05-04,-0.004205543065072133,-0.006616507406738458,0.002410964341666325,0.3333333333333333,6,6,-0.004205543065072133,-0.0043722097317388,-0.0045388763984054665,OLS
2026-05-04,2026-05-05,0.012298682733321867,0.015737180383689688,-0.0034384976503678247,1.1666666666666665,6,6,0.012298682733321867,0.011715349399988534,0.0111320160666552,OLS
2026-05-05,2026-05-06,0.01682210655913328,0.011772532716947934,0.00504957384218535,1.0,6,6,0.01682210655913328,0.01632210655913328,0.01582210655913328,OLS
2026-05-06,2026-05-07,0.006138102641926691,0.0031154319383297074,0.003022670703596983,0.6666666666666666,6,6,0.006138102641926691,0.005804769308593358,0.005471435975260024,OLS
2026-05-07,2026-05-08,0.005123542132856608,0.0007104679929362417,0.0044130741399203656,0.6666666666666666,6,6,0.005123542132856608,0.004790208799523275,0.004456875466189941,OLS
2026-05-08,2026-05-11,-0.0020363873768772175,0.001833992536168258,-0.0038703799130454753,0.8333333333333333,6,6,-0.0020363873768772175,-0.0024530540435438843,-0.002869720710210551,OLS
2026-05-11,2026-05-12,-0.02093101051730376,-0.017747668671992442,-0.0031833418453113167,0.8333333333333333,6,6,-0.02093101051730376,-0.021347677183970425,-0.02176434385063709,OLS
2026-05-12,2026-05-13,-0.0020326091169425345,0.0039197305813156915,-0.005952339698258225,1.0,6,6,-0.0020326091169425345,-0.0025326091169425346,-0.0030326091169425346,OLS
2026-05-13,2026-05-14,-0.016254893784730773,-0.004641830563503641,-0.011613063221227132,1.1666666666666665,6,6,-0.016254893784730773,-0.016838227118064104,-0.01742156045139744,OLS
2026-05-14,2026-05-15,-0.01332321040258139,-0.012530394309371699,-0.0007928160932096914,0.8333333333333333,6,6,-0.01332321040258139,-0.013739877069248056,-0.014156543735914724,OLS
2026-05-15,2026-05-18,-0.007904353332182567,-0.0015562928892458748,-0.006348060442936692,1.1666666666666665,6,6,-0.007904353332182567,-0.0084876866655159,-0.009071019998849234,OLS
2026-05-18,2026-05-19,0.0011700984337598339,0.0026970752236027675,-0.0015269767898429332,0.8333333333333333,6,6,0.0011700984337598339,0.0007534317670931672,0.0003367651004265006,OLS
2026-05-19,2026-05-20,0.020155275288948615,0.01632105709920756,0.003834218189741059,1.0,6,6,0.020155275288948615,0.019655275288948615,0.019155275288948614,OLS
2026-05-20,2026-05-21,0.008656082377747785,0.005073025709280307,0.0035830566684674748,1.0,6,6,0.008656082377747785,0.008156082377747785,0.007656082377747785,OLS
2026-05-21,2026-05-22,0.009488915332384266,0.01360521414225484,-0.004116298809870574,0.5,6,6,0.009488915332384266,0.009238915332384266,0.008988915332384266,OLS
2026-05-22,2026-05-26,0.020662760627715798,0.00950585420598159,0.011156906421734208,0.5,6,6,0.020662760627715798,0.020412760627715798,0.020162760627715798,OLS
2026-05-26,2026-05-27,-0.005689055700437483,-0.005039397791246908,-0.000649657909190575,0.6666666666666666,6,6,-0.005689055700437483,-0.006022389033770816,-0.00635572236710415,OLS
2026-05-27,2026-05-28,0.0037256940350107164,0.006082192857719866,-0.0023564988227091493,0.8333333333333333,6,6,0.0037256940350107164,0.0033090273683440497,0.002892360701677383,OLS
2026-05-28,2026-05-29,-0.005467458514526593,0.007970803941713832,-0.013438262456240423,0.6666666666666666,6,6,-0.005467458514526593,-0.005800791847859926,-0.00613412518119326,OLS
2026-05-29,2026-06-01,-0.0004323849442205239,-0.0025383206396534987,0.002105935695432975,1.0,6,6,-0.0004323849442205239,-0.0009323849442205239,-0.001432384944220524,OLS
2026-06-01,2026-06-02,0.004107866242121616,0.004398144140820133,-0.00029027789869851646,0.6666666666666666,6,6,0.004107866242121616,0.0037745329087882826,0.0034411995754549496,OLS
2026-06-02,2026-06-03,0.0092787315002884,0.0060779323518780235,0.003200799148410375,1.0,6,6,0.0092787315002884,0.008778731500288399,0.008278731500288398,OLS
2026-06-03,2026-06-04,0.0022018002894005997,0.004934445747373232,-0.0027326454579726335,1.3333333333333333,6,6,0.0022018002894005997,0.0015351336227339332,0.0008684669560672664,OLS
2026-06-04,2026-06-05,-0.03500098009212047,-0.030143177518450533,-0.004857802573669941,1.3333333333333333,6,6,-0.03500098009212047,-0.03566764675878714,-0.036334313425453804,OLS
2026-06-05,2026-06-08,0.005337740122750883,0.004968152816902449,0.0003695873058484336,0.8333333333333333,6,6,0.005337740122750883,0.004921073456084216,0.004504406789417549,OLS
2026-06-08,2026-06-09,-0.009443140232023174,-0.011116036263853765,0.0016728960318305912,0.6666666666666666,6,6,-0.009443140232023174,-0.009776473565356507,-0.01010980689868984,OLS
2026-06-09,2026-06-10,0.004237153897053949,-0.0061001035975561755,0.010337257494610124,1.3333333333333333,6,6,0.004237153897053949,0.0035704872303872824,0.002903820563720616,OLS
2026-06-10,2026-06-11,0.00028915961034563144,0.013190747212326374,-0.012901587601980742,0.6666666666666666,6,6,0.00028915961034563144,-4.417372298770188e-05,-0.0003775070563210352,OLS
2026-06-11,2026-06-12,-0.006731472164980841,0.0011322841089905751,-0.007863756273971416,0.6666666666666666,6,6,-0.006731472164980841,-0.007064805498314174,-0.007398138831647508,OLS
2026-06-12,2026-06-15,0.008798274869318124,0.006625200909477491,0.0021730739598406325,0.5,6,6,0.008798274869318124,0.008548274869318124,0.008298274869318124,OLS
2026-06-15,2026-06-16,0.00031674376683330874,-0.001092167570117358,0.0014089113369506667,0.5,6,6,0.00031674376683330874,6.674376683330873e-05,-0.00018325623316669127,OLS
2026-06-16,2026-06-17,0.0030464464505579837,-0.0036311185237885325,0.006677564974346516,0.6666666666666666,6,6,0.0030464464505579837,0.00271311311722465,0.002379779783891317,OLS
2026-06-17,2026-06-18,0.006182487548054158,0.0019121776070760415,0.0042703099409781165,0.3333333333333333,6,6,0.006182487548054158,0.0060158208813874915,0.005849154214720825,OLS
2026-06-18,2026-06-22,-0.003870960931315042,-0.003836960733523592,-3.400019779145006e-05,0.5,6,6,-0.003870960931315042,-0.004120960931315042,-0.004370960931315043,OLS
2026-06-22,2026-06-23,-0.014834361403999156,-0.012742136864818423,-0.002092224539180733,0.5,6,6,-0.014834361403999156,-0.015084361403999156,-0.015334361403999157,OLS
2026-06-23,2026-06-24,-0.0003115598218746663,-0.005116225428272659,0.004804665606397991,1.3333333333333333,6,6,-0.0003115598218746663,-0.0009782264885413328,-0.0016448931552079996,OLS
2026-06-24,2026-06-25,-0.004413990237960683,-0.0017782955177067835,-0.0026356947202539004,0.6666666666666666,6,6,-0.004413990237960683,-0.004747323571294016,-0.00508065690462735,OLS
2026-06-25,2026-06-26,-0.014440441669972642,-0.005804623452625973,-0.008635818217346667,1.1666666666666665,6,6,-0.014440441669972642,-0.015023775003305975,-0.015607108336639308,OLS
2026-06-26,2026-06-29,0.001754011232325808,0.002119858533567458,-0.00036584730124165004,0.8333333333333333,6,6,0.001754011232325808,0.0013373445656591413,0.0009206778989924748,OLS
2026-06-29,2026-06-30,-0.007806459342114885,0.0004265797031492999,-0.008233039045264182,0.6666666666666666,6,6,-0.007806459342114885,-0.008139792675448218,-0.008473126008781551,OLS
2026-06-30,2026-07-01,-0.01295483588174435,-0.005850795826633359,-0.007104040055110991,1.6666666666666665,6,6,-0.01295483588174435,-0.013788169215077684,-0.014621502548411018,OLS
2026-07-01,2026-07-02,0.016294505576595487,0.01419966228445275,0.0020948432921427417,1.3333333333333333,6,6,0.016294505576595487,0.01562783890992882,0.014961172243262153,OLS
2026-07-02,2026-07-06,-0.001159255196375884,0.007782877992418575,-0.008942133188794459,1.0,6,6,-0.001159255196375884,-0.001659255196375884,-0.002159255196375884,OLS
2026-07-06,2026-07-07,-0.022270523525979247,-0.014894094949079742,-0.007376428576899507,1.5,6,6,-0.022270523525979247,-0.023020523525979247,-0.023770523525979248,OLS
2026-07-07,2026-07-08,-0.004007718358455559,-0.008390453409317516,0.0043827350508619575,0.8333333333333333,6,6,-0.004007718358455559,-0.004424385025122226,-0.0048410516917888925,OLS
2026-07-08,2026-07-09,0.008329450851870184,0.007030299568461908,0.0012991512834082753,1.0,6,6,0.008329450851870184,0.007829450851870184,0.007329450851870184,OLS
2026-07-09,2026-07-10,-0.0006033992900202163,-0.0013062654843566581,0.0007028661943364417,0.6666666666666666,6,6,-0.0006033992900202163,-0.0009367326233535496,-0.0012700659566868828,OLS
2026-07-10,2026-07-13,-0.020540402617169485,-0.01593153607228273,-0.00460886654488675,0.6666666666666666,6,6,-0.020540402617169485,-0.02087373595050282,-0.02120706928383615,OLS
2026-07-13,2026-07-14,0.009745376736284748,0.002704359127712833,0.007041017608571917,1.3333333333333333,6,6,0.009745376736284748,0.009078710069618082,0.008412043402951415,OLS
2026-07-14,2026-07-15,-0.0030221545210570087,-0.005452254105947408,0.0024300995848904,1.0,6,6,-0.0030221545210570087,-0.0035221545210570087,-0.004022154521057008,OLS
2026-07-15,2026-07-16,0.0035476922648875675,0.00493675412874596,-0.001389061863858392,0.8333333333333333,6,6,0.0035476922648875675,0.0031310255982209007,0.002714358931554234,OLS
2026-07-16,2026-07-17,-0.009982087830036575,-0.00729369514280344,-0.002688392687233133,0.6666666666666666,6,6,-0.009982087830036575,-0.010315421163369908,-0.010648754496703241,OLS
2026-07-17,2026-07-20,0.0009469083783339828,-0.004335051721080965,0.00528196009941495,0.6666666666666666,6,6,0.0009469083783339828,0.0006135750450006496,0.0002802417116673162,OLS
2026-07-20,2026-07-21,0.00400813753722184,0.01289864605828851,-0.008890508521066667,1.1666666666666665,6,6,0.00400813753722184,0.003424804203888507,0.0028414708705551735,OLS
2026-07-21,2026-07-22,-0.00681763129090894,-0.003858694828344708,-0.002958936462564233,1.0,6,6,-0.00681763129090894,-0.007317631290908941,-0.007817631290908941,OLS
2026-07-22,2026-07-23,0.00015563813462996683,-0.003878274666336608,0.004033912800966574,1.1666666666666665,6,6,0.00015563813462996683,-0.00042769519870336644,-0.0010110285320366996,OLS
2026-07-23,2026-07-24,-0.005814819122733034,-0.0010003368595196504,-0.004814482263213382,1.0,6,6,-0.005814819122733034,-0.006314819122733035,-0.006814819122733034,OLS
2026-07-24,2026-07-27,0.008848422399058,0.007438955598933525,0.0014094668001244748,1.0,6,6,0.008848422399058,0.008348422399058,0.007848422399058,OLS
2026-07-27,2026-07-28,-0.0061510233237334466,0.003806876999561416,-0.009957900323294865,1.1666666666666665,6,6,-0.0061510233237334466,-0.00673435665706678,-0.007317689990400113,OLS
2026-07-28,2026-07-29,-0.002152223355413224,-0.007634036185028216,0.005481812829614991,0.6666666666666666,6,6,-0.002152223355413224,-0.0024855566887465575,-0.0028188900220798905,OLS
2026-07-29,2026-07-30,-0.0030952280647627744,-0.0016181039251682997,-0.0014771241395944747,0.5,6,6,-0.0030952280647627744,-0.0033452280647627746,-0.0035952280647627744,OLS
2026-07-30,2026-07-31,-0.007240257487108074,-0.0033857330320473332,-0.003854524455060741,0.8333333333333333,6,6,-0.007240257487108074,-0.007656924153774741,-0.008073590820441408,OLS
2026-07-31,2026-08-03,0.014602993179233532,0.010903952496688681,0.00369904068254485,0.8333333333333333,6,6,0.014602993179233532,0.014186326512566867,0.013769659845900199,OLS
2026-08-03,2026-08-04,0.02393715562785312,0.028709105318018315,-0.0047719496901651995,0.3333333333333333,6,6,0.02393715562785312,0.023770488961186453,0.023603822294519784,OLS
2026-08-04,2026-08-05,-0.013636768213052299,-0.005651765017508308,-0.007985003195543992,0.3333333333333333,6,6,-0.013636768213052299,-0.013803434879718966,-0.013970101546385632,OLS
2026-08-05,2026-08-06,-0.0017582021659982325,-0.002711475103942308,0.0009532729379440753,0.3333333333333333,6,6,-0.0017582021659982325,-0.0019248688326648992,-0.002091535499331566,OLS
2026-08-06,2026-08-07,0.0013957083958257756,0.007373234766675084,-0.005977526370849307,0.6666666666666666,6,6,0.0013957083958257756,0.0010623750624924424,0.000729041729159109,OLS
2026-08-07,2026-08-10,-0.007703685638985424,-0.006386105581135199,-0.001317580057850225,1.1666666666666665,6,6,-0.007703685638985424,-0.008287018972318757,-0.00887035230565209,OLS
2026-08-10,2026-08-11,-0.0007995639584726878,-0.001842781780848613,0.001043217822375925,0.8333333333333333,6,6,-0.0007995639584726878,-0.0012162306251393543,-0.001632897291806021,OLS
2026-08-11,2026-08-12,-0.0001069686466922336,0.0032087026412718745,-0.003315671287964108,1.1666666666666665,6,6,-0.0001069686466922336,-0.0006903019800255669,-0.0012736353133589002,OLS
2026-08-12,2026-08-13,0.003806269466952675,0.003892229984909858,-8.596051795718333e-05,1.1666666666666665,6,6,0.003806269466952675,0.0032229361336193417,0.0026396028002860085,OLS
2026-08-13,2026-08-14,0.0014337787724386162,-0.0005500217167890998,0.0019838004892277165,1.0,6,6,0.0014337787724386162,0.0009337787724386162,0.0004337787724386162,OLS
2026-08-14,2026-08-17,0.0018625301609719756,-0.002416937202872533,0.004279467363844509,0.3333333333333333,6,6,0.0018625301609719756,0.0016958634943053089,0.0015291968276386423,OLS
2026-08-17,2026-08-18,-0.020401253936906828,-0.016754841046195068,-0.0036464128907117577,0.5,6,6,-0.020401253936906828,-0.020651253936906828,-0.020901253936906828,OLS
2026-08-18,2026-08-19,-0.00923427625260626,0.0024491605267460996,-0.011683436779352359,1.0,6,6,-0.00923427625260626,-0.00973427625260626,-0.01023427625260626,OLS
2026-08-19,2026-08-20,0.0063586535639012405,-0.006482042765626599,0.01284069632952784,0.6666666666666666,6,6,0.0063586535639012405,0.0060253202305679075,0.0056919868972345735,OLS
2026-08-20,2026-08-21,-0.0010350580574488843,0.002502717438333383,-0.0035377754957822668,0.5,6,6,-0.0010350580574488843,-0.0012850580574488844,-0.0015350580574488844,OLS
2026-08-21,2026-08-24,-0.008000134775198182,-0.0075845168125076665,-0.00041561796269051635,0.5,6,6,-0.008000134775198182,-0.008250134775198183,-0.008500134775198183,OLS
2026-08-24,2026-08-25,0.0030856407306468162,0.004360815991586007,-0.0012751752609391918,0.5,6,6,0.0030856407306468162,0.002835640730646816,0.002585640730646816,OLS
2026-08-25,2026-08-26,0.008324022681066724,0.004533772385745084,0.003790250295321641,0.8333333333333333,6,6,0.008324022681066724,0.007907356014400058,0.007490689347733391,OLS
2026-08-26,2026-08-27,0.01393225030488409,0.007676274282640524,0.006255976022243566,0.6666666666666666,6,6,0.01393225030488409,0.013598916971550757,0.013265583638217424,OLS
2022-01-03,2022-01-04,-0.015288839524272867,0.0007975209303287835,-0.01608636045460165,1.0,6,6,-0.015288839524272867,-0.015788839524272867,-0.016288839524272868,Ridge
2022-01-04,2022-01-05,-0.0009491588175591665,-0.0023891665005575415,0.001440007682998375,0.5,6,6,-0.0009491588175591665,-0.0011991588175591665,-0.0014491588175591665,Ridge
2022-01-05,2022-01-06,-0.004794213852188858,-0.002776246747978891,-0.002017967104209967,0.8333333333333333,6,6,-0.004794213852188858,-0.005210880518855525,-0.0056275471855221915,Ridge
2022-01-06,2022-01-07,-0.0024108984443832245,0.0023703317922291,-0.004781230236612324,0.6666666666666666,6,6,-0.0024108984443832245,-0.002744231777716558,-0.003077565111049891,Ridge
2022-01-07,2022-01-10,0.00228110198018285,0.0014291296748298165,0.0008519723053530334,0.6666666666666666,6,6,0.00228110198018285,0.0019477686468495168,0.0016144353135161835,Ridge
2022-01-10,2022-01-11,0.002858151461388833,0.006565488829805416,-0.003707337368416583,1.0,6,6,0.002858151461388833,0.002358151461388833,0.0018581514613888331,Ridge
2022-01-11,2022-01-12,-0.0002015914939143999,-0.001028162555169875,0.000826571061255475,0.8333333333333333,6,6,-0.0002015914939143999,-0.0006182581605810666,-0.0010349248272477332,Ridge
2022-01-12,2022-01-13,-0.0013778906576501584,-0.001509751512317067,0.00013186085466690837,0.8333333333333333,6,6,-0.0013778906576501584,-0.0017945573243168251,-0.0022112239909834915,Ridge
2022-01-13,2022-01-14,-0.0036867559797630245,-0.0021187643434387162,-0.0015679916363243083,1.3333333333333333,6,6,-0.0036867559797630245,-0.004353422646429691,-0.005020089313096358,Ridge
2022-01-14,2022-01-18,-0.00895478554354574,-0.014259746792678683,0.005304961249132942,1.0,6,6,-0.00895478554354574,-0.00945478554354574,-0.00995478554354574,Ridge
2022-01-18,2022-01-19,-0.002388009057545524,-0.005408936349145082,0.0030209272915995584,0.8333333333333333,6,6,-0.002388009057545524,-0.0028046757242121906,-0.0032213423908788574,Ridge
2022-01-19,2022-01-20,-0.002758260676040741,-0.005039474374981675,0.002281213698940933,1.0,6,6,-0.002758260676040741,-0.003258260676040741,-0.003758260676040741,Ridge
2022-01-20,2022-01-21,-0.007886507988463074,-0.009173123189982115,0.0012866152015190415,1.0,6,6,-0.007886507988463074,-0.008386507988463075,-0.008886507988463074,Ridge
2022-01-21,2022-01-24,0.002376962579092909,0.0005992183017851167,0.0017777442773077917,0.6666666666666666,6,6,0.002376962579092909,0.0020436292457595754,0.0017102959124262423,Ridge
2022-01-24,2022-01-25,0.00120598005539215,0.004363120550396649,-0.0031571404950045,0.5,6,6,0.00120598005539215,0.00095598005539215,0.00070598005539215,Ridge
2022-01-25,2022-01-26,0.00019651815347249135,-0.002495840279851092,0.0026923584333235833,0.8333333333333333,6,6,0.00019651815347249135,-0.0002201485131941753,-0.0006368151798608419,Ridge
2022-01-26,2022-01-27,-0.008006901360734476,-0.006444705709351791,-0.0015621956513826832,0.5,6,6,-0.008006901360734476,-0.008256901360734476,-0.008506901360734476,Ridge
2022-01-27,2022-01-28,0.001579079023613599,0.005564276228839516,-0.003985197205225916,0.5,6,6,0.001579079023613599,0.001329079023613599,0.001079079023613599,Ridge
2022-01-28,2022-01-31,0.002641393133966516,0.007532764416042783,-0.004891371282076267,0.8333333333333333,6,6,0.002641393133966516,0.002224726467299849,0.0018080598006331827,Ridge
2022-01-31,2022-02-01,0.008571629135540767,0.00704449096934625,0.0015271381661945164,0.5,6,6,0.008571629135540767,0.008321629135540767,0.008071629135540766,Ridge
2022-02-01,2022-02-02,0.0015349223088903911,0.0045769040406715,-0.003041981731781108,0.8333333333333333,6,6,0.0015349223088903911,0.0011182556422237246,0.0007015889755570578,Ridge
2022-02-02,2022-02-03,0.0011755312952823152,-0.0069658442817988825,0.008141375577081198,1.1666666666666665,6,6,0.0011755312952823152,0.0005921979619489819,8.864628615648604e-06,Ridge
2022-02-03,2022-02-04,0.009481431489018664,0.0047449878403352085,0.0047364436486834575,0.8333333333333333,6,6,0.009481431489018664,0.009064764822351998,0.00864809815568533,Ridge
2022-02-04,2022-02-07,-0.0033892499910273075,-0.0005726203263544333,-0.0028166296646728746,1.6666666666666665,6,6,-0.0033892499910273075,-0.004222583324360641,-0.0050559166576939745,Ridge
2022-02-07,2022-02-08,-0.003132340910974865,0.004060501646852366,-0.007192842557827234,1.0,6,6,-0.003132340910974865,-0.003632340910974865,-0.004132340910974865,Ridge
2022-02-08,2022-02-09,0.0108477279385224,0.009646991745013857,0.0012007361935085414,0.6666666666666666,6,6,0.0108477279385224,0.010514394605189067,0.010181061271855734,Ridge
2022-02-09,2022-02-10,-0.00385885507807781,-0.012666607293246583,0.008807752215168775,1.0,6,6,-0.00385885507807781,-0.00435885507807781,-0.00485885507807781,Ridge
2022-02-10,2022-02-11,-0.0072046843265855505,-0.01200998574154519,0.004805301414959642,1.1666666666666665,6,6,-0.0072046843265855505,-0.007788017659918884,-0.008371350993252216,Ridge
2022-02-11,2022-02-14,0.004049204790699708,-0.0019255461827508997,0.005974750973450609,0.8333333333333333,6,6,0.004049204790699708,0.003632538124033041,0.0032158714573663743,Ridge
2022-02-14,2022-02-15,0.007992415263004975,0.0104678629551323,-0.0024754476921273246,1.3333333333333333,6,6,0.007992415263004975,0.007325748596338308,0.006659081929671642,Ridge
2022-02-15,2022-02-16,-0.0030926272295580164,-0.0030611577987716917,-3.146943078632486e-05,1.3333333333333333,6,6,-0.0030926272295580164,-0.003759293896224683,-0.0044259605628913495,Ridge
2022-02-16,2022-02-17,-0.017966591525625332,-0.016865368493722332,-0.0011012230319029995,1.3333333333333333,6,6,-0.017966591525625332,-0.018633258192291998,-0.019299924858958664,Ridge
2022-02-17,2022-02-18,-0.005354394842700041,-0.002761450058618725,-0.002592944784081317,0.6666666666666666,6,6,-0.005354394842700041,-0.005687728176033374,-0.006021061509366708,Ridge
2022-02-18,2022-02-22,-0.0050818516070576586,-0.007694183784777716,0.0026123321777200576,0.3333333333333333,6,6,-0.0050818516070576586,-0.005248518273724325,-0.005415184940390992,Ridge
2022-02-22,2022-02-23,-0.0007670612937240571,-0.008778800808572115,0.008011739514848059,0.3333333333333333,6,6,-0.0007670612937240571,-0.0009337279603907237,-0.0011003946270573904,Ridge
2022-02-23,2022-02-24,0.009295773274158075,0.0031132346316729833,0.006182538642485091,0.3333333333333333,6,6,0.009295773274158075,0.009129106607491408,0.008962439940824742,Ridge
2022-02-24,2022-02-25,-0.007407106527762081,0.010771584896337342,-0.018178691424099423,0.5,6,6,-0.007407106527762081,-0.007657106527762081,-0.007907106527762081,Ridge
2022-02-25,2022-02-28,0.006064103210841658,0.0020438974029675415,0.004020205807874117,0.5,6,6,0.006064103210841658,0.005814103210841658,0.005564103210841657,Ridge
2022-02-28,2022-03-01,-0.016078422404649198,-0.01586339371383209,-0.00021502869081710792,0.8333333333333333,6,6,-0.016078422404649198,-0.016495089071315864,-0.01691175573798253,Ridge
2022-03-01,2022-03-02,0.009065638435129874,0.014913932567422968,-0.005848294132293092,0.8333333333333333,6,6,0.009065638435129874,0.008648971768463208,0.00823230510179654,Ridge
2022-03-02,2022-03-03,-0.006465257888859141,-0.006722767071938291,0.0002575091830791499,1.0,6,6,-0.006465257888859141,-0.0069652578888591415,-0.007465257888859141,Ridge
2022-03-03,2022-03-04,-0.017466348334606883,-0.013269406873251366,-0.004196941461355516,1.1666666666666665,6,6,-0.017466348334606883,-0.018049681667940215,-0.01863301500127355,Ridge
2022-03-04,2022-03-07,-0.02231442723437028,-0.025886723389252055,0.003572296154881776,0.8333333333333333,6,6,-0.02231442723437028,-0.022731093901036947,-0.023147760567703613,Ridge
2022-03-07,2022-03-08,9.547885713237508e-05,0.004013649456560574,-0.003918170599428199,0.6666666666666666,6,6,9.547885713237508e-05,-0.00023785447620095824,-0.0005711878095342915,Ridge
2022-03-08,2022-03-09,0.023954162306539756,0.017602381690910565,0.006351780615629191,0.8333333333333333,6,6,0.023954162306539756,0.02353749563987309,0.023120828973206425,Ridge
2022-03-09,2022-03-10,-0.009694331365893934,-0.003949859337899025,-0.005744472027994907,0.6666666666666666,6,6,-0.009694331365893934,-0.010027664699227267,-0.0103609980325606,Ridge
2022-03-10,2022-03-11,-0.010572037955393732,-0.006993524729463141,-0.0035785132259305917,0.5,6,6,-0.010572037955393732,-0.010822037955393733,-0.011072037955393733,Ridge
2022-03-11,2022-03-14,-0.011758967983909376,-0.011109294498714284,-0.0006496734851950919,0.5,6,6,-0.011758967983909376,-0.012008967983909376,-0.012258967983909377,Ridge
2022-03-14,2022-03-15,0.004142712637237733,0.012177862851196241,-0.008035150213958508,0.8333333333333333,6,6,0.004142712637237733,0.003726045970571066,0.0033093793039043994,Ridge
2022-03-15,2022-03-16,0.013102672311346182,0.013203335783080375,-0.00010066347173419172,0.8333333333333333,6,6,0.013102672311346182,0.012686005644679517,0.012269338978012849,Ridge
2022-03-16,2022-03-17,0.0012640625373106327,0.007526861681135166,-0.0062627991438245325,1.0,6,6,0.0012640625373106327,0.0007640625373106326,0.00026406253731063264,Ridge
2022-03-17,2022-03-18,0.004143668528141416,0.004507296657857991,-0.0003636281297165749,0.8333333333333333,6,6,0.004143668528141416,0.003727001861474749,0.003310335194808082,Ridge
2022-03-18,2022-03-21,0.007684588870914491,0.006938893411918416,0.0007456954589960751,1.0,6,6,0.007684588870914491,0.00718458887091449,0.006684588870914491,Ridge
2022-03-21,2022-03-22,0.0012545375893531908,0.008616302701099792,-0.007361765111746601,1.3333333333333333,6,6,0.0012545375893531908,0.0005878709226865242,-7.879574398014246e-05,Ridge
2022-03-22,2022-03-23,0.002028864800280191,-0.005035929129894725,0.007064793930174916,1.0,6,6,0.002028864800280191,0.001528864800280191,0.001028864800280191,Ridge
2022-03-23,2022-03-24,0.002439593246175266,0.0060191475829748245,-0.0035795543367995583,1.1666666666666665,6,6,0.002439593246175266,0.0018562599128419325,0.0012729265795085993,Ridge
2022-03-24,2022-03-25,-0.0006690299893754746,0.0025413259413979085,-0.003210355930773383,1.1666666666666665,6,6,-0.0006690299893754746,-0.0012523633227088079,-0.0018356966560421411,Ridge
2022-03-25,2022-03-28,0.0027980598523076996,0.0005557231225074751,0.0022423367298002247,0.8333333333333333,6,6,0.0027980598523076996,0.002381393185641033,0.001964726518974366,Ridge
2022-03-28,2022-03-29,-0.0020178261232702585,0.0031061163635052336,-0.005123942486775492,1.1666666666666665,6,6,-0.0020178261232702585,-0.0026011594566035918,-0.003184492789936925,Ridge
2022-03-29,2022-03-30,-0.0011117656514352163,-0.0028571888941474914,0.0017454232427122748,1.3333333333333333,6,6,-0.0011117656514352163,-0.0017784323181018829,-0.0024450989847685494,Ridge
2022-03-30,2022-03-31,-0.007140997664245733,-0.011393261345542458,0.004252263681296725,1.0,6,6,-0.007140997664245733,-0.007640997664245733,-0.008140997664245732,Ridge
2022-03-31,2022-04-01,-0.008582890454693385,-0.003985554207844549,-0.0045973362468488335,0.6666666666666666,6,6,-0.008582890454693385,-0.008916223788026718,-0.00924955712136005,Ridge
2022-04-01,2022-04-04,0.006491071275684657,0.004770068703317549,0.001721002572367108,0.8333333333333333,6,6,0.006491071275684657,0.00607440460901799,0.005657737942351323,Ridge
2022-04-04,2022-04-05,-0.006621738339181817,-0.006489494421232124,-0.00013224391794969172,0.8333333333333333,6,6,-0.006621738339181817,-0.007038405005848483,-0.00745507167251515,Ridge
2022-04-05,2022-04-06,-0.019780174872620793,-0.010148545506883124,-0.009631629365737667,0.8333333333333333,6,6,-0.019780174872620793,-0.02019684153928746,-0.020613508205954124,Ridge
2022-04-06,2022-04-07,-0.004189169606891025,5.8173267265700036e-05,-0.004247342874156725,0.5,6,6,-0.004189169606891025,-0.004439169606891025,-0.004689169606891025,Ridge
2022-04-07,2022-04-08,-0.009601627336909916,-0.007179858649769183,-0.002421768687140733,0.8333333333333333,6,6,-0.009601627336909916,-0.010018294003576582,-0.01043496067024325,Ridge
2022-04-08,2022-04-11,0.00017981540117095854,-0.00916291780960895,0.009342733210779908,0.6666666666666666,6,6,0.00017981540117095854,-0.00015351793216237478,-0.0004868512654957081,Ridge
2022-04-11,2022-04-12,0.0026446310944016832,0.0009847425783388332,0.0016598885160628498,0.3333333333333333,6,6,0.0026446310944016832,0.0024779644277350167,0.0023112977610683498,Ridge
2022-04-12,2022-04-13,0.004753646759733575,0.009690701820115808,-0.004937055060382233,0.3333333333333333,6,6,0.004753646759733575,0.004586980093066908,0.004420313426400242,Ridge
2022-04-13,2022-04-14,-0.013055338745672933,-0.01225756465946224,-0.0007977740862106918,0.8333333333333333,6,6,-0.013055338745672933,-0.013472005412339599,-0.013888672079006266,Ridge
2022-04-14,2022-04-18,-0.0010827215534601254,0.002276454610670958,-0.003359176164131083,0.8333333333333333,6,6,-0.0010827215534601254,-0.0014993882201267922,-0.0019160548867934587,Ridge
2022-04-18,2022-04-19,-0.0013961956240837912,0.0059097476846065086,-0.0073059433086903,0.6666666666666666,6,6,-0.0013961956240837912,-0.0017295289574171245,-0.002062862290750458,Ridge
2022-04-19,2022-04-20,-0.006969849264052882,0.002507321665299083,-0.009477170929351967,0.6666666666666666,6,6,-0.006969849264052882,-0.007303182597386215,-0.007636515930719549,Ridge
2022-04-20,2022-04-21,-0.004875398781801425,-0.007807778252894942,0.0029323794710935168,0.6666666666666666,6,6,-0.004875398781801425,-0.005208732115134758,-0.005542065448468092,Ridge
2022-04-21,2022-04-22,-0.0015554890031633352,-0.012518688007465882,0.010963199004302548,0.6666666666666666,6,6,-0.0015554890031633352,-0.0018888223364966685,-0.0022221556698300018,Ridge
2022-04-22,2022-04-25,-0.0027982341176479757,0.0029914924482948415,-0.005789726565942816,0.5,6,6,-0.0027982341176479757,-0.003048234117647976,-0.0032982341176479757,Ridge
2022-04-25,2022-04-26,-0.008808124738600941,-0.016519186451749705,0.0077110617131487666,0.5,6,6,-0.008808124738600941,-0.009058124738600942,-0.009308124738600942,Ridge
2022-04-26,2022-04-27,-0.00435707516195251,-0.00539845838058215,0.0010413832186296416,0.3333333333333333,6,6,-0.00435707516195251,-0.004523741828619176,-0.004690408495285843,Ridge
2022-04-27,2022-04-28,0.012081034932549532,0.016260743151273672,-0.004179708218724141,0.3333333333333333,6,6,0.012081034932549532,0.011914368265882864,0.011747701599216199,Ridge
2022-04-28,2022-04-29,-0.0052749192591977564,-0.01603695566269951,0.01076203640350175,0.8333333333333333,6,6,-0.0052749192591977564,-0.005691585925864423,-0.00610825259253109,Ridge
2022-04-29,2022-05-02,0.013902480203696324,0.006689640165853283,0.007212840037843041,0.3333333333333333,6,6,0.013902480203696324,0.013735813537029656,0.01356914687036299,Ridge
2022-05-02,2022-05-03,0.0029765576450611407,0.006305561673837843,-0.0033290040287767006,0.6666666666666666,6,6,0.0029765576450611407,0.002643224311727807,0.002309890978394474,Ridge
2022-05-03,2022-05-04,-0.0011331496018422318,0.01445553139800104,-0.015588680999843273,1.0,6,6,-0.0011331496018422318,-0.0016331496018422318,-0.002133149601842232,Ridge
2022-05-04,2022-05-05,-0.0011097256358610086,-0.016249578659266708,0.0151398530234057,1.1666666666666665,6,6,-0.0011097256358610086,-0.0016930589691943419,-0.002276392302527675,Ridge
2022-05-05,2022-05-06,-0.007577794205916409,-0.006464496493783642,-0.0011132977121327665,1.1666666666666665,6,6,-0.007577794205916409,-0.008161127539249743,-0.008744460872583074,Ridge
2022-05-06,2022-05-09,-0.005937629983889047,-0.017828443066954098,0.011890813083065048,0.5,6,6,-0.005937629983889047,-0.0061876299838890475,-0.006437629983889047,Ridge
2022-05-09,2022-05-10,0.0007131907278440162,-0.0007747870145277335,0.00148797774237175,0.8333333333333333,6,6,0.0007131907278440162,0.0002965240611773496,-0.00012014260548931705,Ridge
2022-05-10,2022-05-11,-0.008531066739745782,-0.007643415149277133,-0.0008876515904686498,0.5,6,6,-0.008531066739745782,-0.008781066739745783,-0.009031066739745783,Ridge
2022-05-11,2022-05-12,-0.007442917025675025,-0.003300868432819759,-0.004142048592855266,0.3333333333333333,6,6,-0.007442917025675025,-0.007609583692341691,-0.007776250359008358,Ridge
2022-05-12,2022-05-13,0.012156741348914831,0.012948160099522031,-0.0007914187506072001,0.5,6,6,0.012156741348914831,0.011906741348914831,0.011656741348914831,Ridge
2022-05-13,2022-05-16,-0.0053603794331489665,-0.0018744082794636251,-0.0034859711536853414,0.8333333333333333,6,6,-0.0053603794331489665,-0.005777046099815633,-0.0061937127664823,Ridge
2022-05-16,2022-05-17,0.027820529336444695,0.020534799801260065,0.007285729535184634,0.8333333333333333,6,6,0.027820529336444695,0.02740386266977803,0.026987196003111363,Ridge
2022-05-17,2022-05-18,-0.011167459109097708,-0.027635640716953156,0.01646818160785545,1.1666666666666665,6,6,-0.011167459109097708,-0.011750792442431041,-0.012334125775764374,Ridge
2022-05-18,2022-05-19,0.008817433352269978,-0.004165566376825199,0.01298299972909518,0.5,6,6,0.008817433352269978,0.008567433352269978,0.008317433352269978,Ridge
2022-05-19,2022-05-20,-0.006796862203634031,-0.0005286214838419997,-0.006268240719792032,0.8333333333333333,6,6,-0.006796862203634031,-0.007213528870300698,-0.007630195536967365,Ridge
2022-05-20,2022-05-23,0.0014543588481329246,0.0088886800542863,-0.007434321206153375,0.5,6,6,0.0014543588481329246,0.0012043588481329246,0.0009543588481329246,Ridge
2022-05-23,2022-05-24,-0.005451795701212174,-0.005725728842516558,0.0002739331413043834,1.1666666666666665,6,6,-0.005451795701212174,-0.006035129034545507,-0.0066184623678788405,Ridge
2022-05-24,2022-05-25,0.006262933013082149,0.005906685261437874,0.0003562477516442749,0.8333333333333333,6,6,0.006262933013082149,0.005846266346415482,0.005429599679748816,Ridge
2022-05-25,2022-05-26,0.012688269361953282,0.016150088662244825,-0.0034618193002915417,0.6666666666666666,6,6,0.012688269361953282,0.012354936028619949,0.012021602695286616,Ridge
2022-05-26,2022-05-27,0.008614792297888875,0.014571327689124624,-0.005956535391235749,1.5,6,6,0.008614792297888875,0.007864792297888874,0.007114792297888875,Ridge
2022-05-27,2022-05-31,0.001980454049326025,-0.001398577179842592,0.0033790312291686166,1.6666666666666665,6,6,0.001980454049326025,0.0011471207159926917,0.00031378738265935846,Ridge
2022-05-31,2022-06-01,0.0021070947048189423,-0.0009192732864699749,0.0030263679912889163,1.1666666666666665,6,6,0.0021070947048189423,0.001523761371485609,0.0009404280381522757,Ridge
2022-06-01,2022-06-02,0.005786141876891349,0.004891254303730425,0.0008948875731609249,1.1666666666666665,6,6,0.005786141876891349,0.005202808543558016,0.004619475210224683,Ridge
2022-06-02,2022-06-03,0.005978577964032297,-0.0028576366024848088,0.008836214566517106,1.6666666666666665,6,6,0.005978577964032297,0.005145244630698964,0.00431191129736563,Ridge
2022-06-03,2022-06-06,-0.00029577432391706657,0.0010332250644236917,-0.0013289993883407578,1.5,6,6,-0.00029577432391706657,-0.0010457743239170665,-0.0017957743239170665,Ridge
2022-06-06,2022-06-07,0.0012854687709373419,0.004214255852914208,-0.0029287870819768662,1.1666666666666665,6,6,0.0012854687709373419,0.0007021354376040086,0.00011880210427067531,Ridge
2022-06-07,2022-06-08,-0.010319948399318142,-0.010446619684643457,0.00012667128532531673,1.1666666666666665,6,6,-0.010319948399318142,-0.010903281732651475,-0.011486615065984808,Ridge
2022-06-08,2022-06-09,-0.0060638059377711995,-0.015085181460353448,0.00902137552258225,0.6666666666666666,6,6,-0.0060638059377711995,-0.0063971392711045325,-0.0067304726044378664,Ridge
2022-06-09,2022-06-10,-0.01235554567177465,-0.021098747223189388,0.00874320155141474,0.3333333333333333,6,6,-0.01235554567177465,-0.012522212338441318,-0.012688879005107984,Ridge
2022-06-10,2022-06-13,-0.010238124172322933,-0.02225101524319574,0.012012891070872809,0.5,6,6,-0.010238124172322933,-0.010488124172322933,-0.010738124172322934,Ridge
2022-06-13,2022-06-14,0.00683066304777964,0.0014797716794985494,0.005350891368281091,0.6666666666666666,6,6,0.00683066304777964,0.006497329714446307,0.006163996381112973,Ridge
2022-06-14,2022-06-15,0.01612975891977708,0.016573321384743038,-0.0004435624649659582,0.3333333333333333,6,6,0.01612975891977708,0.015963092253110413,0.015796425586443744,Ridge
2022-06-15,2022-06-16,-0.02164526744785008,-0.023184147731544105,0.0015388802836940252,1.0,6,6,-0.02164526744785008,-0.02214526744785008,-0.02264526744785008,Ridge
2022-06-16,2022-06-17,-6.0004383468658225e-05,-0.00016380888745060843,0.00010380450398195012,0.6666666666666666,6,6,-6.0004383468658225e-05,-0.0003933377168019916,-0.0007266710501353248,Ridge
2022-06-17,2022-06-21,-0.0005714780623771753,0.011222363420047243,-0.011793841482424416,1.0,6,6,-0.0005714780623771753,-0.0010714780623771753,-0.0015714780623771753,Ridge
2022-06-21,2022-06-22,-0.015965102841865107,-0.008843285502877926,-0.007121817338987181,0.8333333333333333,6,6,-0.015965102841865107,-0.016381769508531773,-0.01679843617519844,Ridge
2022-06-22,2022-06-23,-0.015479293177608124,-0.00575379922361905,-0.009725493953989073,0.5,6,6,-0.015479293177608124,-0.015729293177608124,-0.015979293177608125,Ridge
2022-06-23,2022-06-24,0.011964942057317591,0.016526145167588106,-0.0045612031102705165,0.5,6,6,0.011964942057317591,0.01171494205731759,0.01146494205731759,Ridge
2022-06-24,2022-06-27,0.001997134631028784,0.004371977142171484,-0.0023748425111426996,0.3333333333333333,6,6,0.001997134631028784,0.0018304679643621174,0.0016638012976954509,Ridge
2022-06-27,2022-06-28,-0.003070399498668942,-0.010794790368090008,0.007724390869421066,1.0,6,6,-0.003070399498668942,-0.0035703994986689422,-0.004070399498668942,Ridge
2022-06-28,2022-06-29,0.0013626614620136,0.002961496570569567,-0.0015988351085559666,0.8333333333333333,6,6,0.0013626614620136,0.0009459947953469333,0.0005293281286802667,Ridge
2022-06-29,2022-06-30,-0.00043008287403602415,-0.0069759444083400245,0.0065458615343039995,1.0,6,6,-0.00043008287403602415,-0.0009300828740360242,-0.0014300828740360242,Ridge
2022-06-30,2022-07-01,0.004979885806316524,0.005427595893939834,-0.00044771008762330844,1.6666666666666665,6,6,0.004979885806316524,0.00414655247298319,0.0033132191396498573,Ridge
2022-07-01,2022-07-05,0.008329257548461283,0.006292414321382634,0.00203684322707865,1.1666666666666665,6,6,0.008329257548461283,0.00774592421512795,0.007162590881794616,Ridge
2022-07-05,2022-07-06,-0.005743870508397792,-0.004279187782749383,-0.001464682725648408,1.0,6,6,-0.005743870508397792,-0.006243870508397791,-0.006743870508397792,Ridge
2022-07-06,2022-07-07,0.01650649953067244,0.017343306668697208,-0.0008368071380247665,0.8333333333333333,6,6,0.01650649953067244,0.016089832864005775,0.01567316619733911,Ridge
2022-07-07,2022-07-08,-0.0016802145556697999,-0.00041804617467093325,-0.0012621683809988665,1.0,6,6,-0.0016802145556697999,-0.0021802145556698,-0.0026802145556698,Ridge
2022-07-08,2022-07-11,-0.0011948518848554916,-0.00618682538880025,0.004991973503944758,1.0,6,6,-0.0011948518848554916,-0.0016948518848554917,-0.0021948518848554917,Ridge
2022-07-11,2022-07-12,0.006931446647580683,0.003384929626999983,0.0035465170205806994,0.8333333333333333,6,6,0.006931446647580683,0.006514779980914016,0.006098113314247349,Ridge
2022-07-12,2022-07-13,0.00029806704243474154,-0.0013813467718221165,0.0016794138142568582,1.1666666666666665,6,6,0.00029806704243474154,-0.00028526629089859173,-0.000868599624231925,Ridge
2022-07-13,2022-07-14,-0.005071138126834766,-0.003567187989954242,-0.0015039501368805247,1.0,6,6,-0.005071138126834766,-0.005571138126834766,-0.006071138126834766,Ridge
2022-07-14,2022-07-15,0.0011672740187188748,0.007215215769933308,-0.006047941751214433,0.8333333333333333,6,6,0.0011672740187188748,0.0007506073520522082,0.0003339406853855415,Ridge
2022-07-15,2022-07-18,0.006185596281065533,0.0015184890910813992,0.004667107189984133,0.6666666666666666,6,6,0.006185596281065533,0.0058522629477322,0.005518929614398866,Ridge
2022-07-18,2022-07-19,0.003032723692237182,0.014423702652779858,-0.011390978960542676,1.3333333333333333,6,6,0.003032723692237182,0.0023660570255705153,0.0016993903589038485,Ridge
2022-07-19,2022-07-20,-0.006565991847277132,-0.005166263846788642,-0.0013997280004884919,1.1666666666666665,6,6,-0.006565991847277132,-0.007149325180610466,-0.007732658513943799,Ridge
2022-07-20,2022-07-21,-0.000310646557373775,0.002875114575879633,-0.003185761133253408,1.1666666666666665,6,6,-0.000310646557373775,-0.0008939798907071083,-0.0014773132240404416,Ridge
2022-07-21,2022-07-22,-0.004362733972847591,-0.005421386417428325,0.0010586524445807331,0.8333333333333333,6,6,-0.004362733972847591,-0.004779400639514258,-0.005196067306180925,Ridge
2022-07-22,2022-07-25,0.004640806313327158,0.0040242766440117,0.0006165296693154584,0.8333333333333333,6,6,0.004640806313327158,0.004224139646660492,0.003807472979993825,Ridge
2022-07-25,2022-07-26,-0.003815763023663824,-0.009458831586190607,0.005643068562526784,1.1666666666666665,6,6,-0.003815763023663824,-0.0043990963569971574,-0.004982429690330491,Ridge
2022-07-26,2022-07-27,0.010261745658789909,0.009869675456044025,0.0003920702027458833,0.8333333333333333,6,6,0.010261745658789909,0.009845078992123243,0.009428412325456575,Ridge
2022-07-27,2022-07-28,-0.0027743652644824316,0.002411412505448967,-0.005185777769931399,0.6666666666666666,6,6,-0.0027743652644824316,-0.003107698597815765,-0.003441031931149098,Ridge
2022-07-28,2022-07-29,0.008516063799411708,0.0038951742145607003,0.0046208895848510075,0.6666666666666666,6,6,0.008516063799411708,0.008182730466078375,0.007849397132745042,Ridge
2022-07-29,2022-08-01,0.011382123896890592,0.007673167119742083,0.003708956777148509,1.0,6,6,0.011382123896890592,0.010882123896890592,0.010382123896890593,Ridge
2022-08-01,2022-08-02,-0.0013826448216699074,-0.009009986419468041,0.007627341597798133,1.1666666666666665,6,6,-0.0013826448216699074,-0.0019659781550032404,-0.0025493114883365737,Ridge
2022-08-02,2022-08-03,0.005320843736288683,0.008899194373303975,-0.0035783506370152913,0.6666666666666666,6,6,0.005320843736288683,0.00498751040295535,0.004654177069622016,Ridge
2022-08-03,2022-08-04,-0.003304839647800442,-0.004843593215858508,0.0015387535680580666,0.6666666666666666,6,6,-0.003304839647800442,-0.0036381729811337756,-0.003971506314467109,Ridge
2022-08-04,2022-08-05,0.0024985935357182253,0.0007196236411206586,0.0017789698945975666,0.8333333333333333,6,6,0.0024985935357182253,0.0020819268690515586,0.001665260202384892,Ridge
2022-08-05,2022-08-08,0.0006944391722213836,-0.0004537475496188332,0.0011481867218402168,1.1666666666666665,6,6,0.0006944391722213836,0.0001111058388880503,-0.000472227494445283,Ridge
2022-08-08,2022-08-09,9.816150855123437e-05,-0.0009818883292118498,0.0010800498377630835,0.8333333333333333,6,6,9.816150855123437e-05,-0.0003185051581154323,-0.0007351718247820989,Ridge
2022-08-09,2022-08-10,0.004601203242123457,0.011052384354130765,-0.006451181112007308,0.8333333333333333,6,6,0.004601203242123457,0.00418453657545679,0.003767869908790123,Ridge
2022-08-10,2022-08-11,0.0017944888441522584,0.0056790602531986666,-0.003884571409046408,1.0,6,6,0.0017944888441522584,0.0012944888441522584,0.0007944888441522584,Ridge
2022-08-11,2022-08-12,0.0018891186095699238,0.007760208179222825,-0.005871089569652901,0.8333333333333333,6,6,0.0018891186095699238,0.0014724519429032573,0.0010557852762365905,Ridge
2022-08-12,2022-08-15,-0.0013592662428970838,-0.00016754935761682522,-0.0011917168852802584,0.6666666666666666,6,6,-0.0013592662428970838,-0.001692599576230417,-0.0020259329095637505,Ridge
2022-08-15,2022-08-16,-0.005913730908787132,-0.0005902164766971418,-0.005323514432089991,0.6666666666666666,6,6,-0.005913730908787132,-0.006247064242120465,-0.006580397575453799,Ridge
2022-08-16,2022-08-17,-0.0036344305789332587,-0.0036576924245003083,2.3261845567050006e-05,0.8333333333333333,6,6,-0.0036344305789332587,-0.004051097245599925,-0.004467763912266592,Ridge
2022-08-17,2022-08-18,-0.0001907427972434163,0.004420131345559667,-0.004610874142803083,0.6666666666666666,6,6,-0.0001907427972434163,-0.0005240761305767496,-0.0008574094639100829,Ridge
2022-08-18,2022-08-19,-0.006810212551163816,-0.009422810495931726,0.002612597944767908,0.8333333333333333,6,6,-0.006810212551163816,-0.007226879217830483,-0.00764354588449715,Ridge
2022-08-19,2022-08-22,-0.00838484516687119,-0.01388481761766586,0.005499972450794666,0.8333333333333333,6,6,-0.00838484516687119,-0.008801511833537857,-0.009218178500204524,Ridge
2022-08-22,2022-08-23,0.004871103689911634,0.0002788369271969082,0.004592266762714725,0.3333333333333333,6,6,0.004871103689911634,0.004704437023244967,0.004537770356578301,Ridge
2022-08-23,2022-08-24,0.002573496433445294,0.0025834395977042167,-9.943164258922215e-06,0.8333333333333333,6,6,0.002573496433445294,0.0021568297667786274,0.001740163100111961,Ridge
2022-08-24,2022-08-25,0.006648929752769553,0.009794396501816507,-0.0031454667490469555,0.8333333333333333,6,6,0.006648929752769553,0.006232263086102886,0.005815596419436219,Ridge
2022-08-25,2022-08-26,-0.0036328785676081727,-0.017039278055657973,0.013406399488049798,1.1666666666666665,6,6,-0.0036328785676081727,-0.004216211900941506,-0.00479954523427484,Ridge
2022-08-26,2022-08-29,-0.0008611740892536248,-0.0025050128188271415,0.0016438387295735167,1.3333333333333333,6,6,-0.0008611740892536248,-0.0015278407559202916,-0.002194507422586958,Ridge
2022-08-29,2022-08-30,0.003713504614422932,-0.003973130748151058,0.007686635362573991,0.8333333333333333,6,6,0.003713504614422932,0.0032968379477562653,0.0028801712810895986,Ridge
2022-08-30,2022-08-31,-0.0028750803229594998,-0.005046527612090416,0.0021714472891309162,1.1666666666666665,6,6,-0.0028750803229594998,-0.003458413656292833,-0.004041746989626166,Ridge
2022-08-31,2022-09-01,-0.015731158229157216,-0.007951239830281566,-0.00777991839887565,0.6666666666666666,6,6,-0.015731158229157216,-0.01606449156249055,-0.016397824895823882,Ridge
2022-09-01,2022-09-02,0.004585014504581482,-0.0013091879327705002,0.005894202437351982,0.16666666666666666,6,6,0.004585014504581482,0.004501681171248148,0.004418347837914815,Ridge
2022-09-02,2022-09-06,-0.00028947803062274145,-0.0030744637901639247,0.002784985759541183,0.5,6,6,-0.00028947803062274145,-0.0005394780306227415,-0.0007894780306227415,Ridge
2022-09-06,2022-09-07,-0.0012438490418811672,0.0049864999577141494,-0.006230348999595316,0.8333333333333333,6,6,-0.0012438490418811672,-0.0016605157085478337,-0.0020771823752145004,Ridge
2022-09-07,2022-09-08,-0.0007798147396333751,0.0036051248379841993,-0.0043849395776175745,0.6666666666666666,6,6,-0.0007798147396333751,-0.0011131480729667084,-0.0014464814063000417,Ridge
2022-09-08,2022-09-09,0.007947841011806699,0.010279995963579557,-0.002332154951772858,0.3333333333333333,6,6,0.007947841011806699,0.007781174345140032,0.0076145076784733656,Ridge
2022-09-09,2022-09-12,-0.0017372926563920003,0.0021054225081693833,-0.003842715164561383,1.3333333333333333,6,6,-0.0017372926563920003,-0.002403959323058667,-0.0030706259897253334,Ridge
2022-09-12,2022-09-13,-0.004385039574609988,-0.021793803103439067,0.01740876352882908,1.0,6,6,-0.004385039574609988,-0.004885039574609989,-0.005385039574609988,Ridge
2022-09-13,2022-09-14,0.0058829666108466665,0.0032104284408788577,0.002672538169967808,1.0,6,6,0.0058829666108466665,0.005382966610846666,0.0048829666108466665,Ridge
2022-09-14,2022-09-15,-0.0011181268293316577,-0.006989470450621415,0.005871343621289758,1.0,6,6,-0.0011181268293316577,-0.0016181268293316577,-0.0021181268293316577,Ridge
2022-09-15,2022-09-16,-0.00131384113552335,4.546625933260864e-05,-0.0013593073948559582,1.0,6,6,-0.00131384113552335,-0.00181384113552335,-0.00231384113552335,Ridge
2022-09-16,2022-09-19,0.0029275991503371,0.0038246778356404,-0.0008970786853033,1.1666666666666665,6,6,0.0029275991503371,0.0023442658170037666,0.0017609324836704333,Ridge
2022-09-19,2022-09-20,-0.001408971678574966,-0.004380505634320866,0.0029715339557459,1.0,6,6,-0.001408971678574966,-0.001908971678574966,-0.002408971678574966,Ridge
2022-09-20,2022-09-21,-0.002374507534890282,-0.00896782269731659,0.006593315162426307,0.8333333333333333,6,6,-0.002374507534890282,-0.0027911742015569486,-0.0032078408682236154,Ridge
2022-09-21,2022-09-22,-0.004114531153162333,-0.006181448821321983,0.00206691766815965,0.8333333333333333,6,6,-0.004114531153162333,-0.004531197819829,-0.004947864486495666,Ridge
2022-09-22,2022-09-23,-0.014088567320144326,-0.018267815064440647,0.004179247744296325,1.0,6,6,-0.014088567320144326,-0.014588567320144326,-0.015088567320144325,Ridge
2022-09-23,2022-09-26,-0.005018921611245942,-0.009713963529487824,0.004695041918241882,0.6666666666666666,6,6,-0.005018921611245942,-0.005352254944579275,-0.005685588277912609,Ridge
2022-09-26,2022-09-27,0.007456563526775424,-0.0012108113959314415,0.008667374922706864,0.8333333333333333,6,6,0.007456563526775424,0.007039896860108757,0.00662323019344209,Ridge
2022-09-27,2022-09-28,0.007765123640927659,0.012344830415644633,-0.004579706774716975,0.6666666666666666,6,6,0.007765123640927659,0.007431790307594326,0.007098456974260992,Ridge
2022-09-28,2022-09-29,-0.0038591511319211085,-0.010432703760503509,0.0065735526285823995,0.6666666666666666,6,6,-0.0038591511319211085,-0.0041924844652544415,-0.0045258177985877755,Ridge
2022-09-29,2022-09-30,0.005878642084902165,-0.010808828785553917,0.01668747087045608,0.8333333333333333,6,6,0.005878642084902165,0.005461975418235498,0.0050453087515688316,Ridge
2022-09-30,2022-10-03,0.008954776958935748,0.01705692844496154,-0.008102151486025791,1.1666666666666665,6,6,0.008954776958935748,0.008371443625602415,0.007788110292269081,Ridge
2022-10-03,2022-10-04,0.005980326830746282,0.019603221829053673,-0.013622894998307392,0.6666666666666666,6,6,0.005980326830746282,0.005646993497412949,0.005313660164079615,Ridge
2022-10-04,2022-10-05,0.0038095176379667256,0.0029373251995922,0.0008721924383745252,0.8333333333333333,6,6,0.0038095176379667256,0.003392850971300059,0.002976184304633392,Ridge
2022-10-05,2022-10-06,-0.004490800210018615,-0.005970028598369124,0.0014792283883505084,1.3333333333333333,6,6,-0.004490800210018615,-0.005157466876685282,-0.005824133543351948,Ridge
2022-10-06,2022-10-07,-0.009246660787625533,-0.014502849756481133,0.0052561889688556,0.6666666666666666,6,6,-0.009246660787625533,-0.009579994120958866,-0.009913327454292199,Ridge
2022-10-07,2022-10-10,-0.0005976802574762668,-0.002293634772927775,0.0016959545154515083,0.6666666666666666,6,6,-0.0005976802574762668,-0.0009310135908096001,-0.0012643469241429336,Ridge
2022-10-10,2022-10-11,-0.01573088599556189,-0.008754878347658673,-0.006976007647903215,1.1666666666666665,6,6,-0.01573088599556189,-0.01631421932889522,-0.016897552662228556,Ridge
2022-10-11,2022-10-12,-0.002264132731606115,2.49114953459334e-05,-0.0022890442269520484,0.6666666666666666,6,6,-0.002264132731606115,-0.0025974660649394484,-0.0029307993982727815,Ridge
2022-10-12,2022-10-13,0.0029515489875969582,0.015557389289547117,-0.012605840301950158,0.6666666666666666,6,6,0.0029515489875969582,0.0026182156542636247,0.0022848823209302917,Ridge
2022-10-13,2022-10-14,-0.009375981065220907,-0.010864552624848258,0.00148857155962735,1.0,6,6,-0.009375981065220907,-0.009875981065220907,-0.010375981065220908,Ridge
2022-10-14,2022-10-17,-0.00014868308335812437,0.009272260484839673,-0.009420943568197797,0.8333333333333333,6,6,-0.00014868308335812437,-0.000565349750024791,-0.0009820164166914576,Ridge
2022-10-17,2022-10-18,-0.008948338466016777,-0.0011226854936436498,-0.007825652972373125,0.8333333333333333,6,6,-0.008948338466016777,-0.009365005132683443,-0.009781671799350111,Ridge
2022-10-18,2022-10-19,0.01300124361488719,0.00641914047954369,0.006582103135343499,0.6666666666666666,6,6,0.01300124361488719,0.012667910281553858,0.012334576948220525,Ridge
2022-10-19,2022-10-20,-0.008668651063891523,-0.005712290440997841,-0.0029563606228936844,1.0,6,6,-0.008668651063891523,-0.009168651063891524,-0.009668651063891524,Ridge
2022-10-20,2022-10-21,0.005589388087099975,0.017027789910289574,-0.0114384018231896,0.6666666666666666,6,6,0.005589388087099975,0.005256054753766642,0.004922721420433308,Ridge
2022-10-21,2022-10-24,-0.0008257796024976752,0.004815886215652033,-0.005641665818149708,1.1666666666666665,6,6,-0.0008257796024976752,-0.0014091129358310085,-0.001992446269164342,Ridge
2022-10-24,2022-10-25,0.00883878455184859,0.011382317611024907,-0.002543533059176317,1.0,6,6,0.00883878455184859,0.00833878455184859,0.007838784551848589,Ridge
2022-10-25,2022-10-26,0.009359913569467483,0.00328609133249315,0.006073822236974333,1.0,6,6,0.009359913569467483,0.008859913569467482,0.008359913569467484,Ridge
2022-10-26,2022-10-27,-0.006040575812927049,-0.004562390585807108,-0.0014781852271199415,1.0,6,6,-0.006040575812927049,-0.0065405758129270485,-0.007040575812927049,Ridge
2022-10-27,2022-10-28,0.015550207076500833,0.02726738468489745,-0.011717177608396617,0.8333333333333333,6,6,0.015550207076500833,0.015133540409834167,0.0147168737431675,Ridge
2022-10-28,2022-10-31,0.001912544558939285,-0.004055639057770883,0.005968183616710167,1.0,6,6,0.001912544558939285,0.001412544558939285,0.000912544558939285,Ridge
2022-10-31,2022-11-01,0.002243203886040684,-0.00017768654978344168,0.0024208904358241252,1.1666666666666665,6,6,0.002243203886040684,0.0016598705527073507,0.0010765372193740175,Ridge
2022-11-01,2022-11-02,-0.007188232987615932,-0.011367117174625557,0.0041788841870096256,0.8333333333333333,6,6,-0.007188232987615932,-0.007604899654282599,-0.008021566320949265,Ridge
2022-11-02,2022-11-03,-0.009877887567360974,-0.007193612181038657,-0.002684275386322316,0.8333333333333333,6,6,-0.009877887567360974,-0.01029455423402764,-0.010711220900694308,Ridge
2022-11-03,2022-11-04,0.010694944686058649,0.015550652341523294,-0.004855707655464642,0.8333333333333333,6,6,0.010694944686058649,0.010278278019391983,0.009861611352725315,Ridge
2022-11-04,2022-11-07,0.006010036740812675,0.0075185100334121,-0.0015084732925994245,0.8333333333333333,6,6,0.006010036740812675,0.005593370074146008,0.0051767034074793414,Ridge
2022-11-07,2022-11-08,-0.006342342558740134,0.0022004773689061918,-0.008542819927646326,1.0,6,6,-0.006342342558740134,-0.0068423425587401335,-0.007342342558740134,Ridge
2022-11-08,2022-11-09,-0.0049889787125934,-0.0103952524108157,0.005406273698222301,0.8333333333333333,6,6,-0.0049889787125934,-0.005405645379260067,-0.005822312045926733,Ridge
2022-11-09,2022-11-10,0.02684430485133342,0.03763532961411449,-0.010791024762781074,0.8333333333333333,6,6,0.02684430485133342,0.026427638184666754,0.026010971518000088,Ridge
2022-11-10,2022-11-11,0.00526117922579494,0.008036348470309958,-0.0027751692445150177,1.5,6,6,0.00526117922579494,0.004511179225794941,0.0037611792257949404,Ridge
2022-11-11,2022-11-14,0.00043855274830859113,-0.004278945100935042,0.004717497849243633,1.5,6,6,0.00043855274830859113,-0.0003114472516914089,-0.001061447251691409,Ridge
2022-11-14,2022-11-15,-0.0003742818041216503,0.003342563843599008,-0.003716845647720659,1.3333333333333333,6,6,-0.0003742818041216503,-0.001040948470788317,-0.0017076151374549836,Ridge
2022-11-15,2022-11-16,-0.005763827764648366,-0.00515500525900285,-0.0006088225056455165,0.8333333333333333,6,6,-0.005763827764648366,-0.006180494431315033,-0.0065971610979817,Ridge
2022-11-16,2022-11-17,0.002871173122577766,0.002476784686631391,0.000394388435946375,0.6666666666666666,6,6,0.002871173122577766,0.0025378397892444325,0.0022045064559110994,Ridge
2022-11-17,2022-11-18,-0.005442490494907308,0.0016479280241212665,-0.007090418519028575,1.0,6,6,-0.005442490494907308,-0.005942490494907308,-0.006442490494907308,Ridge
2022-11-18,2022-11-21,-0.00539902764621215,-0.006209433090173025,0.0008104054439608752,0.5,6,6,-0.00539902764621215,-0.00564902764621215,-0.005899027646212149,Ridge
2022-11-21,2022-11-22,0.007177712934705833,0.009983004428189491,-0.0028052914934836586,0.8333333333333333,6,6,0.007177712934705833,0.006761046268039166,0.006344379601372499,Ridge
2022-11-22,2022-11-23,0.00323771724495835,0.002997275629966091,0.00024044161499225838,0.8333333333333333,6,6,0.00323771724495835,0.002821050578291683,0.0024043839116250163,Ridge
2022-11-23,2022-11-25,-0.003621352179513166,-0.0019636446315158,-0.0016577075479973667,1.0,6,6,-0.003621352179513166,-0.0041213521795131665,-0.004621352179513166,Ridge
2022-11-25,2022-11-28,-0.009489499788178042,-0.011191919391277939,0.0017024196030998998,0.8333333333333333,6,6,-0.009489499788178042,-0.009906166454844708,-0.010322833121511376,Ridge
2022-11-28,2022-11-29,0.0020817026339012253,0.00014596621008635,0.0019357364238148749,0.6666666666666666,6,6,0.0020817026339012253,0.001748369300567892,0.0014150359672345588,Ridge
2022-11-29,2022-11-30,0.01473256419724264,0.023910242683620506,-0.009177678486377867,0.6666666666666666,6,6,0.01473256419724264,0.014399230863909308,0.014065897530575975,Ridge
2022-11-30,2022-12-01,-0.004013058646628383,-0.0036941263915428665,-0.00031893225508551636,0.6666666666666666,6,6,-0.004013058646628383,-0.004346391979961716,-0.00467972531329505,Ridge
2022-12-01,2022-12-02,-0.0015836369670460836,-0.00021680614168550051,-0.0013668308253605831,0.6666666666666666,6,6,-0.0015836369670460836,-0.001916970300379417,-0.00225030363371275,Ridge
2022-12-02,2022-12-05,-0.0061062094220217,-0.007434521292689383,0.0013283118706676833,0.6666666666666666,6,6,-0.0061062094220217,-0.006439542755355033,-0.006772876088688367,Ridge
2022-12-05,2022-12-06,-0.003138957807199183,-0.010303350688528142,0.007164392881328958,0.5,6,6,-0.003138957807199183,-0.003388957807199183,-0.003638957807199183,Ridge
2022-12-06,2022-12-07,-0.0036189267911843495,-0.002265080404529783,-0.0013538463866545668,0.8333333333333333,6,6,-0.0036189267911843495,-0.004035593457851016,-0.004452260124517683,Ridge
2022-12-07,2022-12-08,0.004404505184389517,0.008446079107275824,-0.004041573922886309,0.8333333333333333,6,6,0.004404505184389517,0.00398783851772285,0.0035711718510561836,Ridge
2022-12-08,2022-12-09,6.804185734208385e-05,-0.0023107604103651163,0.0023788022677072,1.0,6,6,6.804185734208385e-05,-0.00043195814265791616,-0.0009319581426579162,Ridge
2022-12-09,2022-12-12,0.0035370179159009826,0.009103689850649108,-0.005566671934748125,0.8333333333333333,6,6,0.0035370179159009826,0.003120351249234316,0.002703684582567649,Ridge
2022-12-12,2022-12-13,0.004975444991123983,0.005419802587983308,-0.00044435759685932524,1.0,6,6,0.004975444991123983,0.0044754449911239835,0.003975444991123983,Ridge
2022-12-13,2022-12-14,-0.006977777664060207,-0.00454781929806589,-0.0024299583659943163,1.1666666666666665,6,6,-0.006977777664060207,-0.00756111099739354,-0.008144444330726874,Ridge
2022-12-14,2022-12-15,-0.0063420018316169,-0.014242649862796431,0.007900648031179534,0.6666666666666666,6,6,-0.0063420018316169,-0.006675335164950233,-0.007008668498283567,Ridge
2022-12-15,2022-12-16,-0.00047489586132167514,-0.006248415105491691,0.005773519244170016,0.6666666666666666,6,6,-0.00047489586132167514,-0.0008082291946550084,-0.001141562527988342,Ridge
2022-12-16,2022-12-19,-0.0039383137932645414,-0.0031852482563703584,-0.0007530655368941833,0.6666666666666666,6,6,-0.0039383137932645414,-0.0042716471265978745,-0.004604980459931208,Ridge
2022-12-19,2022-12-20,-0.0026144790078109,-0.0008580057367538916,-0.0017564732710570084,0.6666666666666666,6,6,-0.0026144790078109,-0.0029478123411442337,-0.0032811456744775667,Ridge
2022-12-20,2022-12-21,0.002675172716492126,0.009258577744024483,-0.006583405027532358,0.8333333333333333,6,6,0.002675172716492126,0.0022585060498254593,0.0018418393831587927,Ridge
2022-12-21,2022-12-22,-0.004881090401800323,-0.010500748966867549,0.005619658565067224,1.0,6,6,-0.004881090401800323,-0.005381090401800324,-0.005881090401800323,Ridge
2022-12-22,2022-12-23,-0.0004312510933055749,0.001507879223266508,-0.0019391303165720833,0.5,6,6,-0.0004312510933055749,-0.000681251093305575,-0.000931251093305575,Ridge
2022-12-23,2022-12-27,-0.008367697636801298,-0.004611343917610408,-0.0037563537191908913,0.8333333333333333,6,6,-0.008367697636801298,-0.008784364303467964,-0.009201030970134631,Ridge
2022-12-27,2022-12-28,-0.0004627635209848331,-0.007856599033606249,0.007393835512621416,0.8333333333333333,6,6,-0.0004627635209848331,-0.0008794301876514998,-0.0012960968543181664,Ridge
2022-12-28,2022-12-29,0.009937919573825473,0.012300072869533024,-0.00236215329570755,0.8333333333333333,6,6,0.009937919573825473,0.009521252907158807,0.00910458624049214,Ridge
2022-12-29,2022-12-30,-4.2112311691374824e-05,-2.1418836264033218e-05,-2.0693475427341633e-05,1.5,6,6,-4.2112311691374824e-05,-0.0007921123116913748,-0.001542112311691375,Ridge
2022-12-30,2023-01-03,0.0030624724243633336,0.001768663761518633,0.0012938086628447002,1.0,6,6,0.0030624724243633336,0.0025624724243633336,0.0020624724243633336,Ridge
2023-01-03,2023-01-04,-0.0017438807421554167,0.00672638723270545,-0.008470267974860866,1.1666666666666665,6,6,-0.0017438807421554167,-0.00232721407548875,-0.0029105474088220833,Ridge
2023-01-04,2023-01-05,0.0027923000440689414,0.00020034573464538337,0.0025919543094235584,0.8333333333333333,6,6,0.0027923000440689414,0.0023756333774022746,0.001958966710735608,Ridge
2023-01-05,2023-01-06,0.002638475193100545,0.012900187065421224,-0.010261711872320679,0.8333333333333333,6,6,0.002638475193100545,0.0022218085264338783,0.0018051418597672118,Ridge
2023-01-06,2023-01-09,0.0001536734315939747,-0.0017907456990743083,0.0019444191306682832,1.1666666666666665,6,6,0.0001536734315939747,-0.00042965990173935857,-0.0010129932350726918,Ridge
2023-01-09,2023-01-10,0.00013138498562590832,0.0021412116948074,-0.0020098267091814915,0.6666666666666666,6,6,0.00013138498562590832,-0.000201948347707425,-0.0005352816810407584,Ridge
2023-01-10,2023-01-11,0.005701078007774065,0.009009202709693732,-0.0033081247019196664,1.0,6,6,0.005701078007774065,0.005201078007774066,0.004701078007774065,Ridge
2023-01-11,2023-01-12,-0.000130001180881858,0.00188114622441965,-0.002011147405301508,1.1666666666666665,6,6,-0.000130001180881858,-0.0007133345142151913,-0.0012966678475485245,Ridge
2023-01-12,2023-01-13,-0.002869343402454149,0.001965754010020633,-0.004835097412474783,1.0,6,6,-0.002869343402454149,-0.003369343402454149,-0.003869343402454149,Ridge
2023-01-13,2023-01-17,7.13471111234192e-06,-0.002935255801342725,0.0029423905124550684,1.0,6,6,7.13471111234192e-06,-0.000492865288887658,-0.000992865288887658,Ridge
2023-01-17,2023-01-18,0.0028543528172411095,-0.005305754745068683,0.00816010756230979,0.8333333333333333,6,6,0.0028543528172411095,0.0024376861505744428,0.0020210194839077765,Ridge
2023-01-18,2023-01-19,0.0027903212221509098,-0.003718715931282683,0.006509037153433591,1.1666666666666665,6,6,0.0027903212221509098,0.0022069878888175765,0.0016236545554842432,Ridge
2023-01-19,2023-01-20,0.00814985912681935,0.013614855223901557,-0.0054649960970822075,0.6666666666666666,6,6,0.00814985912681935,0.007816525793486018,0.007483192460152684,Ridge
2023-01-20,2023-01-23,0.0071303193920897,0.01050403805784675,-0.0033737186657570497,1.1666666666666665,6,6,0.0071303193920897,0.006546986058756366,0.005963652725423033,Ridge
2023-01-23,2023-01-24,0.0014345738440773837,-0.0002273496310006085,0.0016619234750779915,1.1666666666666665,6,6,0.0014345738440773837,0.0008512405107440504,0.00026790717741071715,Ridge
2023-01-24,2023-01-25,-0.0008902645154406498,5.784694145692486e-05,-0.0009481114568975747,1.0,6,6,-0.0008902645154406498,-0.0013902645154406498,-0.0018902645154406498,Ridge
2023-01-25,2023-01-26,0.005350285971199883,0.00502016327351555,0.00033012269768433334,1.0,6,6,0.005350285971199883,0.004850285971199884,0.004350285971199883,Ridge
2023-01-26,2023-01-27,0.012173225084706668,0.0002623939443322502,0.011910831140374417,1.3333333333333333,6,6,0.012173225084706668,0.011506558418040002,0.010839891751373334,Ridge
2023-01-27,2023-01-30,0.0009955367514240918,-0.0035524511496833415,0.004547987901107433,1.3333333333333333,6,6,0.0009955367514240918,0.00032887008475742513,-0.0003377965819092415,Ridge
2023-01-30,2023-01-31,0.007509975337395567,0.0067011662016136665,0.0008088091357819002,1.0,6,6,0.007509975337395567,0.007009975337395566,0.006509975337395567,Ridge
2023-01-31,2023-02-01,0.0077616322048827,0.005964778103961657,0.0017968541009210411,1.3333333333333333,6,6,0.0077616322048827,0.007094965538216033,0.006428298871549367,Ridge
2023-02-01,2023-02-02,-0.0032189180442143,-0.0014218566969008168,-0.0017970613473134833,1.5,6,6,-0.0032189180442143,-0.0039689180442143,-0.0047189180442143,Ridge
2023-02-02,2023-02-03,0.0017754372750433999,-0.00013558822542827519,0.0019110255004716747,1.5,6,6,0.0017754372750433999,0.0010254372750433999,0.00027543727504339985,Ridge
2023-02-03,2023-02-06,0.003084553532217116,0.0015076637804297248,0.0015768897517873918,0.6666666666666666,6,6,0.003084553532217116,0.0027512201988837827,0.0024178868655504496,Ridge
2023-02-06,2023-02-07,0.007142502050917675,0.009020801808263151,-0.001878299757345475,0.8333333333333333,6,6,0.007142502050917675,0.006725835384251008,0.006309168717584341,Ridge
2023-02-07,2023-02-08,0.002341222824417083,-0.0017776939481215668,0.00411891677253865,1.0,6,6,0.002341222824417083,0.0018412228244170828,0.0013412228244170828,Ridge
2023-02-08,2023-02-09,-0.0012240787821840417,-0.002965495847275983,0.0017414170650919415,1.1666666666666665,6,6,-0.0012240787821840417,-0.001807412115517375,-0.002390745448850708,Ridge
2023-02-09,2023-02-10,-0.0048687819599690756,0.0026543651537278253,-0.007523147113696901,1.1666666666666665,6,6,-0.0048687819599690756,-0.005452115293302409,-0.006035448626635742,Ridge
2023-02-10,2023-02-13,0.0031471686300509343,0.008048320611003683,-0.004901151980952749,0.8333333333333333,6,6,0.0031471686300509343,0.0027305019633842675,0.002313835296717601,Ridge
2023-02-13,2023-02-14,0.005808627439606983,0.0026085955300997827,0.0032000319095071995,1.0,6,6,0.005808627439606983,0.0053086274396069826,0.004808627439606983,Ridge
2023-02-14,2023-02-15,0.001865192193415708,0.002426162930242408,-0.0005609707368267,0.8333333333333333,6,6,0.001865192193415708,0.0014485255267490415,0.0010318588600823748,Ridge
2023-02-15,2023-02-16,-0.005325989392607876,-0.007573779785992141,0.002247790393384266,0.8333333333333333,6,6,-0.005325989392607876,-0.005742656059274542,-0.006159322725941209,Ridge
2023-02-16,2023-02-17,-0.0096049300011525,-0.005825124891731983,-0.0037798051094205163,0.5,6,6,-0.0096049300011525,-0.0098549300011525,-0.0101049300011525,Ridge
2023-02-17,2023-02-21,-0.008467637038178932,-0.012264226049926509,0.003796589011747575,0.3333333333333333,6,6,-0.008467637038178932,-0.0086343037048456,-0.008800970371512265,Ridge
2023-02-21,2023-02-22,-0.0006027404189854501,-0.003275377778814083,0.0026726373598286333,0.5,6,6,-0.0006027404189854501,-0.0008527404189854501,-0.0011027404189854501,Ridge
2023-02-22,2023-02-23,0.006020753758735483,0.005073774133702499,0.0009469796250329832,0.3333333333333333,6,6,0.006020753758735483,0.005854087092068816,0.00568742042540215,Ridge
2023-02-23,2023-02-24,-0.0034502108268341294,-0.005924412349536155,0.0024742015227020245,1.0,6,6,-0.0034502108268341294,-0.00395021082683413,-0.004450210826834129,Ridge
2023-02-24,2023-02-27,-0.0002455158331969166,0.0010221027894877668,-0.0012676186226846832,0.8333333333333333,6,6,-0.0002455158331969166,-0.0006621824998635832,-0.0010788491665302499,Ridge
2023-02-27,2023-02-28,0.003997868240674716,0.00024513305839638335,0.003752735182278333,0.6666666666666666,6,6,0.003997868240674716,0.0036645349073413827,0.0033312015740080496,Ridge
2023-02-28,2023-03-01,0.0019727206153257585,7.412379297277527e-05,0.0018985968223529832,0.8333333333333333,6,6,0.0019727206153257585,0.0015560539486590918,0.0011393872819924252,Ridge
2023-03-01,2023-03-02,-0.00015222080980327457,0.003227858486280258,-0.003380079296083534,1.0,6,6,-0.00015222080980327457,-0.0006522208098032746,-0.0011522208098032746,Ridge
2023-03-02,2023-03-03,-0.003007796530671735,0.006677731653059874,-0.009685528183731609,1.0,6,6,-0.003007796530671735,-0.003507796530671735,-0.004007796530671735,Ridge
2023-03-03,2023-03-06,0.0072791686134137746,0.005643368727781475,0.0016357998856322995,0.8333333333333333,6,6,0.0072791686134137746,0.006862501946747108,0.006445835280080441,Ridge
2023-03-06,2023-03-07,-0.002675664911749566,-0.008850537970702833,0.006174873058953267,1.3333333333333333,6,6,-0.002675664911749566,-0.0033423315784162325,-0.004008998245082899,Ridge
2023-03-07,2023-03-08,0.003206763223956132,-0.0004425663379859,0.0036493295619420335,1.1666666666666665,6,6,0.003206763223956132,0.0026234298906227986,0.0020400965572894654,Ridge
2023-03-08,2023-03-09,0.0016857186780728276,-0.014815253154259099,0.016500971832331925,1.5,6,6,0.0016857186780728276,0.0009357186780728276,0.00018571867807282757,Ridge
2023-03-09,2023-03-10,0.004808982726954925,0.0007399204768277916,0.0040690622501271334,1.0,6,6,0.004808982726954925,0.0043089827269549245,0.003808982726954925,Ridge
2023-03-10,2023-03-13,0.007607624515738291,-0.005645393153246733,0.013253017668985023,1.0,6,6,0.007607624515738291,0.0071076245157382905,0.006607624515738291,Ridge
2023-03-13,2023-03-14,0.0033105524927188,0.006168466301712207,-0.002857913808993408,1.0,6,6,0.0033105524927188,0.0028105524927188,0.0023105524927188,Ridge
2023-03-14,2023-03-15,-0.0028873576555462246,-0.00429800810336925,0.0014106504478230255,0.5,6,6,-0.0028873576555462246,-0.0031373576555462244,-0.0033873576555462246,Ridge
2023-03-15,2023-03-16,-0.0012094593568556169,0.004277807181095641,-0.0054872665379512575,0.8333333333333333,6,6,-0.0012094593568556169,-0.0016261260235222834,-0.00204279269018895,Ridge
2023-03-16,2023-03-17,-0.009594931580163925,-0.01030739596444594,0.0007124643842820167,0.8333333333333333,6,6,-0.009594931580163925,-0.01001159824683059,-0.010428264913497258,Ridge
2023-03-17,2023-03-20,-0.0006427942073586005,0.0034506971552203665,-0.004093491362578967,1.1666666666666665,6,6,-0.0006427942073586005,-0.0012261275406919338,-0.001809460874025267,Ridge
2023-03-20,2023-03-21,0.002735703739364325,0.005909181211585858,-0.0031734774722215328,1.0,6,6,0.002735703739364325,0.002235703739364325,0.0017357037393643249,Ridge
2023-03-21,2023-03-22,-0.005674570110952542,-0.013703965368111184,0.008029395257158642,0.6666666666666666,6,6,-0.005674570110952542,-0.006007903444285875,-0.006341236777619209,Ridge
2023-03-22,2023-03-23,-0.002827078875846492,0.00225288602115395,-0.005079964897000442,1.0,6,6,-0.002827078875846492,-0.003327078875846492,-0.003827078875846492,Ridge
2023-03-23,2023-03-24,-0.0021299802097920666,-0.00028194918174009995,-0.0018480310280519663,0.6666666666666666,6,6,-0.0021299802097920666,-0.0024633135431254,-0.002796646876458733,Ridge
2023-03-24,2023-03-27,0.009188698586767767,0.007582586919723551,0.0016061116670442166,1.1666666666666665,6,6,0.009188698586767767,0.008605365253434433,0.0080220319201011,Ridge
2023-03-27,2023-03-28,0.001135572626515825,6.467780237428352e-05,0.0010708948241415419,1.5,6,6,0.001135572626515825,0.00038557262651582494,-0.0003644273734841751,Ridge
2023-03-28,2023-03-29,0.0024884012524944085,0.007171639116838,-0.004683237864343591,1.0,6,6,0.0024884012524944085,0.0019884012524944085,0.0014884012524944085,Ridge
2023-03-29,2023-03-30,-0.004144188015331374,0.00032745383327977505,-0.004471641848611149,0.8333333333333333,6,6,-0.004144188015331374,-0.004560854681998041,-0.004977521348664708,Ridge
2023-03-30,2023-03-31,0.001196027633688733,0.0052739658335353165,-0.0040779381998465826,0.5,6,6,0.001196027633688733,0.0009460276336887329,0.0006960276336887329,Ridge
2023-03-31,2023-04-03,-0.0032381203890833165,0.00040053198566399143,-0.0036386523747473083,1.5,6,6,-0.0032381203890833165,-0.003988120389083316,-0.004738120389083316,Ridge
2023-04-03,2023-04-04,-0.007557303571859107,-0.008626290364491767,0.0010689867926326584,0.6666666666666666,6,6,-0.007557303571859107,-0.007890636905192441,-0.008223970238525774,Ridge
2023-04-04,2023-04-05,-0.008066871905012266,-0.0025576086633724996,-0.005509263241639767,0.8333333333333333,6,6,-0.008066871905012266,-0.008483538571678932,-0.0089002052383456,Ridge
2023-04-05,2023-04-06,0.0015054368552037496,0.003550352032084525,-0.0020449151768807752,0.8333333333333333,6,6,0.0015054368552037496,0.0010887701885370828,0.0006721035218704163,Ridge
2023-04-06,2023-04-10,0.003253710559623376,0.0017225612393331501,0.0015311493202902252,0.6666666666666666,6,6,0.003253710559623376,0.0029203772262900423,0.0025870438929567093,Ridge
2023-04-10,2023-04-11,0.0011475249985305755,0.003958474977303899,-0.002810949978773325,0.6666666666666666,6,6,0.0011475249985305755,0.0008141916651972423,0.0004808583318639089,Ridge
2023-04-11,2023-04-12,-0.005919916323556383,-0.00582136296606965,-9.855335748673333e-05,0.8333333333333333,6,6,-0.005919916323556383,-0.00633658299022305,-0.0067532496568897165,Ridge
2023-04-12,2023-04-13,-0.0038962444810910425,0.0020326632073563167,-0.005928907688447358,0.6666666666666666,6,6,-0.0038962444810910425,-0.004229577814424376,-0.004562911147757709,Ridge
2023-04-13,2023-04-14,0.004728739688409291,0.0010893348719175173,0.003639404816491775,0.5,6,6,0.004728739688409291,0.004478739688409291,0.004228739688409292,Ridge
2023-04-14,2023-04-17,-0.0059383988872810075,-9.245228805840832e-05,-0.0058459465992226,1.0,6,6,-0.0059383988872810075,-0.006438398887281007,-0.0069383988872810075,Ridge
2023-04-17,2023-04-18,-0.0014592171356556,0.000715889940903075,-0.0021751070765586747,1.0,6,6,-0.0014592171356556,-0.0019592171356556,-0.0024592171356556,Ridge
2023-04-18,2023-04-19,-0.004340057693126575,-0.003032260797612183,-0.0013077968955143915,0.6666666666666666,6,6,-0.004340057693126575,-0.004673391026459908,-0.005006724359793242,Ridge
2023-04-19,2023-04-20,-0.0008665182420435336,-0.003589203573498908,0.002722685331455375,0.6666666666666666,6,6,-0.0008665182420435336,-0.0011998515753768669,-0.0015331849087102003,Ridge
2023-04-20,2023-04-21,-0.004151606095130532,-0.0020417325508315163,-0.0021098735442990164,1.0,6,6,-0.004151606095130532,-0.004651606095130533,-0.005151606095130532,Ridge
2023-04-21,2023-04-24,7.301360940541917e-06,0.0002621723696153836,-0.00025487100867484155,0.6666666666666666,6,6,7.301360940541917e-06,-0.0003260319723927914,-0.0006593653057261247,Ridge
2023-04-24,2023-04-25,-0.009107936581866958,-0.010333157115195658,0.0012252205333286997,0.6666666666666666,6,6,-0.009107936581866958,-0.009441269915200291,-0.009774603248533624,Ridge
2023-04-25,2023-04-26,-0.01042473095646105,-0.0071216150000337425,-0.0033031159564273086,0.3333333333333333,6,6,-0.01042473095646105,-0.010591397623127717,-0.010758064289794382,Ridge
2023-04-26,2023-04-27,-0.001045502867529734,0.005489185668912941,-0.006534688536442675,0.5,6,6,-0.001045502867529734,-0.001295502867529734,-0.001545502867529734,Ridge
2023-04-27,2023-04-28,0.002221583356472233,0.005172167076331033,-0.0029505837198588,0.6666666666666666,6,6,0.002221583356472233,0.0018882500231388996,0.0015549166898055663,Ridge
2023-04-28,2023-05-01,0.0036892127637727836,0.002200251128896767,0.0014889616348760168,0.3333333333333333,6,6,0.0036892127637727836,0.003522546097106117,0.00335587943043945,Ridge
2023-05-01,2023-05-02,-0.004613542222363617,-0.006449766937978291,0.001836224715614675,0.6666666666666666,6,6,-0.004613542222363617,-0.00494687555569695,-0.005280208889030284,Ridge
2023-05-02,2023-05-03,-0.0012182416672032667,-0.003857831074754066,0.0026395894075508,0.6666666666666666,6,6,-0.0012182416672032667,-0.0015515750005366,-0.0018849083338699332,Ridge
2023-05-03,2023-05-04,-0.007894469182923332,-0.011480501415907167,0.003586032232983833,0.6666666666666666,6,6,-0.007894469182923332,-0.008227802516256665,-0.008561135849589998,Ridge
2023-05-04,2023-05-05,0.005912330903904866,0.01361966023276459,-0.007707329328859725,0.5,6,6,0.005912330903904866,0.005662330903904866,0.005412330903904866,Ridge
2023-05-05,2023-05-08,0.0019362022185078502,0.0013928788344350499,0.0005433233840728,0.6666666666666666,6,6,0.0019362022185078502,0.001602868885174517,0.0012695355518411834,Ridge
2023-05-08,2023-05-09,0.002705230890243291,-7.386877712545821e-05,0.00277909966736875,0.6666666666666666,6,6,0.002705230890243291,0.0023718975569099574,0.0020385642235766243,Ridge
2023-05-09,2023-05-10,-0.0034103257708915416,-0.0022117821384534998,-0.0011985436324380414,1.1666666666666665,6,6,-0.0034103257708915416,-0.003993659104224875,-0.004576992437558209,Ridge
2023-05-10,2023-05-11,-0.00419349723914105,-0.003514825444819533,-0.0006786717943215167,0.6666666666666666,6,6,-0.00419349723914105,-0.004526830572474383,-0.004860163905807717,Ridge
2023-05-11,2023-05-12,-0.003718193150856341,-0.005040535922753817,0.001322342771897475,0.6666666666666666,6,6,-0.003718193150856341,-0.004051526484189674,-0.004384859817523008,Ridge
2023-05-12,2023-05-15,0.009949117571642931,0.008410220002328316,0.0015388975693146167,0.8333333333333333,6,6,0.009949117571642931,0.009532450904976265,0.009115784238309598,Ridge
2023-05-15,2023-05-16,-0.002357797216344567,-0.007239318517510591,0.004881521301166024,0.6666666666666666,6,6,-0.002357797216344567,-0.0026911305496779003,-0.0030244638830112334,Ridge
2023-05-16,2023-05-17,0.010154393076794482,0.013181857172143516,-0.0030274640953490326,0.8333333333333333,6,6,0.010154393076794482,0.009737726410127816,0.009321059743461148,Ridge
2023-05-17,2023-05-18,0.0015979500081023746,0.006929071522759525,-0.00533112151465715,1.0,6,6,0.0015979500081023746,0.0010979500081023746,0.0005979500081023745,Ridge
2023-05-18,2023-05-19,-0.002191782144166408,-0.000795628988797275,-0.0013961531553691334,1.1666666666666665,6,6,-0.002191782144166408,-0.0027751154774997414,-0.0033584488108330747,Ridge
2023-05-19,2023-05-22,0.003370148745701025,0.0006543227769795499,0.002715825968721476,1.1666666666666665,6,6,0.003370148745701025,0.002786815412367692,0.0022034820790343586,Ridge
2023-05-22,2023-05-23,-0.0018314611239526003,-0.0010464394395827748,-0.0007850216843698255,0.8333333333333333,6,6,-0.0018314611239526003,-0.002248127790619267,-0.002664794457285934,Ridge
2023-05-23,2023-05-24,-0.002880225369318974,-0.007825991594586017,0.004945766225267041,0.6666666666666666,6,6,-0.002880225369318974,-0.0032135587026523075,-0.0035468920359856405,Ridge
2023-05-24,2023-05-25,8.079295623447495e-05,-0.003417501472947025,0.0034982944291815006,1.0,6,6,8.079295623447495e-05,-0.00041920704376552506,-0.0009192070437655251,Ridge
2023-05-25,2023-05-26,-0.0014944960284414247,0.0033092868360540748,-0.0048037828644955,1.5,6,6,-0.0014944960284414247,-0.002244496028441425,-0.0029944960284414247,Ridge
2023-05-26,2023-05-30,-0.002610584006607684,-0.0022552876651340667,-0.0003552963414736167,0.6666666666666666,6,6,-0.002610584006607684,-0.0029439173399410175,-0.0032772506732743505,Ridge
2023-05-30,2023-05-31,-0.0045435634999832246,-0.004750150400085392,0.00020658690010216677,0.8333333333333333,6,6,-0.0045435634999832246,-0.004960230166649891,-0.005376896833316558,Ridge
2023-05-31,2023-06-01,-3.3607162127674735e-05,0.003414156463978483,-0.003447763626106158,0.8333333333333333,6,6,-3.3607162127674735e-05,-0.0004502738287943414,-0.000866940495461008,Ridge
2023-06-01,2023-06-02,0.010063553626484856,0.017199724646801633,-0.007136171020316775,0.8333333333333333,6,6,0.010063553626484856,0.00964688695981819,0.009230220293151523,Ridge
2023-06-02,2023-06-05,-0.0019972396876452923,-0.005102618190896517,0.003105378503251225,0.8333333333333333,6,6,-0.0019972396876452923,-0.002413906354311959,-0.0028305730209786254,Ridge
2023-06-05,2023-06-06,0.009870137730322017,0.007265000708500141,0.0026051370218218746,1.0,6,6,0.009870137730322017,0.009370137730322017,0.008870137730322018,Ridge
2023-06-06,2023-06-07,0.0025920864314111663,0.005491390775141716,-0.00289930434373055,1.0,6,6,0.0025920864314111663,0.0020920864314111663,0.0015920864314111663,Ridge
2023-06-07,2023-06-08,2.7384788369133736e-05,0.003251915292679283,-0.00322453050431015,1.0,6,6,2.7384788369133736e-05,-0.0004726152116308663,-0.0009726152116308663,Ridge
2023-06-08,2023-06-09,-0.002871735273537534,-0.00019732357103806678,-0.0026744117024994664,0.6666666666666666,6,6,-0.002871735273537534,-0.0032050686068708675,-0.0035384019402042006,Ridge
2023-06-09,2023-06-12,-0.002490575119655618,0.007433053148987032,-0.009923628268642648,1.0,6,6,-0.002490575119655618,-0.002990575119655618,-0.003490575119655618,Ridge
2023-06-12,2023-06-13,0.00295199099802,0.00436690525904495,-0.0014149142610249499,0.6666666666666666,6,6,0.00295199099802,0.0026186576646866663,0.0022853243313533333,Ridge
2023-06-13,2023-06-14,0.001507182715231683,0.004355006364689541,-0.0028478236494578583,1.0,6,6,0.001507182715231683,0.001007182715231683,0.000507182715231683,Ridge
2023-06-14,2023-06-15,-0.0024559161740954913,0.0035110196868590503,-0.005966935860954542,1.1666666666666665,6,6,-0.0024559161740954913,-0.0030392495074288246,-0.003622582840762158,Ridge
2023-06-15,2023-06-16,0.0015807873159662913,-0.002001261639814458,0.0035820489557807497,0.8333333333333333,6,6,0.0015807873159662913,0.0011641206492996247,0.000747453982632958,Ridge
2023-06-16,2023-06-20,-0.0003825544044738505,-0.0047756934260097,0.00439313902153585,1.1666666666666665,6,6,-0.0003825544044738505,-0.0009658877378071837,-0.001549221071140517,Ridge
2023-06-20,2023-06-21,-0.006619228577395433,-0.007022499099627158,0.00040327052223172494,1.0,6,6,-0.006619228577395433,-0.0071192285773954336,-0.007619228577395433,Ridge
2023-06-21,2023-06-22,-0.0010487396723314166,-0.0018851963065190914,0.0008364566341876748,0.5,6,6,-0.0010487396723314166,-0.0012987396723314166,-0.0015487396723314166,Ridge
2023-06-22,2023-06-23,-0.003674813866048625,-0.006417669624307516,0.002742855758258891,1.0,6,6,-0.003674813866048625,-0.004174813866048625,-0.004674813866048625,Ridge
2023-06-23,2023-06-26,0.006636425999921357,0.003946766894194841,0.002689659105726516,1.0,6,6,0.006636425999921357,0.006136425999921357,0.005636425999921357,Ridge
2023-06-26,2023-06-27,0.00831762630721399,0.009265449176241957,-0.0009478228690279665,0.6666666666666666,6,6,0.00831762630721399,0.007984292973880657,0.007650959640547323,Ridge
2023-06-27,2023-06-28,0.0003668560808848503,-0.0034557641033298994,0.0038226201842147495,0.8333333333333333,6,6,0.0003668560808848503,-4.981058578181635e-05,-0.000466477252448483,Ridge
2023-06-28,2023-06-29,0.00010837238242983327,0.0008356701609680663,-0.000727297778538233,0.6666666666666666,6,6,0.00010837238242983327,-0.00022496095090350005,-0.0005582942842368334,Ridge
2023-06-29,2023-06-30,-0.0010525432772440658,0.00400382989599175,-0.005056373173235816,0.8333333333333333,6,6,-0.0010525432772440658,-0.0014692099439107325,-0.001885876610577399,Ridge
2023-06-30,2023-07-03,0.0031756478930949246,0.0036568061297350915,-0.00048115823664016686,0.6666666666666666,6,6,0.0031756478930949246,0.002842314559761591,0.002508981226428258,Ridge
2023-07-03,2023-07-05,-0.005751536347831791,-0.006674750771997324,0.0009232144241655332,0.8333333333333333,6,6,-0.005751536347831791,-0.006168203014498458,-0.0065848696811651244,Ridge
2023-07-05,2023-07-06,-0.005301078695327382,-0.0084664590095194,0.0031653803141920163,0.6666666666666666,6,6,-0.005301078695327382,-0.005634412028660715,-0.005967745361994049,Ridge
2023-07-06,2023-07-07,0.0012216154303378414,-0.0024909565884942498,0.0037125720188320916,0.6666666666666666,6,6,0.0012216154303378414,0.0008882820970045082,0.0005549487636711748,Ridge
2023-07-07,2023-07-10,0.0009507671001323578,0.004679775949055391,-0.0037290088489230332,0.5,6,6,0.0009507671001323578,0.0007007671001323578,0.00045076710013235784,Ridge
2023-07-10,2023-07-11,-0.0005924589257152164,0.0030130485934249584,-0.0036055075191401744,0.8333333333333333,6,6,-0.0005924589257152164,-0.0010091255923818832,-0.0014257922590485497,Ridge
2023-07-11,2023-07-12,0.007190180208604216,0.004817771125136108,0.002372409083468108,0.6666666666666666,6,6,0.007190180208604216,0.006856846875270883,0.006523513541937549,Ridge
2023-07-12,2023-07-13,-0.00411637946738925,-0.0017324026603320081,-0.0023839768070572417,1.1666666666666665,6,6,-0.00411637946738925,-0.004699712800722583,-0.005283046134055916,Ridge
2023-07-13,2023-07-14,0.006692341000499192,0.0002450747290770749,0.0064472662714221175,0.6666666666666666,6,6,0.006692341000499192,0.006359007667165859,0.006025674333832525,Ridge
2023-07-14,2023-07-17,-0.0025999605781234906,0.003278005887724875,-0.005877966465848366,1.1666666666666665,6,6,-0.0025999605781234906,-0.003183293911456824,-0.003766627244790157,Ridge
2023-07-17,2023-07-18,-0.009181323224431583,0.0012082669674213919,-0.010389590191852973,0.8333333333333333,6,6,-0.009181323224431583,-0.009597989891098248,-0.010014656557764916,Ridge
2023-07-18,2023-07-19,4.011006598513337e-05,0.0018279702030039248,-0.0017878601370187916,0.6666666666666666,6,6,4.011006598513337e-05,-0.00029322326734819996,-0.0006265566006815333,Ridge
2023-07-19,2023-07-20,-0.003622233320390391,-0.001756317689654175,-0.0018659156307362164,0.6666666666666666,6,6,-0.003622233320390391,-0.003955566653723724,-0.004288899987057058,Ridge
2023-07-20,2023-07-21,0.005574887434913349,0.007537536745437992,-0.0019626493105246415,0.6666666666666666,6,6,0.005574887434913349,0.005241554101580016,0.004908220768246682,Ridge
2023-07-21,2023-07-24,0.0009562208492553503,0.004803778721010667,-0.003847557871755316,0.8333333333333333,6,6,0.0009562208492553503,0.0005395541825886837,0.00012288751592201704,Ridge
2023-07-24,2023-07-25,0.002222062338962383,0.0011294799756151918,0.0010925823633471917,1.1666666666666665,6,6,0.002222062338962383,0.0016387290056290495,0.0010553956722957163,Ridge
2023-07-25,2023-07-26,0.0007473168823052584,0.0019509971975379416,-0.0012036803152326834,0.8333333333333333,6,6,0.0007473168823052584,0.00033065021563859177,-8.601645102807487e-05,Ridge
2023-07-26,2023-07-27,-0.001830329148577492,-2.6143281991891816e-05,-0.0018041858665856,0.5,6,6,-0.001830329148577492,-0.002080329148577492,-0.0023303291485774922,Ridge
2023-07-27,2023-07-28,-0.004420037496586975,0.002353715402819642,-0.006773752899406617,0.8333333333333333,6,6,-0.004420037496586975,-0.004836704163253641,-0.005253370829920308,Ridge
2023-07-28,2023-07-31,0.008374076936647991,0.002842364399050033,0.005531712537597959,0.3333333333333333,6,6,0.008374076936647991,0.008207410269981324,0.008040743603314658,Ridge
2023-07-31,2023-08-01,-0.007603498720306158,-0.0020971407963046164,-0.005506357924001541,0.6666666666666666,6,6,-0.007603498720306158,-0.007936832053639492,-0.008270165386972825,Ridge
2023-08-01,2023-08-02,-0.0019050071656412327,-0.007721967057195641,0.0058169598915544084,1.0,6,6,-0.0019050071656412327,-0.0024050071656412327,-0.0029050071656412327,Ridge
2023-08-02,2023-08-03,0.010897997028770883,0.0022887936876580914,0.008609203341112792,0.6666666666666666,6,6,0.010897997028770883,0.01056466369543755,0.010231330362104217,Ridge
2023-08-03,2023-08-04,0.007977643864920975,0.00016185976775718322,0.00781578409716379,0.5,6,6,0.007977643864920975,0.0077276438649209744,0.007477643864920974,Ridge
2023-08-04,2023-08-07,-0.00292655182476325,0.0030708323627206993,-0.005997384187483949,0.8333333333333333,6,6,-0.00292655182476325,-0.003343218491429917,-0.0037598851580965837,Ridge
2023-08-07,2023-08-08,-0.005911953946051825,-0.0040002928960116,-0.0019116610500402248,0.6666666666666666,6,6,-0.005911953946051825,-0.006245287279385158,-0.006578620612718492,Ridge
2023-08-08,2023-08-09,-0.00215746752779105,-0.004229644794298116,0.0020721772665070665,0.6666666666666666,6,6,-0.00215746752779105,-0.0024908008611243837,-0.0028241341944577167,Ridge
2023-08-09,2023-08-10,-0.0024034386160894914,-0.0004686764277507666,-0.001934762188338725,1.1666666666666665,6,6,-0.0024034386160894914,-0.0029867719494228247,-0.003570105282756158,Ridge
2023-08-10,2023-08-11,-0.0009160773089868332,0.0015417498347721833,-0.0024578271437590165,0.6666666666666666,6,6,-0.0009160773089868332,-0.0012494106423201665,-0.0015827439756535,Ridge
2023-08-11,2023-08-14,-0.0005023507099838002,-0.0020215538241753835,0.001519203114191583,0.5,6,6,-0.0005023507099838002,-0.0007523507099838002,-0.0010023507099838002,Ridge
2023-08-14,2023-08-15,-0.009383971833719374,-0.009268943190125558,-0.00011502864359381679,0.6666666666666666,6,6,-0.009383971833719374,-0.009717305167052707,-0.01005063850038604,Ridge
2023-08-15,2023-08-16,-0.006323788900533874,-0.008628479154362816,0.0023046902538289417,0.5,6,6,-0.006323788900533874,-0.006573788900533875,-0.006823788900533874,Ridge
2023-08-16,2023-08-17,-0.002852009848371166,-0.002618579034184358,-0.00023343081418680778,0.3333333333333333,6,6,-0.002852009848371166,-0.0030186765150378323,-0.0031853431817044993,Ridge
2023-08-17,2023-08-18,0.0003665832769163251,0.0009257771763669415,-0.0005591938994506163,0.8333333333333333,6,6,0.0003665832769163251,-5.008338975034151e-05,-0.00046675005641700815,Ridge
2023-08-18,2023-08-21,0.004680527266256875,0.0011207667035113167,0.0035597605627455584,0.5,6,6,0.004680527266256875,0.004430527266256875,0.004180527266256876,Ridge
2023-08-21,2023-08-22,0.0002921029316617415,-0.002635313810932875,0.0029274167425946164,1.0,6,6,0.0002921029316617415,-0.00020789706833825852,-0.0007078970683382585,Ridge
2023-08-22,2023-08-23,0.0038932235716871415,0.005013021869585575,-0.0011197982978984333,0.6666666666666666,6,6,0.0038932235716871415,0.003559890238353808,0.003226556905020475,Ridge
2023-08-23,2023-08-24,0.0021057353668347254,-0.007631191011139741,0.009736926377974466,0.8333333333333333,6,6,0.0021057353668347254,0.0016890687001680587,0.0012724020335013922,Ridge
2023-08-24,2023-08-25,-0.0011161449287844913,0.004891961733598458,-0.00600810666238295,0.6666666666666666,6,6,-0.0011161449287844913,-0.0014494782621178245,-0.001782811595451158,Ridge
2023-08-25,2023-08-28,-0.0004868989430991083,0.0023035901546110582,-0.0027904890977101665,1.0,6,6,-0.0004868989430991083,-0.0009868989430991083,-0.0014868989430991083,Ridge
2023-08-28,2023-08-29,0.0005178683087360993,0.004941983312088225,-0.004424115003352124,1.0,6,6,0.0005178683087360993,1.786830873609928e-05,-0.00048213169126390073,Ridge
2023-08-29,2023-08-30,-0.0005442063580936917,-5.62315609694417e-05,-0.00048797479712425003,1.5,6,6,-0.0005442063580936917,-0.0012942063580936919,-0.0020442063580936917,Ridge
2023-08-30,2023-08-31,-0.0038244595514145834,-0.0056943435622245665,0.0018698840108099834,1.1666666666666665,6,6,-0.0038244595514145834,-0.004407792884747916,-0.0049911262180812495,Ridge
2023-08-31,2023-09-01,-0.0026043739350661995,0.0017682174541601915,-0.004372591389226391,0.8333333333333333,6,6,-0.0026043739350661995,-0.0030210406017328662,-0.0034377072683995325,Ridge
2023-09-01,2023-09-05,-0.0012132620091409958,-0.003825686072363416,0.0026124240632224207,0.6666666666666666,6,6,-0.0012132620091409958,-0.001546595342474329,-0.0018799286758076623,Ridge
2023-09-05,2023-09-06,-0.010310770155126844,-0.008754186827366792,-0.0015565833277600498,0.5,6,6,-0.010310770155126844,-0.010560770155126844,-0.010810770155126844,Ridge
2023-09-06,2023-09-07,8.920319034292246e-05,-0.000679199807810592,0.0007684029981535143,0.8333333333333333,6,6,8.920319034292246e-05,-0.0003274634763237442,-0.0007441301429904108,Ridge
2023-09-07,2023-09-08,-0.0014423507401575668,-0.0014670048204536,2.465408029603337e-05,1.0,6,6,-0.0014423507401575668,-0.0019423507401575668,-0.0024423507401575666,Ridge
2023-09-08,2023-09-11,0.0029065564497766246,0.003329889700118058,-0.00042333325034143326,0.8333333333333333,6,6,0.0029065564497766246,0.002489889783109958,0.0020732231164432915,Ridge
2023-09-11,2023-09-12,0.01484974570280214,-0.0006065291836207919,0.015456274886422932,1.0,6,6,0.01484974570280214,0.01434974570280214,0.01384974570280214,Ridge
2023-09-12,2023-09-13,8.226035008109152e-05,0.0019872226842032915,-0.0019049623341221998,1.3333333333333333,6,6,8.226035008109152e-05,-0.0005844063165855751,-0.0012510729832522418,Ridge
2023-09-13,2023-09-14,-0.005914458786604506,0.004560792757128916,-0.010475251543733424,0.5,6,6,-0.005914458786604506,-0.006164458786604507,-0.006414458786604507,Ridge
2023-09-14,2023-09-15,-1.5908188713933095e-05,-0.003092894172722675,0.003076985984008741,0.6666666666666666,6,6,-1.5908188713933095e-05,-0.00034924152204726644,-0.0006825748553805997,Ridge
2023-09-15,2023-09-18,-0.003909340177231025,-0.0009123098773112998,-0.002997030299919725,0.6666666666666666,6,6,-0.003909340177231025,-0.004242673510564358,-0.004576006843897692,Ridge
2023-09-18,2023-09-19,-0.004350580843744933,-0.0052194564207805,0.0008688755770355666,1.1666666666666665,6,6,-0.004350580843744933,-0.004933914177078266,-0.0055172475104116,Ridge
2023-09-19,2023-09-20,-0.008607944038789532,-0.007331995543107641,-0.0012759484956818912,1.5,6,6,-0.008607944038789532,-0.009357944038789532,-0.010107944038789531,Ridge
2023-09-20,2023-09-21,-0.004091813785140008,-0.007215526191906341,0.0031237124067663323,0.6666666666666666,6,6,-0.004091813785140008,-0.004425147118473341,-0.004758480451806675,Ridge
2023-09-21,2023-09-22,-0.003926204940552217,-0.004500723675803141,0.000574518735250925,0.6666666666666666,6,6,-0.003926204940552217,-0.00425953827388555,-0.004592871607218884,Ridge
2023-09-22,2023-09-25,0.0022102521777253494,0.002372029803171825,-0.0001617776254464752,0.8333333333333333,6,6,0.0022102521777253494,0.0017935855110586827,0.0013769188443920161,Ridge
2023-09-25,2023-09-26,-0.0050902134871214835,-0.009334683456481151,0.004244469969359666,1.0,6,6,-0.0050902134871214835,-0.005590213487121484,-0.0060902134871214835,Ridge
2023-09-26,2023-09-27,0.0029801463081109165,-0.00029270756095851674,0.0032728538690694332,0.8333333333333333,6,6,0.0029801463081109165,0.0025634796414442497,0.002146812974777583,Ridge
2023-09-27,2023-09-28,0.005829570019521259,0.005049377836951049,0.0007801921825702084,1.0,6,6,0.005829570019521259,0.005329570019521258,0.004829570019521259,Ridge
2023-09-28,2023-09-29,-0.0020598078394508078,-0.0010418392241555502,-0.0010179686152952587,0.8333333333333333,6,6,-0.0020598078394508078,-0.0024764745061174745,-0.0028931411727841413,Ridge
2023-09-29,2023-10-02,0.0004501754993839917,-0.0011934868865227828,0.0016436623859067748,0.8333333333333333,6,6,0.0004501754993839917,3.350883271732507e-05,-0.00038315783394934157,Ridge
2023-10-02,2023-10-03,-0.003549109770229125,-0.007793217914077633,0.004244108143848508,0.8333333333333333,6,6,-0.003549109770229125,-0.003965776436895792,-0.004382443103562459,Ridge
2023-10-03,2023-10-04,0.005798398099039783,0.003997431292438641,0.0018009668066011413,0.8333333333333333,6,6,0.005798398099039783,0.005381731432373116,0.00496506476570645,Ridge
2023-10-04,2023-10-05,0.005860379087125026,0.0031003837730264414,0.0027599953140985834,0.6666666666666666,6,6,0.005860379087125026,0.005527045753791693,0.005193712420458359,Ridge
2023-10-05,2023-10-06,0.0020809174472677418,0.0032671346970890667,-0.001186217249821325,1.0,6,6,0.0020809174472677418,0.0015809174472677418,0.0010809174472677418,Ridge
2023-10-06,2023-10-09,-0.0003161283705591001,0.0009334495718109833,-0.0012495779423700832,0.6666666666666666,6,6,-0.0003161283705591001,-0.0006494617038924334,-0.0009827950372257668,Ridge
2023-10-09,2023-10-10,0.0019483347317299751,0.0024649240632641,-0.0005165893315341248,0.8333333333333333,6,6,0.0019483347317299751,0.0015316680650633084,0.0011150013983966419,Ridge
2023-10-10,2023-10-11,-0.0035141390146420327,-0.0035745313772950578,6.039236265302495e-05,1.1666666666666665,6,6,-0.0035141390146420327,-0.004097472347975366,-0.004680805681308699,Ridge
2023-10-11,2023-10-12,0.001959716731622091,-0.0011931008323792084,0.0031528175640012997,1.0,6,6,0.001959716731622091,0.0014597167316220908,0.0009597167316220908,Ridge
2023-10-12,2023-10-13,-0.0034498294792365825,-0.0031082043858454327,-0.00034162509339114987,1.0,6,6,-0.0034498294792365825,-0.003949829479236583,-0.0044498294792365825,Ridge
2023-10-13,2023-10-16,0.005734373986572084,0.00748684331199915,-0.0017524693254270664,0.8333333333333333,6,6,0.005734373986572084,0.005317707319905417,0.00490104065323875,Ridge
2023-10-16,2023-10-17,0.006342455146594942,0.005022282888825425,0.0013201722577695168,0.8333333333333333,6,6,0.006342455146594942,0.0059257884799282755,0.005509121813261609,Ridge
2023-10-17,2023-10-18,0.008601727208892634,-0.0029139776274961582,0.011515704836388793,1.1666666666666665,6,6,0.008601727208892634,0.0080183938755593,0.0074350605422259675,Ridge
2023-10-18,2023-10-19,0.0022560115178185177,-0.0020035099370571416,0.0042595214548756585,1.0,6,6,0.0022560115178185177,0.0017560115178185177,0.0012560115178185177,Ridge
2023-10-19,2023-10-20,-0.007971820785796382,-0.010538401244678875,0.0025665804588824916,0.8333333333333333,6,6,-0.007971820785796382,-0.008388487452463048,-0.008805154119129716,Ridge
2023-10-20,2023-10-23,-0.0022993938789827497,-0.0037232040355543415,0.0014238101565715918,0.6666666666666666,6,6,-0.0022993938789827497,-0.002632727212316083,-0.0029660605456494162,Ridge
2023-10-23,2023-10-24,-0.0020349218328996168,0.0004707297712064082,-0.002505651604106025,0.8333333333333333,6,6,-0.0020349218328996168,-0.0024515884995662835,-0.0028682551662329503,Ridge
2023-10-24,2023-10-25,-0.003271332372317617,-0.003196044754085325,-7.528761823229197e-05,0.8333333333333333,6,6,-0.003271332372317617,-0.0036879990389842836,-0.00410466570565095,Ridge
2023-10-25,2023-10-26,-0.003990874981956466,-0.0011570421242338498,-0.0028338328577226166,0.6666666666666666,6,6,-0.003990874981956466,-0.004324208315289799,-0.004657541648623133,Ridge
2023-10-26,2023-10-27,-0.0008081062737252247,-0.004663779248597441,0.003855672974872217,0.6666666666666666,6,6,-0.0008081062737252247,-0.001141439607058558,-0.0014747729403918914,Ridge
2023-10-27,2023-10-30,0.006168571799594901,0.009435393346912582,-0.003266821547317683,0.8333333333333333,6,6,0.006168571799594901,0.005751905132928234,0.0053352384662615675,Ridge
2023-10-30,2023-10-31,0.006629430427242791,0.004826794060085966,0.0018026363671568252,1.0,6,6,0.006629430427242791,0.0061294304272427914,0.005629430427242791,Ridge
2023-10-31,2023-11-01,-9.731372602902457e-05,0.0007399349007447755,-0.0008372486267738,0.6666666666666666,6,6,-9.731372602902457e-05,-0.0004306470593623579,-0.0007639803926956912,Ridge
2023-11-01,2023-11-02,0.0047899467446740895,0.015579425341665315,-0.010789478596991225,1.3333333333333333,6,6,0.0047899467446740895,0.004123280078007423,0.0034566134113407565,Ridge
2023-11-02,2023-11-03,0.0034195349295400163,0.005123374447816109,-0.0017038395182760917,1.0,6,6,0.0034195349295400163,0.0029195349295400162,0.0024195349295400162,Ridge
2023-11-03,2023-11-06,-0.0018780032916285666,-0.001605502367374483,-0.00027250092425408327,1.0,6,6,-0.0018780032916285666,-0.002378003291628567,-0.0028780032916285664,Ridge
2023-11-06,2023-11-07,-0.004869432500151167,-0.002668465176447633,-0.0022009673237035335,0.6666666666666666,6,6,-0.004869432500151167,-0.0052027658334845,-0.005536099166817834,Ridge
2023-11-07,2023-11-08,-0.003289699235601025,-0.0031955961349841664,-9.410310061685822e-05,0.8333333333333333,6,6,-0.003289699235601025,-0.0037063659022676916,-0.004123032568934358,Ridge
2023-11-08,2023-11-09,0.003134548265411283,-0.0007177784048807582,0.003852326670292041,1.0,6,6,0.003134548265411283,0.002634548265411283,0.002134548265411283,Ridge
2023-11-09,2023-11-10,-0.006856725417670332,0.00318121209348425,-0.010037937511154584,0.8333333333333333,6,6,-0.006856725417670332,-0.007273392084336998,-0.007690058751003665,Ridge
2023-11-10,2023-11-13,0.0027217621770249333,0.001041447241660575,0.001680314935364358,0.5,6,6,0.0027217621770249333,0.0024717621770249335,0.0022217621770249333,Ridge
2023-11-13,2023-11-14,0.0027410561339750667,0.011412849082090483,-0.008671792948115417,0.6666666666666666,6,6,0.0027410561339750667,0.002407722800641733,0.0020743894673084,Ridge
2023-11-14,2023-11-15,-0.0019761571748195587,0.0035612104696492665,-0.005537367644468825,1.0,6,6,-0.0019761571748195587,-0.0024761571748195587,-0.0029761571748195587,Ridge
2023-11-15,2023-11-16,0.01526137580432829,0.00036683452242234986,0.01489454128190594,0.8333333333333333,6,6,0.01526137580432829,0.014844709137661624,0.014428042470994957,Ridge
2023-11-16,2023-11-17,0.0028081298089216917,0.0035050115846363334,-0.0006968817757146416,1.3333333333333333,6,6,0.0028081298089216917,0.002141463142255025,0.0014747964755883584,Ridge
2023-11-17,2023-11-20,-0.0022646583953272914,0.0018187691765897999,-0.0040834275719170915,0.8333333333333333,6,6,-0.0022646583953272914,-0.002681325061993958,-0.0030979917286606245,Ridge
2023-11-20,2023-11-21,0.002456673455301217,-0.0003398175736026168,0.0027964910289038332,0.8333333333333333,6,6,0.002456673455301217,0.00204000678863455,0.0016233401219678835,Ridge
2023-11-21,2023-11-22,-0.001987124693247375,0.00013767455218260022,-0.002124799245429975,1.1666666666666665,6,6,-0.001987124693247375,-0.0025704580265807084,-0.0031537913599140417,Ridge
2023-11-22,2023-11-24,0.00042764488566841364,0.0013021309174831134,-0.0008744860318146999,1.1666666666666665,6,6,0.00042764488566841364,-0.00015568844766491964,-0.0007390217809982529,Ridge
2023-11-24,2023-11-27,0.00018641049621372498,-0.0014670462433292583,0.0016534567395429833,0.8333333333333333,6,6,0.00018641049621372498,-0.00023025617045294166,-0.0006469228371196083,Ridge
2023-11-27,2023-11-28,-0.00024601541622119177,-0.0012614665814334417,0.0010154511652122498,0.8333333333333333,6,6,-0.00024601541622119177,-0.0006626820828878584,-0.0010793487495545252,Ridge
2023-11-28,2023-11-29,0.004847995842625499,0.004685708355769616,0.0001622874868558834,0.6666666666666666,6,6,0.004847995842625499,0.004514662509292166,0.004181329175958832,Ridge
2023-11-29,2023-11-30,-0.004846742580939433,0.002648615875035483,-0.007495358455974917,1.0,6,6,-0.004846742580939433,-0.0053467425809394335,-0.005846742580939433,Ridge
2023-11-30,2023-12-01,-0.0010120577556011008,0.003329629236081283,-0.004341686991682384,1.0,6,6,-0.0010120577556011008,-0.0015120577556011008,-0.002012057755601101,Ridge
2023-12-01,2023-12-04,-0.005207765461247075,-0.0035839425194167914,-0.0016238229418302835,0.8333333333333333,6,6,-0.005207765461247075,-0.005624432127913742,-0.006041098794580408,Ridge
2023-12-04,2023-12-05,-0.0003975141919581003,-0.0004935762802212669,9.606208826316669e-05,1.0,6,6,-0.0003975141919581003,-0.0008975141919581003,-0.0013975141919581003,Ridge
2023-12-05,2023-12-06,-0.001997018934336659,-0.005467312996673283,0.003470294062336625,0.6666666666666666,6,6,-0.001997018934336659,-0.0023303522676699925,-0.0026636856010033255,Ridge
2023-12-06,2023-12-07,0.002274866568294891,0.003215953424471266,-0.0009410868561763749,1.0,6,6,0.002274866568294891,0.0017748665682948911,0.0012748665682948911,Ridge
2023-12-07,2023-12-08,0.0007629299964186256,0.0036737523326506164,-0.0029108223362319914,0.6666666666666666,6,6,0.0007629299964186256,0.0004295966630852923,9.6263329751959e-05,Ridge
2023-12-08,2023-12-11,0.004586624226189641,0.005072428150903458,-0.0004858039247138165,0.8333333333333333,6,6,0.004586624226189641,0.004169957559522974,0.0037532908928563074,Ridge
2023-12-11,2023-12-12,0.007619476579012436,-0.002002076379833508,0.009621552958845947,1.0,6,6,0.007619476579012436,0.0071194765790124365,0.006619476579012436,Ridge
2023-12-12,2023-12-13,-0.0045676450850011254,0.0022518118955060324,-0.006819456980507158,1.0,6,6,-0.0045676450850011254,-0.005067645085001125,-0.0055676450850011255,Ridge
2023-12-13,2023-12-14,-0.015922082637157768,0.002202707477184649,-0.018124790114342416,0.8333333333333333,6,6,-0.015922082637157768,-0.016338749303824434,-0.0167554159704911,Ridge
2023-12-14,2023-12-15,0.005726864570868283,0.004251855743758266,0.0014750088271100166,0.5,6,6,0.005726864570868283,0.005476864570868283,0.005226864570868283,Ridge
2023-12-15,2023-12-18,0.005701207295867767,0.004490649513806591,0.001210557782061175,1.3333333333333333,6,6,0.005701207295867767,0.0050345406292011,0.004367873962534434,Ridge
2023-12-18,2023-12-19,0.0026353691290992676,0.007527316021072449,-0.004891946891973182,1.3333333333333333,6,6,0.0026353691290992676,0.001968702462432601,0.0013020357957659343,Ridge
2023-12-19,2023-12-20,-0.00024894694029390795,-0.006397603877055383,0.006148656936761475,1.0,6,6,-0.00024894694029390795,-0.000748946940293908,-0.001248946940293908,Ridge
2023-12-20,2023-12-21,0.0002998248952878254,0.0031175822586188414,-0.0028177573633310165,0.6666666666666666,6,6,0.0002998248952878254,-3.3508438045507926e-05,-0.00036684177137884125,Ridge
2023-12-21,2023-12-22,0.010850410238584565,0.0008603605050224582,0.009990049733562108,1.1666666666666665,6,6,0.010850410238584565,0.010267076905251232,0.009683743571917898,Ridge
2023-12-22,2023-12-26,-0.0035257486925103654,0.001981225664662251,-0.0055069743571726166,1.1666666666666665,6,6,-0.0035257486925103654,-0.004109082025843699,-0.004692415359177032,Ridge
2023-12-26,2023-12-27,-0.0009026169898394501,0.0006282571426669416,-0.0015308741325063915,1.0,6,6,-0.0009026169898394501,-0.0014026169898394502,-0.0019026169898394502,Ridge
2023-12-27,2023-12-28,-0.0013250987556109916,-0.00023011075638584995,-0.0010949879992251416,1.0,6,6,-0.0013250987556109916,-0.0018250987556109916,-0.0023250987556109916,Ridge
2023-12-28,2023-12-29,-0.0009591385264967831,-0.0018976430376228582,0.0009385045111260749,0.8333333333333333,6,6,-0.0009591385264967831,-0.0013758051931634498,-0.0017924718598301163,Ridge
2023-12-29,2024-01-02,0.004528806500662859,0.0027965719372075324,0.001732234563455325,0.8333333333333333,6,6,0.004528806500662859,0.004112139833996192,0.0036954731673295256,Ridge
2024-01-02,2024-01-03,-0.008274331936427692,-0.007123444401311382,-0.0011508875351163082,1.1666666666666665,6,6,-0.008274331936427692,-0.008857665269761025,-0.009440998603094358,Ridge
2024-01-03,2024-01-04,-0.0038327444586148916,-0.0026554829741255916,-0.0011772614844893,0.3333333333333333,6,6,-0.0038327444586148916,-0.003999411125281558,-0.004166077791948225,Ridge
2024-01-04,2024-01-05,0.006065570000461316,0.003264239088898383,0.002801330911562933,0.5,6,6,0.006065570000461316,0.005815570000461316,0.005565570000461316,Ridge
2024-01-05,2024-01-08,-0.0021495172375569083,0.00017039397925553237,-0.0023199112168124413,0.16666666666666666,6,6,-0.0021495172375569083,-0.0022328505708902415,-0.002316183904223575,Ridge
2024-01-08,2024-01-09,-0.002806598523250342,-0.004003704036352325,0.0011971055131019832,0.6666666666666666,6,6,-0.002806598523250342,-0.0031399318565836754,-0.0034732651899170085,Ridge
2024-01-09,2024-01-10,-0.002110859264499208,-0.0009983957122714749,-0.0011124635522277331,0.3333333333333333,6,6,-0.002110859264499208,-0.0022775259311658747,-0.0024441925978325417,Ridge
2024-01-10,2024-01-11,0.0010677212688218582,0.001077951559891475,-1.0230291069616667e-05,0.5,6,6,0.0010677212688218582,0.0008177212688218582,0.0005677212688218582,Ridge
2024-01-11,2024-01-12,0.0004785239256063332,0.0014359377253424501,-0.0009574137997361166,0.3333333333333333,6,6,0.0004785239256063332,0.0003118572589396665,0.00014519059227299986,Ridge
2024-01-12,2024-01-16,-0.007101726292286009,-0.008259978690496684,0.0011582523982106752,0.3333333333333333,6,6,-0.007101726292286009,-0.007268392958952675,-0.007435059625619342,Ridge
2024-01-16,2024-01-17,-0.0016143061239995665,-0.0032836102289442253,0.0016693041049446581,0.6666666666666666,6,6,-0.0016143061239995665,-0.0019476394573328998,-0.002280972790666233,Ridge
2024-01-17,2024-01-18,0.006122016456662633,0.005681065591263058,0.00044095086539957477,0.5,6,6,0.006122016456662633,0.005872016456662633,0.005622016456662634,Ridge
2024-01-18,2024-01-19,0.0031413804559292007,0.00779074045283935,-0.0046493599969101495,0.8333333333333333,6,6,0.0031413804559292007,0.002724713789262534,0.002308047122595867,Ridge
2024-01-19,2024-01-22,0.0001123021471632834,0.0005468901028662333,-0.0004345879557029499,0.6666666666666666,6,6,0.0001123021471632834,-0.00022103118617004992,-0.0005543645195033832,Ridge
2024-01-22,2024-01-23,-0.0032394800481002667,0.0015482681836654919,-0.004787748231765757,0.6666666666666666,6,6,-0.0032394800481002667,-0.0035728133814336,-0.0039061467147669332,Ridge
2024-01-23,2024-01-24,0.0052360346555191655,0.0001316710675017417,0.005104363588017424,0.6666666666666666,6,6,0.0052360346555191655,0.0049027013221858325,0.0045693679888524985,Ridge
2024-01-24,2024-01-25,-0.009281452030399205,-0.0008211943387294897,-0.008460257691669717,0.8333333333333333,6,6,-0.009281452030399205,-0.00969811869706587,-0.010114785363732538,Ridge
2024-01-25,2024-01-26,0.005439189526901141,0.003995795175505242,0.0014433943513958993,1.0,6,6,0.005439189526901141,0.004939189526901141,0.004439189526901141,Ridge
2024-01-26,2024-01-29,-0.0012195085834298164,0.00032151802862530863,-0.0015410266120551247,0.6666666666666666,6,6,-0.0012195085834298164,-0.0015528419167631497,-0.001886175250096483,Ridge
2024-01-29,2024-01-30,-0.005657546689037807,-0.004577245369204983,-0.0010803013198328248,0.8333333333333333,6,6,-0.005657546689037807,-0.006074213355704474,-0.006490880022371141,Ridge
2024-01-30,2024-01-31,0.0021331693025761897,-0.0034764793228478992,0.00560964862542409,0.8333333333333333,6,6,0.0021331693025761897,0.001716502635909523,0.0012998359692428564,Ridge
2024-01-31,2024-02-01,-0.005997424369853286,0.0034000636876603332,-0.009397488057513618,0.6666666666666666,6,6,-0.005997424369853286,-0.006330757703186619,-0.006664091036519953,Ridge
2024-02-01,2024-02-02,-0.0013918785403383076,-0.0030543433596559246,0.0016624648193176168,0.5,6,6,-0.0013918785403383076,-0.0016418785403383076,-0.0018918785403383076,Ridge
2024-02-02,2024-02-05,0.001926608255161659,3.680160941440006e-05,0.001889806645747259,0.5,6,6,0.001926608255161659,0.001676608255161659,0.001426608255161659,Ridge
2024-02-05,2024-02-06,0.0020582811792874247,0.00240369860920555,-0.0003454174299181249,0.3333333333333333,6,6,0.0020582811792874247,0.001891614512620758,0.0017249478459540914,Ridge
2024-02-06,2024-02-07,0.008022092554125906,0.003920012716203808,0.004102079837922099,0.5,6,6,0.008022092554125906,0.007772092554125906,0.007522092554125906,Ridge
2024-02-07,2024-02-08,0.0015440687326221249,0.0003090731994887584,0.0012349955331333665,0.5,6,6,0.0015440687326221249,0.0012940687326221249,0.0010440687326221249,Ridge
2024-02-08,2024-02-09,0.009615592421273484,0.004172074879835291,0.005443517541438191,0.5,6,6,0.009615592421273484,0.009365592421273484,0.009115592421273484,Ridge
2024-02-09,2024-02-12,0.0001885265138013504,0.0038697370356781916,-0.003681210521876841,0.3333333333333333,6,6,0.0001885265138013504,2.185984713468374e-05,-0.00014480681953198292,Ridge
2024-02-12,2024-02-13,-0.0012757845122316747,-0.00880348978106034,0.007527705268828667,0.6666666666666666,6,6,-0.0012757845122316747,-0.001609117845565008,-0.0019424511788983414,Ridge
2024-02-13,2024-02-14,0.003776013145968125,0.003471283668801358,0.00030472947716676677,0.16666666666666666,6,6,0.003776013145968125,0.003692679812634792,0.0036093464793014586,Ridge
2024-02-14,2024-02-15,1.8229696803983794e-05,0.002139174330624725,-0.002120944633820741,0.6666666666666666,6,6,1.8229696803983794e-05,-0.00031510363652934953,-0.0006484369698626829,Ridge
2024-02-15,2024-02-16,-0.0032822891184217744,-0.0045158189969413155,0.0012335298785195415,0.5,6,6,-0.0032822891184217744,-0.003532289118421774,-0.0037822891184217744,Ridge
2024-02-16,2024-02-20,-0.006526369403261957,-0.0011488341471204751,-0.005377535256141483,0.3333333333333333,6,6,-0.006526369403261957,-0.006693036069928624,-0.0068597027365952905,Ridge
2024-02-20,2024-02-21,-0.0043363704568564745,-0.002793960071936625,-0.00154241038491985,0.3333333333333333,6,6,-0.0043363704568564745,-0.004503037123523141,-0.0046697037901898076,Ridge
2024-02-21,2024-02-22,0.0001090399112065338,0.004469270612271175,-0.004360230701064641,0.3333333333333333,6,6,0.0001090399112065338,-5.7626755460132866e-05,-0.00022429342212679953,Ridge
2024-02-22,2024-02-23,-0.00011195913982912518,0.002030310755278283,-0.0021422698951074084,0.3333333333333333,6,6,-0.00011195913982912518,-0.0002786258064957918,-0.0004452924731624585,Ridge
2024-02-23,2024-02-26,0.0002452947747896496,-0.00018335108917978335,0.00042864586396943317,0.3333333333333333,6,6,0.0002452947747896496,7.862810812298295e-05,-8.803855854368372e-05,Ridge
2024-02-26,2024-02-27,0.0013562868713473167,0.0011456282015517832,0.00021065866979553334,0.5,6,6,0.0013562868713473167,0.0011062868713473167,0.0008562868713473167,Ridge
2024-02-27,2024-02-28,0.0010900703835370002,5.622060930650006e-05,0.0010338497742305003,0.5,6,6,0.0010900703835370002,0.0008400703835370002,0.0005900703835370002,Ridge
2024-02-28,2024-02-29,0.003080056439063258,5.83342861074131e-06,0.0030742230104525165,0.5,6,6,0.003080056439063258,0.002830056439063258,0.002580056439063258,Ridge
2024-02-29,2024-03-01,0.0034629423340451332,0.003666724431603117,-0.0002037820975579834,0.6666666666666666,6,6,0.0034629423340451332,0.0031296090007117998,0.0027962756673784667,Ridge
2024-03-01,2024-03-04,0.0108038579136552,0.005981319962850359,0.004822537950804841,0.8333333333333333,6,6,0.0108038579136552,0.010387191246988534,0.009970524580321867,Ridge
2024-03-04,2024-03-05,-0.005630228341145225,-0.007173927848246674,0.00154369950710145,0.8333333333333333,6,6,-0.005630228341145225,-0.006046895007811892,-0.0064635616744785586,Ridge
2024-03-05,2024-03-06,0.004622924143812133,0.00370402398506515,0.000918900158746983,0.3333333333333333,6,6,0.004622924143812133,0.004456257477145466,0.0042895908104788,Ridge
2024-03-06,2024-03-07,0.005213469891716083,0.006090847505649241,-0.0008773776139331583,0.6666666666666666,6,6,0.005213469891716083,0.00488013655838275,0.004546803225049416,Ridge
2024-03-07,2024-03-08,-0.0059810385048894585,-0.005491873646134784,-0.0004891648587546748,0.6666666666666666,6,6,-0.0059810385048894585,-0.006314371838222792,-0.0066477051715561255,Ridge
2024-03-08,2024-03-11,0.0017894681908938585,0.00485050969124855,-0.0030610415003546913,0.5,6,6,0.0017894681908938585,0.0015394681908938584,0.0012894681908938584,Ridge
2024-03-11,2024-03-12,-0.007453222721332224,0.002140027578992525,-0.009593250300324749,0.8333333333333333,6,6,-0.007453222721332224,-0.00786988938799889,-0.008286556054665557,Ridge
2024-03-12,2024-03-13,-0.0034572281044172163,-0.0033837935607169503,-7.343454370026655e-05,0.6666666666666666,6,6,-0.0034572281044172163,-0.00379056143775055,-0.004123894771083883,Ridge
2024-03-13,2024-03-14,-0.000928038541069225,-0.004764148673546992,0.0038361101324777664,0.6666666666666666,6,6,-0.000928038541069225,-0.0012613718744025582,-0.0015947052077358915,Ridge
2024-03-14,2024-03-15,-0.0006019552177428042,-0.0017234083630759296,0.0011214531453331252,0.6666666666666666,6,6,-0.0006019552177428042,-0.0009352885510761375,-0.0012686218844094707,Ridge
2024-03-15,2024-03-18,-0.005563334198366475,-0.0002129688315747331,-0.005350365366791742,0.5,6,6,-0.005563334198366475,-0.005813334198366475,-0.006063334198366474,Ridge
2024-03-18,2024-03-19,-0.0026335133901932836,-0.0004277975157831,-0.002205715874410183,0.3333333333333333,6,6,-0.0026335133901932836,-0.00280018005685995,-0.002966846723526617,Ridge
2024-03-19,2024-03-20,0.002858412776651542,0.00566674606771435,-0.002808333291062808,0.16666666666666666,6,6,0.002858412776651542,0.0027750794433182087,0.0026917461099848754,Ridge
2024-03-20,2024-03-21,-0.001393896395556658,0.0027182164248631333,-0.004112112820419791,0.6666666666666666,6,6,-0.001393896395556658,-0.0017272297288899912,-0.0020605630622233246,Ridge
2024-03-21,2024-03-22,0.007497506006474073,-0.001305531026111967,0.008803037032586041,0.6666666666666666,6,6,0.007497506006474073,0.00716417267314074,0.006830839339807406,Ridge
2024-03-22,2024-03-25,-0.0029168387655893373,-0.0033799946840274413,0.00046315591843810447,0.3333333333333333,6,6,-0.0029168387655893373,-0.003083505432256004,-0.003250172098922671,Ridge
2024-03-25,2024-03-26,-0.00028323834849972485,0.0008387753991704416,-0.0011220137476701665,0.5,6,6,-0.00028323834849972485,-0.0005332383484997249,-0.0007832383484997249,Ridge
2024-03-26,2024-03-27,-0.0006335701568959753,0.008180230577913566,-0.008813800734809541,0.3333333333333333,6,6,-0.0006335701568959753,-0.000800236823562642,-0.0009669034902293086,Ridge
2024-03-27,2024-03-28,0.00021538129098873328,0.0014600728461133749,-0.0012446915551246416,0.5,6,6,0.00021538129098873328,-3.461870901126673e-05,-0.00028461870901126674,Ridge
2024-03-28,2024-04-01,0.0018640165579616593,-0.000792393871000483,0.0026564104289621415,0.3333333333333333,6,6,0.0018640165579616593,0.0016973498912949926,0.001530683224628326,Ridge
2024-04-01,2024-04-02,-0.001098330755179587,-0.004984686512286133,0.003886355757106546,0.3333333333333333,6,6,-0.001098330755179587,-0.0012649974218462538,-0.0014316640885129203,Ridge
2024-04-02,2024-04-03,-0.002347568595460925,-0.006232790960828233,0.003885222365367308,0.8333333333333333,6,6,-0.002347568595460925,-0.0027642352621275916,-0.0031809019287942584,Ridge
2024-04-03,2024-04-04,-0.0019542512187428495,-0.005687987734537041,0.003733736515794191,0.5,6,6,-0.0019542512187428495,-0.0022042512187428493,-0.0024542512187428495,Ridge
2024-04-04,2024-04-05,-0.004482081234242883,-0.0006524213481700664,-0.0038296598860728163,0.6666666666666666,6,6,-0.004482081234242883,-0.004815414567576216,-0.00514874790090955,Ridge
2024-04-05,2024-04-08,-0.0007966759583351249,-0.0018249768317479416,0.0010283008734128167,0.5,6,6,-0.0007966759583351249,-0.0010466759583351247,-0.001296675958335125,Ridge
2024-04-08,2024-04-09,0.0009448638364339252,0.0011938839418247002,-0.00024902010539077496,0.6666666666666666,6,6,0.0009448638364339252,0.0006115305031005919,0.0002781971697672585,Ridge
2024-04-09,2024-04-10,-0.008048505788022483,-0.009320201674270757,0.0012716958862482746,0.6666666666666666,6,6,-0.008048505788022483,-0.008381839121355816,-0.00871517245468915,Ridge
2024-04-10,2024-04-11,0.007354120894116508,0.0049018595124190505,0.002452261381697458,0.6666666666666666,6,6,0.007354120894116508,0.007020787560783175,0.006687454227449841,Ridge
2024-04-11,2024-04-12,-0.0034281196176641996,-0.0126052198565604,0.009177100238896198,0.6666666666666666,6,6,-0.0034281196176641996,-0.003761452950997533,-0.004094786284330867,Ridge
2024-04-12,2024-04-15,0.0009592405880196333,0.0003201849173950081,0.0006390556706246251,0.6666666666666666,6,6,0.0009592405880196333,0.0006259072546863,0.00029257392135296665,Ridge
2024-04-15,2024-04-16,0.007594371529140441,0.0032374665622572586,0.004356904966883183,0.8333333333333333,6,6,0.007594371529140441,0.007177704862473774,0.006761038195807107,Ridge
2024-04-16,2024-04-17,-0.009261190250340624,-0.006384427596510306,-0.002876762653830317,0.5,6,6,-0.009261190250340624,-0.009511190250340624,-0.009761190250340624,Ridge
2024-04-17,2024-04-18,-0.0065359975273962916,-0.0030632475247857997,-0.0034727500026104914,0.8333333333333333,6,6,-0.0065359975273962916,-0.006952664194062958,-0.007369330860729625,Ridge
2024-04-18,2024-04-19,-0.008299128670427975,-0.0027338776638096414,-0.005565251006618334,0.5,6,6,-0.008299128670427975,-0.008549128670427975,-0.008799128670427975,Ridge
2024-04-19,2024-04-22,-0.0032139878904722747,0.0020542845088427075,-0.005268272399314984,0.6666666666666666,6,6,-0.0032139878904722747,-0.003547321223805608,-0.003880654557138941,Ridge
2024-04-22,2024-04-23,0.003727766130155608,0.0004480845666343915,0.0032796815635212162,0.16666666666666666,6,6,0.003727766130155608,0.003644432796822275,0.0035610994634889415,Ridge
2024-04-23,2024-04-24,-0.0025371451238106924,0.0036934437990854244,-0.006230588922896117,0.3333333333333333,6,6,-0.0025371451238106924,-0.002703811790477359,-0.002870478457144026,Ridge
2024-04-24,2024-04-25,0.0016408751192177086,0.0019146306687098584,-0.0002737555494921499,0.16666666666666666,6,6,0.0016408751192177086,0.0015575417858843753,0.0014742084525510419,Ridge
2024-04-25,2024-04-26,-0.0022413625862119082,-0.004657593474078566,0.002416230887866658,0.3333333333333333,6,6,-0.0022413625862119082,-0.0024080292528785747,-0.0025746959195452417,Ridge
2024-04-26,2024-04-29,-0.0015488175558253,-0.0001200144017111833,-0.0014288031541141166,0.3333333333333333,6,6,-0.0015488175558253,-0.0017154842224919667,-0.0018821508891586332,Ridge
2024-04-29,2024-04-30,-0.0062027672650829075,-0.01106853850531855,0.004865771240235642,0.3333333333333333,6,6,-0.0062027672650829075,-0.006369433931749574,-0.006536100598416241,Ridge
2024-04-30,2024-05-01,0.00023285853798448363,-0.002152724264556425,0.0023855828025409085,0.3333333333333333,6,6,0.00023285853798448363,6.619187131781697e-05,-0.00010047479534884969,Ridge
2024-05-01,2024-05-02,0.006342568482691625,0.00697262170774955,-0.0006300532250579248,0.5,6,6,0.006342568482691625,0.006092568482691625,0.005842568482691626,Ridge
2024-05-02,2024-05-03,0.002390734701808641,0.002193358840581408,0.00019737586122723331,0.5,6,6,0.002390734701808641,0.0021407347018086408,0.001890734701808641,Ridge
2024-05-03,2024-05-06,0.0038726201539299164,0.006125816063263692,-0.002253195909333775,0.3333333333333333,6,6,0.0038726201539299164,0.00370595348726325,0.003539286820596583,Ridge
2024-05-06,2024-05-07,-0.0004766085956216578,0.0016937102219545164,-0.0021703188175761744,0.5,6,6,-0.0004766085956216578,-0.0007266085956216578,-0.0009766085956216578,Ridge
2024-05-07,2024-05-08,0.0013363685300543833,0.002277474188279783,-0.0009411056582254,0.6666666666666666,6,6,0.0013363685300543833,0.00100303519672105,0.0006697018633877167,Ridge
2024-05-08,2024-05-09,-0.0036799784533858137,0.0003120556902592613,-0.003992034143645075,1.0,6,6,-0.0036799784533858137,-0.004179978453385814,-0.004679978453385814,Ridge
2024-05-09,2024-05-10,-0.0036754249115673082,-0.0009640490604067583,-0.00271137585116055,0.6666666666666666,6,6,-0.0036754249115673082,-0.004008758244900642,-0.004342091578233975,Ridge
2024-05-10,2024-05-13,0.0033025602507401747,0.0023180731367373336,0.0009844871140028417,0.5,6,6,0.0033025602507401747,0.0030525602507401745,0.0028025602507401747,Ridge
2024-05-13,2024-05-14,0.010224120771135523,0.00863445780355536,0.0015896629675801665,0.5,6,6,0.010224120771135523,0.009974120771135523,0.009724120771135523,Ridge
2024-05-14,2024-05-15,1.7594793746809065e-05,0.004262231653018058,-0.00424463685927125,0.5,6,6,1.7594793746809065e-05,-0.00023240520625319094,-0.00048240520625319095,Ridge
2024-05-15,2024-05-16,0.0030817282331887163,0.004358728386714158,-0.0012770001535254418,0.5,6,6,0.0030817282331887163,0.002831728233188716,0.0025817282331887163,Ridge
2024-05-16,2024-05-17,0.00042958867502415003,8.744209600224171e-05,0.00034214657902190837,0.5,6,6,0.00042958867502415003,0.00017958867502415002,-7.041132497584998e-05,Ridge
2024-05-17,2024-05-20,0.013460452754082673,0.0057125926363156415,0.007747860117767033,0.5,6,6,0.013460452754082673,0.013210452754082672,0.012960452754082672,Ridge
2024-05-20,2024-05-21,-0.007269374992697407,0.00029147326656761693,-0.007560848259265025,0.6666666666666666,6,6,-0.007269374992697407,-0.00760270832603074,-0.007936041659364073,Ridge
2024-05-21,2024-05-22,0.004577969036415107,7.643243784125e-05,0.004501536598573858,0.6666666666666666,6,6,0.004577969036415107,0.004244635703081774,0.00391130236974844,Ridge
2024-05-22,2024-05-23,-0.007707361644321975,-0.014094173427016998,0.006386811782695025,0.5,6,6,-0.007707361644321975,-0.007957361644321976,-0.008207361644321976,Ridge
2024-05-23,2024-05-24,0.0010913487826562083,0.0022790676670366747,-0.0011877188843804664,1.0,6,6,0.0010913487826562083,0.0005913487826562083,9.134878265620828e-05,Ridge
2024-05-24,2024-05-28,0.0075552208479519045,-0.001096152509224329,0.008651373357176233,0.5,6,6,0.0075552208479519045,0.007305220847951904,0.007055220847951904,Ridge
2024-05-28,2024-05-29,-0.0038571067464820328,-0.008355106401578698,0.004497999655096667,0.5,6,6,-0.0038571067464820328,-0.0041071067464820326,-0.004357106746482033,Ridge
2024-05-29,2024-05-30,-0.0021925957781186996,-0.002386999398751625,0.00019440362063292505,0.3333333333333333,6,6,-0.0021925957781186996,-0.002359262444785366,-0.002525929111452033,Ridge
2024-05-30,2024-05-31,-0.00012144626452813365,0.008003585861761342,-0.008125032126289474,0.5,6,6,-0.00012144626452813365,-0.00037144626452813366,-0.0006214462645281337,Ridge
2024-05-31,2024-06-03,0.0043586834722576665,0.003642328080007533,0.0007163553922501331,0.6666666666666666,6,6,0.0043586834722576665,0.004025350138924333,0.003692016805591,Ridge
2024-06-03,2024-06-04,-0.0016508957821787331,0.0011284652509534667,-0.0027793610331322003,0.6666666666666666,6,6,-0.0016508957821787331,-0.0019842291155120666,-0.0023175624488453997,Ridge
2024-06-04,2024-06-05,0.010525282119320476,0.008263589890868424,0.00226169222845205,0.3333333333333333,6,6,0.010525282119320476,0.010358615452653808,0.010191948785987143,Ridge
2024-06-05,2024-06-06,-0.0034080534082149587,-0.0009079359200370167,-0.0025001174881779413,0.5,6,6,-0.0034080534082149587,-0.003658053408214959,-0.003908053408214958,Ridge
2024-06-06,2024-06-07,-0.0021673864471983915,-0.0018860503003783578,-0.0002813361468200333,0.8333333333333333,6,6,-0.0021673864471983915,-0.0025840531138650582,-0.003000719780531725,Ridge
2024-06-07,2024-06-10,0.0056889381181944405,0.003633078644550325,0.0020558594736441163,0.6666666666666666,6,6,0.0056889381181944405,0.0053556047848611074,0.0050222714515277735,Ridge
2024-06-10,2024-06-11,-0.009585550038686025,-0.0038471405457801413,-0.0057384094929058835,0.6666666666666666,6,6,-0.009585550038686025,-0.009918883372019358,-0.010252216705352691,Ridge
2024-06-11,2024-06-12,0.004350034186644217,0.002138298926289608,0.002211735260354608,0.5,6,6,0.004350034186644217,0.004100034186644216,0.0038500341866442166,Ridge
2024-06-12,2024-06-13,-0.0020142607787455584,-0.0018340090952825919,-0.0001802516834629666,0.5,6,6,-0.0020142607787455584,-0.002264260778745558,-0.0025142607787455584,Ridge
2024-06-13,2024-06-14,-0.0031107998910241915,-0.003149597634738025,3.879774371383344e-05,0.3333333333333333,6,6,-0.0031107998910241915,-0.003277466557690858,-0.003444133224357525,Ridge
2024-06-14,2024-06-17,0.006914532085536567,0.00837836831687585,-0.001463836231339283,0.6666666666666666,6,6,0.006914532085536567,0.006581198752203234,0.0062478654188699,Ridge
2024-06-17,2024-06-18,-0.0011629402760707,0.0018119344821437336,-0.0029748747582144333,0.5,6,6,-0.0011629402760707,-0.0014129402760707,-0.0016629402760707,Ridge
2024-06-18,2024-06-20,0.0036661305960605335,-0.0001841566085939335,0.003850287204654467,0.8333333333333333,6,6,0.0036661305960605335,0.0032494639293938667,0.0028327972627272,Ridge
2024-06-20,2024-06-21,-0.0017767588905990336,-0.0011566138576179666,-0.000620145032981067,0.8333333333333333,6,6,-0.0017767588905990336,-0.0021934255572657003,-0.002610092223932367,Ridge
2024-06-21,2024-06-24,-0.012634742544413758,-0.004189631226316375,-0.008445111318097383,0.8333333333333333,6,6,-0.012634742544413758,-0.013051409211080424,-0.013468075877747092,Ridge
2024-06-24,2024-06-25,0.0020491226000368327,-0.001559025099704242,0.0036081476997410745,0.6666666666666666,6,6,0.0020491226000368327,0.0017157892667034995,0.0013824559333701662,Ridge
2024-06-25,2024-06-26,0.0003984077671556587,0.00010506447035695833,0.00029334329679870004,0.5,6,6,0.0003984077671556587,0.0001484077671556587,-0.00010159223284434131,Ridge
2024-06-26,2024-06-27,0.004052038616730033,0.0008292369209164832,0.00322280169581355,0.6666666666666666,6,6,0.004052038616730033,0.0037187052833967,0.003385371950063367,Ridge
2024-06-27,2024-06-28,0.023394619338951882,0.004114350052275508,0.019280269286676373,0.3333333333333333,6,6,0.023394619338951882,0.023227952672285217,0.023061286005618548,Ridge
2024-06-28,2024-07-01,0.004756855645793208,0.007308245693197883,-0.002551390047404675,0.5,6,6,0.004756855645793208,0.004506855645793208,0.0042568556457932075,Ridge
2024-07-01,2024-07-02,-0.003482612060281392,0.0009803182322749415,-0.004462930292556333,0.5,6,6,-0.003482612060281392,-0.0037326120602813916,-0.003982612060281392,Ridge
2024-07-02,2024-07-03,-0.0002252915726418755,0.0008236713526645663,-0.0010489629253064418,0.8333333333333333,6,6,-0.0002252915726418755,-0.0006419582393085421,-0.0010586249059752087,Ridge
2024-07-03,2024-07-05,0.0035010039205767996,0.004659447619024199,-0.0011584436984474,0.6666666666666666,6,6,0.0035010039205767996,0.003167670587243466,0.002834337253910133,Ridge
2024-07-05,2024-07-08,-3.446830831184151e-05,-0.0013931912805423081,0.0013587229722304664,0.8333333333333333,6,6,-3.446830831184151e-05,-0.00045113497497850815,-0.0008678016416451748,Ridge
2024-07-08,2024-07-09,-0.0032269031295448164,-0.003594472025890566,0.0003675688963457499,0.6666666666666666,6,6,-0.0032269031295448164,-0.00356023646287815,-0.003893569796211483,Ridge
2024-07-09,2024-07-10,-0.0007854983215747511,0.0041854444659481585,-0.004970942787522908,0.6666666666666666,6,6,-0.0007854983215747511,-0.0011188316549080844,-0.0014521649882414177,Ridge
2024-07-10,2024-07-11,-0.0023448899361281994,-0.0028175158261651333,0.0004726258900369334,0.6666666666666666,6,6,-0.0023448899361281994,-0.002678223269461533,-0.003011556602794866,Ridge
2024-07-11,2024-07-12,0.0027813095209849497,0.002695315629343775,8.59938916411751e-05,0.6666666666666666,6,6,0.0027813095209849497,0.002447976187651616,0.002114642854318283,Ridge
2024-07-12,2024-07-15,-0.008328707403037133,-1.3715536802891715e-05,-0.008314991866234241,0.8333333333333333,6,6,-0.008328707403037133,-0.008745374069703798,-0.009162040736370466,Ridge
2024-07-15,2024-07-16,-0.010454889964072558,0.004193126861345933,-0.01464801682541849,0.6666666666666666,6,6,-0.010454889964072558,-0.010788223297405891,-0.011121556630739224,Ridge
2024-07-16,2024-07-17,-0.013848536527940042,-0.008154941872474517,-0.005693594655465525,0.3333333333333333,6,6,-0.013848536527940042,-0.01401520319460671,-0.014181869861273375,Ridge
2024-07-17,2024-07-18,-0.002368293819957466,-0.006359238702070274,0.003990944882112809,0.3333333333333333,6,6,-0.002368293819957466,-0.0025349604866241326,-0.0027016271532907996,Ridge
2024-07-18,2024-07-19,-0.0004931504113579253,-0.0024888581532628087,0.001995707741904883,0.6666666666666666,6,6,-0.0004931504113579253,-0.0008264837446912586,-0.001159817078024592,Ridge
2024-07-19,2024-07-22,0.007548757929140332,0.006062059939740041,0.0014866979894002917,0.6666666666666666,6,6,0.007548757929140332,0.007215424595806999,0.006882091262473665,Ridge
2024-07-22,2024-07-23,0.006736968694676724,0.002118920534413034,0.004618048160263691,0.5,6,6,0.006736968694676724,0.006486968694676724,0.006236968694676725,Ridge
2024-07-23,2024-07-24,-0.020305887511245267,-0.015082852734174448,-0.0052230347770708205,0.3333333333333333,6,6,-0.020305887511245267,-0.020472554177911932,-0.0206392208445786,Ridge
2024-07-24,2024-07-25,-0.0016700813706382756,-0.0014814433068266837,-0.00018863806381159151,0.6666666666666666,6,6,-0.0016700813706382756,-0.002003414703971609,-0.002336748037304942,Ridge
2024-07-25,2024-07-26,0.003060630412696925,0.008364861801281284,-0.005304231388584359,0.5,6,6,0.003060630412696925,0.002810630412696925,0.002560630412696925,Ridge
2024-07-26,2024-07-29,0.0006737972057017412,-0.0007097298771214918,0.0013835270828232331,0.5,6,6,0.0006737972057017412,0.0004237972057017412,0.00017379720570174118,Ridge
2024-07-29,2024-07-30,-0.006938492960333734,-0.007211711532822391,0.0002732185724886585,0.3333333333333333,6,6,-0.006938492960333734,-0.0071051596270004,-0.007271826293667067,Ridge
2024-07-30,2024-07-31,0.01992552035686287,0.014368413595251516,0.0055571067616113565,0.5,6,6,0.01992552035686287,0.01967552035686287,0.01942552035686287,Ridge
2024-07-31,2024-08-01,-0.016730479626774084,-0.02165939894506451,0.004928919318290425,0.8333333333333333,6,6,-0.016730479626774084,-0.01714714629344075,-0.017563812960107415,Ridge
2024-08-01,2024-08-02,-0.025557452035768768,-0.030774638720613746,0.005217186684844982,0.8333333333333333,6,6,-0.025557452035768768,-0.025974118702435434,-0.0263907853691021,Ridge
2024-08-02,2024-08-05,-0.0035423555121273666,-0.015547075674592892,0.012004720162465527,0.8333333333333333,6,6,-0.0035423555121273666,-0.003959022178794033,-0.0043756888454607,Ridge
2024-08-05,2024-08-06,-0.0008349365046931667,-0.0009637160075970084,0.0001287795029038417,0.5,6,6,-0.0008349365046931667,-0.0010849365046931667,-0.0013349365046931667,Ridge
2024-08-06,2024-08-07,-0.0019376816757976168,-0.0060420322056835,0.004104350529885883,0.5,6,6,-0.0019376816757976168,-0.002187681675797617,-0.002437681675797617,Ridge
2024-08-07,2024-08-08,0.013095794607286907,0.02089905953302314,-0.007803264925736233,0.3333333333333333,6,6,0.013095794607286907,0.01292912794062024,0.012762461273953574,Ridge
2024-08-08,2024-08-09,-0.0013779199089562174,-0.001191207535424133,-0.00018671237353208334,0.6666666666666666,6,6,-0.0013779199089562174,-0.0017112532422895507,-0.002044586575622884,Ridge
2024-08-09,2024-08-12,-0.00039260093610229995,-0.003784542032848842,0.003391941096746541,0.6666666666666666,6,6,-0.00039260093610229995,-0.0007259342694356332,-0.0010592676027689667,Ridge
2024-08-12,2024-08-13,0.01794095991641695,0.017295539845653116,0.0006454200707638331,0.6666666666666666,6,6,0.01794095991641695,0.017607626583083614,0.017274293249750283,Ridge
2024-08-13,2024-08-14,-0.0029244333681799906,0.00018806650175093352,-0.0031124998699309245,0.6666666666666666,6,6,-0.0029244333681799906,-0.003257766701513324,-0.003591100034846657,Ridge
2024-08-14,2024-08-15,0.0035486687654426316,0.017953008001439983,-0.01440433923599735,0.6666666666666666,6,6,0.0035486687654426316,0.003215335432109298,0.002882002098775965,Ridge
2024-08-15,2024-08-16,-0.0015149046953442922,0.001874110109089608,-0.0033890148044339002,0.5,6,6,-0.0015149046953442922,-0.0017649046953442922,-0.002014904695344292,Ridge
2024-08-16,2024-08-19,0.001366225750847508,0.004621914140695808,-0.0032556883898483,0.5,6,6,0.001366225750847508,0.001116225750847508,0.0008662257508475081,Ridge
2024-08-19,2024-08-20,-0.004542945127775783,-0.005273552145777417,0.0007306070180016337,0.8333333333333333,6,6,-0.004542945127775783,-0.004959611794442449,-0.005376278461109116,Ridge
2024-08-20,2024-08-21,0.0012539002516791836,0.004308696234372991,-0.003054795982693808,0.5,6,6,0.0012539002516791836,0.0010039002516791836,0.0007539002516791836,Ridge
2024-08-21,2024-08-22,-0.0073245178964784245,-0.008434657798640992,0.0011101399021625667,0.8333333333333333,6,6,-0.0073245178964784245,-0.007741184563145091,-0.008157851229811757,Ridge
2024-08-22,2024-08-23,0.004127939914931758,0.009218227545106573,-0.005090287630174817,0.8333333333333333,6,6,0.004127939914931758,0.003711273248265091,0.003294606581598424,Ridge
2024-08-23,2024-08-26,-0.0036447565082019665,-0.0017857106812586832,-0.0018590458269432833,0.6666666666666666,6,6,-0.0036447565082019665,-0.0039780898415352995,-0.0043114231748686335,Ridge
2024-08-26,2024-08-27,0.002298384389082575,0.001798928364118042,0.0004994560249645334,0.6666666666666666,6,6,0.002298384389082575,0.0019650510557492414,0.0016317177224159083,Ridge
2024-08-27,2024-08-28,-0.0035406167240197165,-0.0030781079432562917,-0.00046250878076342487,0.6666666666666666,6,6,-0.0035406167240197165,-0.00387395005735305,-0.0042072833906863834,Ridge
2024-08-28,2024-08-29,0.00030074503563889965,0.002917731739130791,-0.0026169867034918914,0.8333333333333333,6,6,0.00030074503563889965,-0.00011592163102776699,-0.0005325882976944336,Ridge
2024-08-29,2024-08-30,0.010456968652422884,0.014190518967160115,-0.003733550314737233,0.6666666666666666,6,6,0.010456968652422884,0.01012363531908955,0.009790301985756217,Ridge
2024-08-30,2024-09-03,-0.02574614594810838,-0.023168031120021616,-0.002578114828086767,0.5,6,6,-0.02574614594810838,-0.025996145948108382,-0.026246145948108382,Ridge
2024-09-03,2024-09-04,-0.0045412555843744335,-0.002399545730475433,-0.002141709853899,0.16666666666666666,6,6,-0.0045412555843744335,-0.004624588917707767,-0.0047079222510411,Ridge
2024-09-04,2024-09-05,0.0021130660946332494,-0.0023703409666945086,0.004483407061327758,0.6666666666666666,6,6,0.0021130660946332494,0.0017797327612999161,0.0014463994279665829,Ridge
2024-09-05,2024-09-06,-0.010123623178780392,-0.011341786826292766,0.001218163647512375,0.5,6,6,-0.010123623178780392,-0.010373623178780392,-0.010623623178780392,Ridge
2024-09-06,2024-09-09,0.005222548696376191,0.006607858422553749,-0.0013853097261775586,0.5,6,6,0.005222548696376191,0.0049725486963761905,0.004722548696376191,Ridge
2024-09-09,2024-09-10,-0.013510296747380838,-0.004386555352274682,-0.00912374139510615,0.6666666666666666,6,6,-0.013510296747380838,-0.01384363008071417,-0.014176963414047504,Ridge
2024-09-10,2024-09-11,0.010709772944575716,0.0080349760748445,0.0026747968697312164,0.3333333333333333,6,6,0.010709772944575716,0.010543106277909048,0.010376439611242383,Ridge
2024-09-11,2024-09-12,-0.0071625161336974505,-0.0072320924346318165,6.957630093436662e-05,0.3333333333333333,6,6,-0.0071625161336974505,-0.007329182800364117,-0.007495849467030784,Ridge
2024-09-12,2024-09-13,-0.0037497980261467995,0.001442730253643008,-0.005192528279789808,0.8333333333333333,6,6,-0.0037497980261467995,-0.004166464692813466,-0.004583131359480133,Ridge
2024-09-13,2024-09-16,0.006360782691468507,0.007601718780755573,-0.0012409360892870667,1.0,6,6,0.006360782691468507,0.005860782691468508,0.005360782691468507,Ridge
2024-09-16,2024-09-17,0.01254070965510904,0.007454897032955449,0.005085812622153592,0.8333333333333333,6,6,0.01254070965510904,0.012124042988442375,0.011707376321775707,Ridge
2024-09-17,2024-09-18,-0.0033807543632692416,-0.0034617853901266083,8.103102685736665e-05,0.5,6,6,-0.0033807543632692416,-0.003630754363269242,-0.0038807543632692417,Ridge
2024-09-18,2024-09-19,0.003676575773638325,0.008480818469498382,-0.004804242695860058,0.6666666666666666,6,6,0.003676575773638325,0.0033432424403049914,0.0030099091069716584,Ridge
2024-09-19,2024-09-20,-0.0036543468960650496,-0.001127537802609492,-0.002526809093455558,0.6666666666666666,6,6,-0.0036543468960650496,-0.003987680229398383,-0.0043210135627317165,Ridge
2024-09-20,2024-09-23,0.002288764438098866,0.0021883226939532915,0.00010044174414557491,1.0,6,6,0.002288764438098866,0.0017887644380988662,0.0012887644380988662,Ridge
2024-09-23,2024-09-24,0.0005115300956933165,0.001410166888218225,-0.0008986367925249083,0.8333333333333333,6,6,0.0005115300956933165,9.486342902664986e-05,-0.0003218032376400168,Ridge
2024-09-24,2024-09-25,0.00434525375141405,-0.000350423500563067,0.004695677251977117,1.1666666666666665,6,6,0.00434525375141405,0.003761920418080717,0.0031785870847473837,Ridge
2024-09-25,2024-09-26,0.008291296260322692,0.01103281975478299,-0.0027415234944603,0.8333333333333333,6,6,0.008291296260322692,0.007874629593656026,0.007457962926989359,Ridge
2024-09-26,2024-09-27,-0.0022926798312858146,-0.0005037443950776499,-0.0017889354362081648,0.8333333333333333,6,6,-0.0022926798312858146,-0.0027093464979524814,-0.0031260131646191477,Ridge
2024-09-27,2024-09-30,-0.0011164592801271248,5.097210400912514e-05,-0.00116743138413625,0.8333333333333333,6,6,-0.0011164592801271248,-0.0015331259467937916,-0.001949792613460458,Ridge
2024-09-30,2024-10-01,-0.009112798715924323,-0.008942631450091148,-0.00017016726583317498,0.6666666666666666,6,6,-0.009112798715924323,-0.009446132049257656,-0.00977946538259099,Ridge
2024-10-01,2024-10-02,0.005187880117754243,-0.00038363654171535803,0.0055715166594696,1.0,6,6,0.005187880117754243,0.004687880117754242,0.004187880117754243,Ridge
2024-10-02,2024-10-03,-0.001969298334709325,-0.003350432157580816,0.0013811338228714915,0.5,6,6,-0.001969298334709325,-0.002219298334709325,-0.002469298334709325,Ridge
2024-10-03,2024-10-04,0.009274098896515532,0.009134320121092157,0.00013977877542337516,0.3333333333333333,6,6,0.009274098896515532,0.009107432229848864,0.008940765563182199,Ridge
2024-10-04,2024-10-07,-0.0009738244609702997,-0.0028326520295794827,0.0018588275686091836,0.5,6,6,-0.0009738244609702997,-0.0012238244609702998,-0.0014738244609702996,Ridge
2024-10-07,2024-10-08,0.001994327634168642,0.005925622779753408,-0.003931295145584766,0.8333333333333333,6,6,0.001994327634168642,0.001577660967501975,0.0011609943008353085,Ridge
2024-10-08,2024-10-09,-0.0029812697746698083,0.002840901674679883,-0.005822171449349691,0.6666666666666666,6,6,-0.0029812697746698083,-0.0033146031080031418,-0.003647936441336475,Ridge
2024-10-09,2024-10-10,0.00024605005098552477,-0.003792062595329291,0.004038112646314816,0.5,6,6,0.00024605005098552477,-3.949949014475239e-06,-0.00025394994901447524,Ridge
2024-10-10,2024-10-11,0.0014227962785017835,0.0038172464297431584,-0.0023944501512413747,0.3333333333333333,6,6,0.0014227962785017835,0.0012561296118351168,0.0010894629451684503,Ridge
2024-10-11,2024-10-14,0.0005070871785701999,0.003608084388156983,-0.003100997209586783,0.8333333333333333,6,6,0.0005070871785701999,9.042051190353325e-05,-0.0003262461547631334,Ridge
2024-10-14,2024-10-15,-0.00380101847458114,-0.007957591819833007,0.004156573345251867,0.5,6,6,-0.00380101847458114,-0.00405101847458114,-0.00430101847458114,Ridge
2024-10-15,2024-10-16,0.0010062061198653663,0.002268869337840666,-0.0012626632179753,0.3333333333333333,6,6,0.0010062061198653663,0.0008395394531986996,0.000672872786532033,Ridge
2024-10-16,2024-10-17,-0.0005344758907768333,-0.0008228210711328082,0.000288345180355975,0.3333333333333333,6,6,-0.0005344758907768333,-0.0007011425574435,-0.0008678092241101666,Ridge
2024-10-17,2024-10-18,-0.0018683958963765983,-0.00011080465656890031,-0.0017575912398076982,0.3333333333333333,6,6,-0.0018683958963765983,-0.002035062563043265,-0.0022017292297099316,Ridge
2024-10-18,2024-10-21,0.002916044926727617,-0.001108145680975233,0.004024190607702849,0.16666666666666666,6,6,0.002916044926727617,0.0028327115933942837,0.0027493782600609504,Ridge
2024-10-21,2024-10-22,0.005057588375743851,0.004319293759743775,0.000738294616000075,1.0,6,6,0.005057588375743851,0.0045575883757438505,0.004057588375743851,Ridge
2024-10-22,2024-10-23,-0.002673015209629059,-0.008525359897410907,0.0058523446877818495,0.6666666666666666,6,6,-0.002673015209629059,-0.0030063485429623923,-0.0033396818762957254,Ridge
2024-10-23,2024-10-24,0.00915799160922625,0.002681717853311175,0.006476273755915076,0.5,6,6,0.00915799160922625,0.00890799160922625,0.00865799160922625,Ridge
2024-10-24,2024-10-25,0.006999347940956499,-9.494630332366897e-06,0.007008842571288866,0.5,6,6,0.006999347940956499,0.006749347940956499,0.006499347940956499,Ridge
2024-10-25,2024-10-28,0.00220816529033675,0.002324191759893625,-0.00011602646955687513,0.5,6,6,0.00220816529033675,0.00195816529033675,0.00170816529033675,Ridge
2024-10-28,2024-10-29,0.00770878596289225,0.001566538958918975,0.006142247003973275,0.8333333333333333,6,6,0.00770878596289225,0.007292119296225584,0.006875452629558917,Ridge
2024-10-29,2024-10-30,-0.0092841491608319,-0.009309595468009066,2.5446307177166705e-05,0.5,6,6,-0.0092841491608319,-0.0095341491608319,-0.0097841491608319,Ridge
2024-10-30,2024-10-31,0.0007952188529839564,-0.009589769496170332,0.01038498834915429,0.8333333333333333,6,6,0.0007952188529839564,0.0003785521863172897,-3.811448034937693e-05,Ridge
2024-10-31,2024-11-01,0.007271014483086749,0.01025704671490509,-0.0029860322318183414,0.8333333333333333,6,6,0.007271014483086749,0.006854347816420082,0.006437681149753415,Ridge
2024-11-01,2024-11-04,-0.007943822087751058,-0.004510513518727866,-0.0034333085690231918,0.6666666666666666,6,6,-0.007943822087751058,-0.008277155421084391,-0.008610488754417724,Ridge
2024-11-04,2024-11-05,-0.0001869387065758575,0.003267540305753534,-0.0034544790123293913,0.6666666666666666,6,6,-0.0001869387065758575,-0.0005202720399091908,-0.0008536053732425241,Ridge
2024-11-05,2024-11-06,0.029155136642396256,0.024564300609227666,0.004590836033168591,0.6666666666666666,6,6,0.029155136642396256,0.02882180330906292,0.02848846997572959,Ridge
2024-11-06,2024-11-07,0.0025025467804297833,0.005040341940644857,-0.002537795160215074,0.8333333333333333,6,6,0.0025025467804297833,0.0020858801137631166,0.00166921344709645,Ridge
2024-11-07,2024-11-08,-0.0013698074016961425,0.003432206418604633,-0.004802013820300774,0.5,6,6,-0.0013698074016961425,-0.0016198074016961425,-0.0018698074016961425,Ridge
2024-11-08,2024-11-11,0.0019378396188115925,-0.0004681940981632825,0.0024060337169748754,0.6666666666666666,6,6,0.0019378396188115925,0.0016045062854782592,0.001271172952144926,Ridge
2024-11-11,2024-11-12,4.235506418016552e-05,-0.008948544460450025,0.00899089952463019,0.8333333333333333,6,6,4.235506418016552e-05,-0.0003743116024865011,-0.0007909782691531678,Ridge
2024-11-12,2024-11-13,-0.005554001232109509,-0.0023961884380085336,-0.0031578127941009745,0.6666666666666666,6,6,-0.005554001232109509,-0.005887334565442842,-0.006220667898776176,Ridge
2024-11-13,2024-11-14,0.0033856638646820665,0.0006268411108711334,0.002758822753810933,0.8333333333333333,6,6,0.0033856638646820665,0.0029689971980153998,0.0025523305313487335,Ridge
2024-11-14,2024-11-15,-0.0028008643742054745,-0.004774735367293399,0.0019738709930879252,0.6666666666666666,6,6,-0.0028008643742054745,-0.003134197707538808,-0.003467531040872141,Ridge
2024-11-15,2024-11-18,0.0063382651263754666,0.007392780444702833,-0.0010545153183273666,0.5,6,6,0.0063382651263754666,0.006088265126375466,0.005838265126375466,Ridge
2024-11-18,2024-11-19,-0.003168847424713869,-0.002920252364674825,-0.00024859506003904356,0.6666666666666666,6,6,-0.003168847424713869,-0.0035021807580472024,-0.0038355140913805355,Ridge
2024-11-19,2024-11-20,-0.007501288161611174,-0.006606089018055275,-0.0008951991435559,0.6666666666666666,6,6,-0.007501288161611174,-0.007834621494944507,-0.00816795482827784,Ridge
2024-11-20,2024-11-21,-0.002308332344507001,0.006321503267605399,-0.0086298356121124,0.5,6,6,-0.002308332344507001,-0.002558332344507001,-0.002808332344507001,Ridge
2024-11-21,2024-11-22,0.0031174476286755333,0.006157215380440917,-0.003039767751765383,0.3333333333333333,6,6,0.0031174476286755333,0.0029507809620088667,0.0027841142953421998,Ridge
2024-11-22,2024-11-25,0.0026262121966968916,0.006113354296952023,-0.0034871421002551327,0.6666666666666666,6,6,0.0026262121966968916,0.002292878863363558,0.001959545530030225,Ridge
2024-11-25,2024-11-26,-0.01076712213332295,-0.005591292862485692,-0.005175829270837258,0.6666666666666666,6,6,-0.01076712213332295,-0.011100455466656283,-0.011433788799989617,Ridge
2024-11-26,2024-11-27,-0.0022825262727842245,-0.002617784089700058,0.0003352578169158335,0.5,6,6,-0.0022825262727842245,-0.0025325262727842242,-0.0027825262727842245,Ridge
2024-11-27,2024-11-29,0.006094469924114474,0.005385269990000566,0.0007091999341139084,0.6666666666666666,6,6,0.006094469924114474,0.005761136590781141,0.005427803257447807,Ridge
2024-11-29,2024-12-02,-0.002752890293957975,-0.0035233919867758744,0.0007705016928178999,0.8333333333333333,6,6,-0.002752890293957975,-0.003169556960624642,-0.0035862236272913087,Ridge
2024-12-02,2024-12-03,-0.004684958886927325,-0.0027077276796697246,-0.0019772312072576003,1.0,6,6,-0.004684958886927325,-0.005184958886927325,-0.005684958886927325,Ridge
2024-12-03,2024-12-04,-0.0001593925787092917,-0.0019306929411673835,0.0017713003624580917,0.5,6,6,-0.0001593925787092917,-0.0004093925787092917,-0.0006593925787092917,Ridge
2024-12-04,2024-12-05,-0.006021694712857009,-0.0030839939572921585,-0.00293770075556485,0.8333333333333333,6,6,-0.006021694712857009,-0.006438361379523676,-0.006855028046190342,Ridge
2024-12-05,2024-12-06,-0.0009851079647343751,-0.0011599848355473082,0.00017487687081293307,1.0,6,6,-0.0009851079647343751,-0.0014851079647343751,-0.001985107964734375,Ridge
2024-12-06,2024-12-09,0.0030437130045255084,0.002810388907266192,0.00023332409725931673,0.6666666666666666,6,6,0.0030437130045255084,0.002710379671192175,0.002377046337858842,Ridge
2024-12-09,2024-12-10,0.00011163139527217703,-0.006769508396571083,0.006881139791843259,0.8333333333333333,6,6,0.00011163139527217703,-0.0003050352713944896,-0.0007217019380611563,Ridge
2024-12-10,2024-12-11,0.00032464535559363357,-0.0036000803051375744,0.003924725660731208,0.8333333333333333,6,6,0.00032464535559363357,-9.202131107303307e-05,-0.0005086879777396997,Ridge
2024-12-11,2024-12-12,-0.0005957693186917127,-0.0003453103192310454,-0.00025045899946066685,0.5,6,6,-0.0005957693186917127,-0.0008457693186917127,-0.0010957693186917127,Ridge
2024-12-12,2024-12-13,-0.0015570702278225911,-0.0036725401548679416,0.00211546992704535,0.8333333333333333,6,6,-0.0015570702278225911,-0.0019737368944892576,-0.0023904035611559244,Ridge
2024-12-13,2024-12-16,-0.002398813476636041,-0.0035577923666104414,0.0011589788899743997,1.3333333333333333,6,6,-0.002398813476636041,-0.0030654801433027076,-0.003732146809969374,Ridge
2024-12-16,2024-12-17,-0.006976106098405842,-0.00531213661925875,-0.0016639694791470917,1.1666666666666665,6,6,-0.006976106098405842,-0.007559439431739175,-0.008142772765072508,Ridge
2024-12-17,2024-12-18,0.0006498820393818988,-0.010520568521631433,0.011170450561013331,0.5,6,6,0.0006498820393818988,0.00039988203938189884,0.00014988203938189884,Ridge
2024-12-18,2024-12-19,-7.605975163231635e-05,-0.0003268320001724664,0.0002507722485401502,0.6666666666666666,6,6,-7.605975163231635e-05,-0.00040939308496564967,-0.000742726418298983,Ridge
2024-12-19,2024-12-20,0.0023086043618148503,0.006163881665529399,-0.003855277303714549,0.5,6,6,0.0023086043618148503,0.00205860436181485,0.0018086043618148503,Ridge
2024-12-20,2024-12-23,0.009313942000108792,0.008745495760969866,0.0005684462391389251,0.8333333333333333,6,6,0.009313942000108792,0.008897275333442126,0.008480608666775458,Ridge
2024-12-23,2024-12-24,0.00021841737741606676,0.006134603456571591,-0.005916186079155525,0.3333333333333333,6,6,0.00021841737741606676,5.17507107494001e-05,-0.00011491595591726656,Ridge
2024-12-24,2024-12-26,-0.0010190853695372832,0.00012665575514634168,-0.0011457411246836252,1.0,6,6,-0.0010190853695372832,-0.0015190853695372832,-0.002019085369537283,Ridge
2024-12-26,2024-12-27,-0.0016737721414028833,-0.004439134273457458,0.002765362132054575,0.6666666666666666,6,6,-0.0016737721414028833,-0.002007105474736217,-0.00234043880806955,Ridge
2024-12-27,2024-12-30,-0.0004715975258972162,-0.006012603256488258,0.0055410057305910415,0.8333333333333333,6,6,-0.0004715975258972162,-0.0008882641925638829,-0.0013049308592305495,Ridge
2024-12-30,2024-12-31,-0.0010310045756163747,-0.0001824908486390915,-0.0008485137269772832,0.5,6,6,-0.0010310045756163747,-0.0012810045756163747,-0.0015310045756163747,Ridge
2024-12-31,2025-01-02,0.0017604816365367829,-0.0008679373732205333,0.002628419009757316,0.5,6,6,0.0017604816365367829,0.0015104816365367829,0.0012604816365367828,Ridge
2025-01-02,2025-01-03,0.0025289376516933505,0.004203992044890166,-0.0016750543931968165,0.6666666666666666,6,6,0.0025289376516933505,0.002195604318360017,0.001862270985026684,Ridge
2025-01-03,2025-01-06,0.0011008110583624249,0.0002380537761695,0.0008627572821929249,0.8333333333333333,6,6,0.0011008110583624249,0.0006841443916957582,0.0002674777250290916,Ridge
2025-01-06,2025-01-07,-0.0006720186261607248,0.00018042847399947493,-0.0008524471001601999,0.8333333333333333,6,6,-0.0006720186261607248,-0.0010886852928273915,-0.001505351959494058,Ridge
2025-01-07,2025-01-08,0.001348952423929233,-0.0002454820514145415,0.0015944344753437744,1.0,6,6,0.001348952423929233,0.0008489524239292329,0.0003489524239292329,Ridge
2025-01-08,2025-01-10,-0.008795098994293649,-0.007962879938392842,-0.0008322190559008083,0.8333333333333333,6,6,-0.008795098994293649,-0.009211765660960314,-0.009628432327626982,Ridge
2025-01-10,2025-01-13,0.0042993162017415845,0.005656388911205826,-0.0013570727094642414,0.6666666666666666,6,6,0.0042993162017415845,0.003965982868408251,0.003632649535074918,Ridge
2025-01-13,2025-01-14,-0.0022954142514279496,-0.00047097453789398313,-0.0018244397135339665,0.8333333333333333,6,6,-0.0022954142514279496,-0.0027120809180946163,-0.003128747584761283,Ridge
2025-01-14,2025-01-15,-0.002792955930240499,0.0048146389995828084,-0.0076075949298233065,1.0,6,6,-0.002792955930240499,-0.003292955930240499,-0.003792955930240499,Ridge
2025-01-15,2025-01-16,-0.004432397237909566,-0.003271120816773175,-0.0011612764211363917,0.5,6,6,-0.004432397237909566,-0.004682397237909567,-0.004932397237909567,Ridge
2025-01-16,2025-01-17,0.009201756362297425,0.010487580096676916,-0.0012858237343794914,0.6666666666666666,6,6,0.009201756362297425,0.008868423028964092,0.008535089695630759,Ridge
2025-01-17,2025-01-21,0.010243734012002416,0.007815734424966142,0.0024279995870362748,0.8333333333333333,6,6,0.010243734012002416,0.00982706734533575,0.009410400678669082,Ridge
2025-01-21,2025-01-22,-0.0058359129717984,-0.0005486993137465083,-0.005287213658051892,0.6666666666666666,6,6,-0.0058359129717984,-0.006169246305131733,-0.006502579638465067,Ridge
2025-01-22,2025-01-23,0.0021625034144209243,0.005349697041832284,-0.003187193627411358,0.5,6,6,0.0021625034144209243,0.0019125034144209243,0.0016625034144209243,Ridge
2025-01-23,2025-01-24,0.0021125207264135176,-0.004347318788879633,0.00645983951529315,0.6666666666666666,6,6,0.0021125207264135176,0.0017791873930801843,0.001445854059746851,Ridge
2025-01-24,2025-01-27,-0.005043954354908508,0.0013514595692046914,-0.006395413924113199,0.5,6,6,-0.005043954354908508,-0.005293954354908508,-0.005543954354908507,Ridge
2025-01-27,2025-01-28,0.0005644651547099659,0.0007664532372929499,-0.0002019880825829836,0.8333333333333333,6,6,0.0005644651547099659,0.00014779848804329922,-0.0002688681786233674,Ridge
2025-01-28,2025-01-29,-0.0002357931412566915,-0.0006350232111099251,0.0003992300698532337,0.5,6,6,-0.0002357931412566915,-0.0004857931412566915,-0.0007357931412566915,Ridge
2025-01-29,2025-01-30,-0.0060864057291233585,0.00945043329293404,-0.015536839022057401,0.6666666666666666,6,6,-0.0060864057291233585,-0.0064197390624566916,-0.0067530723957900255,Ridge
2025-01-30,2025-01-31,-0.001122090854294975,-0.0037599588994862666,0.0026378680451912915,0.8333333333333333,6,6,-0.001122090854294975,-0.0015387575209616419,-0.0019554241876283086,Ridge
2025-01-31,2025-02-03,-0.002282505407790184,-0.003163648305109017,0.0008811428973188331,0.6666666666666666,6,6,-0.002282505407790184,-0.0026158387411235177,-0.0029491720744568507,Ridge
2025-02-03,2025-02-04,0.006501123168803192,-0.0013263925906705832,0.007827515759473776,0.6666666666666666,6,6,0.006501123168803192,0.006167789835469859,0.005834456502136525,Ridge
2025-02-04,2025-02-05,0.0028805597911854084,0.006719865039475141,-0.0038393052482897333,0.5,6,6,0.0028805597911854084,0.002630559791185408,0.0023805597911854084,Ridge
2025-02-05,2025-02-06,0.012901683063637419,0.005018177949861941,0.007883505113775474,1.3333333333333333,6,6,0.012901683063637419,0.012235016396970753,0.011568349730304085,Ridge
2025-02-06,2025-02-07,0.0005165824954868583,-0.003159774600524241,0.0036763570960111,1.0,6,6,0.0005165824954868583,1.658249548685826e-05,-0.00048341750451314175,Ridge
2025-02-07,2025-02-10,-0.004376307034682494,0.003849962363811391,-0.008226269398493883,0.8333333333333333,6,6,-0.004376307034682494,-0.004792973701349161,-0.005209640368015828,Ridge
2025-02-10,2025-02-11,0.0015409919112382266,0.006192368518351558,-0.004651376607113333,0.8333333333333333,6,6,0.0015409919112382266,0.0011243252445715599,0.0007076585779048933,Ridge
2025-02-11,2025-02-12,-0.00552969379724065,-0.0068374376074017825,0.0013077438101611332,0.8333333333333333,6,6,-0.00552969379724065,-0.005946360463907317,-0.006363027130573983,Ridge
2025-02-12,2025-02-13,-0.001205640920593833,0.003555178638411558,-0.004760819559005391,1.0,6,6,-0.001205640920593833,-0.001705640920593833,-0.002205640920593833,Ridge
2025-02-13,2025-02-14,0.0016235166171300747,0.0009550124645547583,0.0006685041525753166,0.6666666666666666,6,6,0.0016235166171300747,0.0012901832837967414,0.000956849950463408,Ridge
2025-02-14,2025-02-18,0.017073786377030675,0.019365647617406632,-0.0022918612403759584,0.8333333333333333,6,6,0.017073786377030675,0.01665711971036401,0.016240453043697343,Ridge
2025-02-18,2025-02-19,-0.0018499305762189255,0.0009254322941901662,-0.0027753628704090916,0.8333333333333333,6,6,-0.0018499305762189255,-0.0022665972428855923,-0.002683263909552259,Ridge
2025-02-19,2025-02-20,0.0026919203579668176,-0.00335309703292815,0.006045017390894966,1.1666666666666665,6,6,0.0026919203579668176,0.0021085870246334844,0.001525253691300151,Ridge
2025-02-20,2025-02-21,-0.004124828796391649,-0.013445833891725557,0.009321005095333908,1.0,6,6,-0.004124828796391649,-0.00462482879639165,-0.005124828796391649,Ridge
2025-02-21,2025-02-24,0.006045032342312282,0.005670513849629083,0.0003745184926832001,1.0,6,6,0.006045032342312282,0.005545032342312283,0.005045032342312282,Ridge
2025-02-24,2025-02-25,-0.012388050927426099,-0.007272475826807916,-0.005115575100618183,0.8333333333333333,6,6,-0.012388050927426099,-0.012804717594092765,-0.013221384260759432,Ridge
2025-02-25,2025-02-26,0.007530125939280759,-0.0009965177053556414,0.0085266436446364,1.1666666666666665,6,6,0.007530125939280759,0.006946792605947425,0.006363459272614092,Ridge
2025-02-26,2025-02-27,-0.004525142384020809,-0.0059981685262055495,0.001473026142184741,0.8333333333333333,6,6,-0.004525142384020809,-0.004941809050687476,-0.005358475717354143,Ridge
2025-02-27,2025-02-28,0.0021036314245013164,0.005954851112513282,-0.0038512196880119663,1.0,6,6,0.0021036314245013164,0.0016036314245013164,0.0011036314245013164,Ridge
2025-02-28,2025-03-03,-0.0041508002459547996,-0.007984524040513509,0.0038337237945587086,1.5,6,6,-0.0041508002459547996,-0.004900800245954799,-0.005650800245954799,Ridge
2025-03-03,2025-03-04,0.0070592169372166325,-0.007994782181104524,0.015053999118321157,0.6666666666666666,6,6,0.0070592169372166325,0.0067258836038832995,0.0063925502705499656,Ridge
2025-03-04,2025-03-05,-4.4959142940133485e-05,0.003387963746997234,-0.003432922889937367,1.0,6,6,-4.4959142940133485e-05,-0.0005449591429401335,-0.0010449591429401335,Ridge
2025-03-05,2025-03-06,-0.006412387884486774,-0.006029115962248342,-0.00038327192223843316,0.6666666666666666,6,6,-0.006412387884486774,-0.006745721217820107,-0.007079054551153441,Ridge
2025-03-06,2025-03-07,0.0055081594320952245,0.00998410775555354,-0.004475948323458316,1.1666666666666665,6,6,0.0055081594320952245,0.004924826098761891,0.004341492765428558,Ridge
2025-03-07,2025-03-10,-0.009449083351262273,-0.015051500917217839,0.005602417565955567,1.0,6,6,-0.009449083351262273,-0.009949083351262274,-0.010449083351262274,Ridge
2025-03-10,2025-03-11,0.0009138861179750677,-0.010033470628957465,0.010947356746932533,0.8333333333333333,6,6,0.0009138861179750677,0.000497219451308401,8.055278464173441e-05,Ridge
2025-03-11,2025-03-12,0.008306363248669965,0.001980751403845883,0.006325611844824083,0.6666666666666666,6,6,0.008306363248669965,0.007973029915336632,0.0076396965820032985,Ridge
2025-03-12,2025-03-13,0.009592984242992332,0.008351249793499299,0.0012417344494930335,0.8333333333333333,6,6,0.009592984242992332,0.009176317576325666,0.008759650909658998,Ridge
2025-03-13,2025-03-14,-0.0010023076106796674,0.008472710994366008,-0.009475018605045675,1.0,6,6,-0.0010023076106796674,-0.0015023076106796675,-0.0020023076106796675,Ridge
2025-03-14,2025-03-17,0.0057606061502074755,0.011510341097903075,-0.005749734947695599,0.5,6,6,0.0057606061502074755,0.005510606150207475,0.005260606150207476,Ridge
2025-03-17,2025-03-18,-0.004169377918434325,-0.004779346566154,0.0006099686477196747,0.6666666666666666,6,6,-0.004169377918434325,-0.004502711251767658,-0.004836044585100992,Ridge
2025-03-18,2025-03-19,0.004341208758195533,0.009753110683964025,-0.005411901925768492,1.0,6,6,0.004341208758195533,0.0038412087581955333,0.0033412087581955333,Ridge
2025-03-19,2025-03-20,-0.0008318045347222164,0.00033397054168808333,-0.0011657750764103,1.0,6,6,-0.0008318045347222164,-0.0013318045347222164,-0.0018318045347222164,Ridge
2025-03-20,2025-03-21,0.006872933033459384,0.002715156893751608,0.004157776139707774,1.0,6,6,0.006872933033459384,0.006372933033459384,0.005872933033459384,Ridge
2025-03-21,2025-03-24,0.006574821669184623,0.007311917509895607,-0.0007370958407109834,1.1666666666666665,6,6,0.006574821669184623,0.00599148833585129,0.005408155002517957,Ridge
2025-03-24,2025-03-25,2.516253133564997e-05,-0.00279485036363485,0.0028200128949705,0.6666666666666666,6,6,2.516253133564997e-05,-0.00030817080199768335,-0.0006415041353310167,Ridge
2025-03-25,2025-03-26,-0.011636328155152842,-0.00923743988657055,-0.0023988882685822915,0.8333333333333333,6,6,-0.011636328155152842,-0.012052994821819507,-0.012469661488486175,Ridge
2025-03-26,2025-03-27,-0.001403617762656825,-0.003087699913356625,0.0016840821506998002,0.8333333333333333,6,6,-0.001403617762656825,-0.0018202844293234918,-0.0022369510959901586,Ridge
2025-03-27,2025-03-28,-0.008526870659786624,-0.013404195147583767,0.004877324487797141,1.0,6,6,-0.008526870659786624,-0.009026870659786624,-0.009526870659786624,Ridge
2025-03-28,2025-03-31,-0.0038992184362851667,0.0024766829422475335,-0.0063759013785327,0.8333333333333333,6,6,-0.0038992184362851667,-0.004315885102951833,-0.0047325517696185,Ridge
2025-03-31,2025-04-01,0.004104755960186916,-0.0031291875283776327,0.007233943488564549,0.8333333333333333,6,6,0.004104755960186916,0.003688089293520249,0.0032714226268535825,Ridge
2025-04-01,2025-04-02,0.008529811122122057,0.008439007585555816,9.08035365662415e-05,0.3333333333333333,6,6,0.008529811122122057,0.00836314445545539,0.008196477788788724,Ridge
2025-04-02,2025-04-03,-0.028526388607261515,-0.02853110999842109,4.721391159575716e-06,0.6666666666666666,6,6,-0.028526388607261515,-0.02885972194059485,-0.02919305527392818,Ridge
2025-04-03,2025-04-04,-0.01563636397333393,-0.03988537462427937,0.024249010650945445,0.8333333333333333,6,6,-0.01563636397333393,-0.016053030640000597,-0.016469697306667263,Ridge
2025-04-04,2025-04-07,0.007368660336966693,0.0017277569142753247,0.005640903422691367,0.5,6,6,0.007368660336966693,0.007118660336966693,0.006868660336966693,Ridge
2025-04-07,2025-04-08,-0.005690036113011283,-0.01176578836848394,0.006075752255472657,0.6666666666666666,6,6,-0.005690036113011283,-0.006023369446344616,-0.00635670277967795,Ridge
2025-04-08,2025-04-09,0.052115075257298187,0.06738649050293401,-0.015271415245635826,0.3333333333333333,6,6,0.052115075257298187,0.05194840859063152,0.051781741923964855,Ridge
2025-04-09,2025-04-10,-0.028835215528961327,-0.02966640343965751,0.0008311879106961831,0.3333333333333333,6,6,-0.028835215528961327,-0.029001882195627993,-0.029168548862294662,Ridge
2025-04-10,2025-04-11,-0.0035684947758471,0.0020036221687347415,-0.005572116944581841,0.3333333333333333,6,6,-0.0035684947758471,-0.0037351614425137664,-0.0039018281091804333,Ridge
2025-04-11,2025-04-14,0.002336051015445858,0.009101831760180175,-0.006765780744734317,0.8333333333333333,6,6,0.002336051015445858,0.0019193843487791914,0.0015027176821125249,Ridge
2025-04-14,2025-04-15,-0.003187080267325458,-0.0039301059692913335,0.0007430257019658752,1.1666666666666665,6,6,-0.003187080267325458,-0.003770413600658791,-0.0043537469339921244,Ridge
2025-04-15,2025-04-16,-0.005781348502291674,-0.013367410040872182,0.007586061538580507,0.6666666666666666,6,6,-0.005781348502291674,-0.006114681835625007,-0.006448015168958341,Ridge
2025-04-16,2025-04-17,0.001974083293302017,0.006171651666746291,-0.004197568373444274,0.8333333333333333,6,6,0.001974083293302017,0.0015574166266353502,0.0011407499599686837,Ridge
2025-04-17,2025-04-21,-0.006475310785723557,-0.009874133341152707,0.00339882255542915,1.0,6,6,-0.006475310785723557,-0.006975310785723558,-0.007475310785723557,Ridge
2025-04-21,2025-04-22,0.0035032373261380733,0.013094503794620325,-0.00959126646848225,1.3333333333333333,6,6,0.0035032373261380733,0.002836570659471407,0.0021699039928047403,Ridge
2025-04-22,2025-04-23,0.01049405856870865,0.011632414287507033,-0.0011383557187983832,1.0,6,6,0.01049405856870865,0.00999405856870865,0.00949405856870865,Ridge
2025-04-23,2025-04-24,0.016138843356551375,0.010685572745569524,0.005453270610981851,0.8333333333333333,6,6,0.016138843356551375,0.01572217668988471,0.015305510023218042,Ridge
2025-04-24,2025-04-25,-0.0035487330147354074,-0.0007021370565084081,-0.002846595958227,0.6666666666666666,6,6,-0.0035487330147354074,-0.003882066348068741,-0.004215399681402074,Ridge
2025-04-25,2025-04-28,-0.0017126772925232416,0.0010281632896887334,-0.002740840582211975,0.16666666666666666,6,6,-0.0017126772925232416,-0.001796010625856575,-0.0018793439591899084,Ridge
2025-04-28,2025-04-29,-0.003969737172180916,0.0004353286031283498,-0.004405065775309266,0.8333333333333333,6,6,-0.003969737172180916,-0.004386403838847583,-0.00480307050551425,Ridge
2025-04-29,2025-04-30,-0.008480617686602673,-0.0033910684664925747,-0.005089549220110101,1.0,6,6,-0.008480617686602673,-0.008980617686602674,-0.009480617686602674,Ridge
2025-04-30,2025-05-01,0.0003699307309150071,0.0008664858040671997,-0.0004965550731521932,0.6666666666666666,6,6,0.0003699307309150071,3.6597397581673776e-05,-0.00029673593575165955,Ridge
2025-05-01,2025-05-02,0.011523575259832823,0.013960720043241458,-0.002437144783408633,0.6666666666666666,6,6,0.011523575259832823,0.01119024192649949,0.010856908593166157,Ridge
2025-05-02,2025-05-05,-0.0017456783198753997,-0.0037581366462903247,0.0020124583264149246,0.5,6,6,-0.0017456783198753997,-0.0019956783198753995,-0.0022456783198753997,Ridge
2025-05-05,2025-05-06,-0.0018250843952920918,-0.003788700238115375,0.001963615842823283,0.5,6,6,-0.0018250843952920918,-0.002075084395292092,-0.002325084395292092,Ridge
2025-05-06,2025-05-07,0.003753498008358791,0.0077798945273581405,-0.004026396518999349,0.3333333333333333,6,6,0.003753498008358791,0.0035868313416921246,0.0034201646750254577,Ridge
2025-05-07,2025-05-08,0.014223394982988592,0.011163480620427274,0.0030599143625613173,0.6666666666666666,6,6,0.014223394982988592,0.013890061649655259,0.013556728316321926,Ridge
2025-05-08,2025-05-09,0.005586314625921775,0.004608216043756217,0.0009780985821655585,0.8333333333333333,6,6,0.005586314625921775,0.005169647959255108,0.004752981292588441,Ridge
2025-05-09,2025-05-12,0.016589149147773357,0.022059747797094152,-0.005470598649320792,0.8333333333333333,6,6,0.016589149147773357,0.01617248248110669,0.015755815814440025,Ridge
2025-05-12,2025-05-13,-0.0034222827674513746,-0.009870148633100973,0.006447865865649599,0.6666666666666666,6,6,-0.0034222827674513746,-0.003755616100784708,-0.004088949434118042,Ridge
2025-05-13,2025-05-14,-0.0005554180759637997,-0.004045669294131825,0.0034902512181680246,1.0,6,6,-0.0005554180759637997,-0.0010554180759637997,-0.0015554180759637997,Ridge
2025-05-14,2025-05-15,-0.013432979213643491,-3.68308426681668e-05,-0.013396148370975325,0.8333333333333333,6,6,-0.013432979213643491,-0.013849645880310157,-0.014266312546976825,Ridge
2025-05-15,2025-05-16,-0.0006695458726391748,0.002433975846354325,-0.0031035217189935,0.6666666666666666,6,6,-0.0006695458726391748,-0.001002879205972508,-0.0013362125393058416,Ridge
2025-05-16,2025-05-19,-0.002357904890255367,-0.0024249285855235166,6.702369526814998e-05,0.6666666666666666,6,6,-0.002357904890255367,-0.0026912382235887004,-0.0030245715569220334,Ridge
2025-05-19,2025-05-20,-0.0013682786910246029,-0.000913642936339175,-0.00045463575468542787,0.8333333333333333,6,6,-0.0013682786910246029,-0.0017849453576912694,-0.002201612024357936,Ridge
2025-05-20,2025-05-21,-0.009543104285853225,-0.013014404534405149,0.003471300248551925,0.16666666666666666,6,6,-0.009543104285853225,-0.009626437619186558,-0.009709770952519892,Ridge
2025-05-21,2025-05-22,0.0021334285790478836,-0.00025427427266690807,0.002387702851714792,0.8333333333333333,6,6,0.0021334285790478836,0.0017167619123812168,0.0013000952457145503,Ridge
2025-05-22,2025-05-23,-0.007793916720660091,-0.0076336985455185994,-0.00016021817514149164,0.8333333333333333,6,6,-0.007793916720660091,-0.008210583387326758,-0.008627250053993424,Ridge
2025-05-23,2025-05-27,0.008594826155313377,0.01505618907463475,-0.006461362919321374,0.8333333333333333,6,6,0.008594826155313377,0.00817815948864671,0.007761492821980043,Ridge
2025-05-27,2025-05-28,0.0017470961408078416,-0.0007393551409809331,0.0024864512817887752,0.5,6,6,0.0017470961408078416,0.0014970961408078416,0.0012470961408078416,Ridge
2025-05-28,2025-05-29,-0.003333624227498558,0.000753752393473192,-0.00408737662097175,0.3333333333333333,6,6,-0.003333624227498558,-0.0035002908941652246,-0.0036669575608318915,Ridge
2025-05-29,2025-05-30,-0.00912614051017695,-0.005597063670166733,-0.0035290768400102167,0.8333333333333333,6,6,-0.00912614051017695,-0.009542807176843617,-0.009959473843510284,Ridge
2025-05-30,2025-06-02,0.0034934018721247163,0.0046965624462775414,-0.0012031605741528247,0.8333333333333333,6,6,0.0034934018721247163,0.0030767352054580496,0.002660068538791383,Ridge
2025-06-02,2025-06-03,0.0049369222733198085,0.005687945027332883,-0.0007510227540130749,0.8333333333333333,6,6,0.0049369222733198085,0.004520255606653142,0.004103588939986475,Ridge
2025-06-03,2025-06-04,0.0017679323933955165,0.001012097172261558,0.0007558352211339583,0.6666666666666666,6,6,0.0017679323933955165,0.0014345990600621833,0.00110126572672885,Ridge
2025-06-04,2025-06-05,0.0037289230077097086,0.00013457279509281733,0.0035943502126168916,0.6666666666666666,6,6,0.0037289230077097086,0.003395589674376375,0.003062256341043042,Ridge
2025-06-05,2025-06-06,0.002049052105797591,0.005046239470128033,-0.0029971873643304414,1.0,6,6,0.002049052105797591,0.0015490521057975912,0.0010490521057975911,Ridge
2025-06-06,2025-06-09,0.007857340212106016,0.007770218373682492,8.712183842352503e-05,1.1666666666666665,6,6,0.007857340212106016,0.007274006878772683,0.006690673545439349,Ridge
2025-06-09,2025-06-10,0.0007925092147217333,0.005117117724108608,-0.004324608509386875,0.8333333333333333,6,6,0.0007925092147217333,0.00037584254805506665,-4.0824118611599994e-05,Ridge
2025-06-10,2025-06-11,0.004208177453330322,0.002110656581527164,0.002097520871803158,0.6666666666666666,6,6,0.004208177453330322,0.003874844119996988,0.003541510786663655,Ridge
2025-06-11,2025-06-12,-0.007415174729000717,0.004670427818547841,-0.012085602547548556,1.0,6,6,-0.007415174729000717,-0.007915174729000716,-0.008415174729000717,Ridge
2025-06-12,2025-06-13,-0.017602032894567292,-0.012867132572075448,-0.004734900322491842,0.8333333333333333,6,6,-0.017602032894567292,-0.018018699561233958,-0.018435366227900624,Ridge
2025-06-13,2025-06-16,0.007721510675910657,0.007186136958046524,0.0005353737178641334,0.5,6,6,0.007721510675910657,0.007471510675910657,0.007221510675910658,Ridge
2025-06-16,2025-06-17,-0.001104297272594367,-0.004891039177233943,0.0037867419046395743,0.5,6,6,-0.001104297272594367,-0.001354297272594367,-0.001604297272594367,Ridge
2025-06-17,2025-06-18,0.004912010331315558,0.0033783499548111088,0.0015336603765044499,0.5,6,6,0.004912010331315558,0.004662010331315558,0.0044120103313155575,Ridge
2025-06-18,2025-06-20,-0.006408519899346215,-0.006174290667691607,-0.00023422923165460823,0.6666666666666666,6,6,-0.006408519899346215,-0.006741853232679548,-0.007075186566012882,Ridge
2025-06-20,2025-06-23,-0.002357914140308326,0.004282884109400742,-0.0066407982497090675,0.5,6,6,-0.002357914140308326,-0.002607914140308326,-0.002857914140308326,Ridge
2025-06-23,2025-06-24,0.009270090863902791,0.013104425291338049,-0.003834334427435258,0.6666666666666666,6,6,0.009270090863902791,0.008936757530569458,0.008603424197236125,Ridge
2025-06-24,2025-06-25,-0.0029677542531205575,-0.0037475240303025997,0.0007797697771820421,0.6666666666666666,6,6,-0.0029677542531205575,-0.003301087586453891,-0.003634420919787224,Ridge
2025-06-25,2025-06-26,0.0011795132664196755,0.005249129757265517,-0.004069616490845842,0.5,6,6,0.0011795132664196755,0.0009295132664196755,0.0006795132664196755,Ridge
2025-06-26,2025-06-27,-0.015294367354483432,0.0016010013411803083,-0.016895368695663743,0.6666666666666666,6,6,-0.015294367354483432,-0.015627700687816767,-0.015961034021150098,Ridge
2025-06-27,2025-06-30,-0.000581600925728766,0.0016973472173240248,-0.0022789481430527912,0.5,6,6,-0.000581600925728766,-0.000831600925728766,-0.001081600925728766,Ridge
2025-06-30,2025-07-01,0.005832168358022575,0.009166627948314007,-0.0033344595902914335,0.6666666666666666,6,6,0.005832168358022575,0.005498835024689242,0.005165501691355908,Ridge
2025-07-01,2025-07-02,0.007737220276984067,0.006488924078691142,0.001248296198292925,0.8333333333333333,6,6,0.007737220276984067,0.0073205536103174,0.006903886943650734,Ridge
2025-07-02,2025-07-03,0.0035241775466571994,0.0062238765177476405,-0.0026996989710904415,0.8333333333333333,6,6,0.0035241775466571994,0.0031075108799905327,0.002690844213323866,Ridge
2025-07-03,2025-07-07,-0.0019454216766104416,-0.006134439042248874,0.0041890173656384325,1.0,6,6,-0.0019454216766104416,-0.002445421676610442,-0.0029454216766104414,Ridge
2025-07-07,2025-07-08,0.009191181619783656,0.005611931278449075,0.003579250341334583,1.1666666666666665,6,6,0.009191181619783656,0.008607848286450323,0.00802451495311699,Ridge
2025-07-08,2025-07-09,-0.00010678466304762458,-0.001954419983348575,0.00184763532030095,1.0,6,6,-0.00010678466304762458,-0.0006067846630476246,-0.0011067846630476246,Ridge
2025-07-09,2025-07-10,0.00011204800094554964,0.0021981294242590915,-0.0020860814233135414,0.8333333333333333,6,6,0.00011204800094554964,-0.000304618665721117,-0.0007212853323877836,Ridge
2025-07-10,2025-07-11,-0.004529911751264066,-0.005719634268096208,0.0011897225168321416,0.6666666666666666,6,6,-0.004529911751264066,-0.004863245084597399,-0.005196578417930733,Ridge
2025-07-11,2025-07-14,0.002758804294202467,-0.0008390328564387252,0.0035978371506411914,1.0,6,6,0.002758804294202467,0.002258804294202467,0.0017588042942024672,Ridge
2025-07-14,2025-07-15,0.004184182291098124,-0.0031260269461346915,0.007310209237232816,0.5,6,6,0.004184182291098124,0.0039341822910981235,0.0036841822910981237,Ridge
2025-07-15,2025-07-16,-0.0029194851053170904,0.002960747411021609,-0.0058802325163387,0.5,6,6,-0.0029194851053170904,-0.0031694851053170906,-0.0034194851053170904,Ridge
2025-07-16,2025-07-17,-0.005239005523089716,0.001759184046552258,-0.006998189569641974,0.6666666666666666,6,6,-0.005239005523089716,-0.005572338856423049,-0.005905672189756383,Ridge
2025-07-17,2025-07-18,-0.0023844363497631414,-0.00333788326943665,0.0009534469196735081,0.5,6,6,-0.0023844363497631414,-0.0026344363497631416,-0.0028844363497631414,Ridge
2025-07-18,2025-07-21,0.0007382513623926416,0.0008760172682411222,-0.00013776590584848068,1.3333333333333333,6,6,0.0007382513623926416,7.158469572597496e-05,-0.0005950819709406917,Ridge
2025-07-21,2025-07-22,0.00017693035940435833,0.0023704599183821244,-0.0021935295589777665,0.6666666666666666,6,6,0.00017693035940435833,-0.000156402973928975,-0.0004897363072623083,Ridge
2025-07-22,2025-07-23,0.019702375570064334,0.010272655818192367,0.009429719751871967,0.5,6,6,0.019702375570064334,0.019452375570064333,0.019202375570064333,Ridge
2025-07-23,2025-07-24,-0.005402455559279041,-0.008981681394474533,0.003579225835195492,0.8333333333333333,6,6,-0.005402455559279041,-0.005819122225945708,-0.0062357888926123746,Ridge
2025-07-24,2025-07-25,0.0005527080406918335,0.0022151790068391584,-0.001662470966147325,0.8333333333333333,6,6,0.0005527080406918335,0.0001360413740251669,-0.00028062529264149974,Ridge
2025-07-25,2025-07-28,0.004841495857287775,0.004712415415679183,0.00012908044160859185,0.6666666666666666,6,6,0.004841495857287775,0.004508162523954442,0.004174829190621108,Ridge
2025-07-28,2025-07-29,-0.0030485956516398084,-0.0023460541322851587,-0.00070254151935465,1.5,6,6,-0.0030485956516398084,-0.003798595651639808,-0.004548595651639809,Ridge
2025-07-29,2025-07-30,0.0010587287988906428,-0.003842140289320816,0.0049008690882114585,1.1666666666666665,6,6,0.0010587287988906428,0.0004753954655573095,-0.00010793786777602379,Ridge
2025-07-30,2025-07-31,-0.010743316369172081,-0.013917106316267656,0.0031737899470955754,0.8333333333333333,6,6,-0.010743316369172081,-0.011159983035838747,-0.011576649702505415,Ridge
2025-07-31,2025-08-01,-0.004651232963884982,-0.010663441649095308,0.006012208685210325,0.8333333333333333,6,6,-0.004651232963884982,-0.005067899630551649,-0.005484566297218316,Ridge
2025-08-01,2025-08-04,-0.004732626511319601,0.0027206708018185496,-0.007453297313138149,0.8333333333333333,6,6,-0.004732626511319601,-0.005149293177986267,-0.005565959844652934,Ridge
2025-08-04,2025-08-05,0.005753726736431525,0.007042702869742233,-0.0012889761333107082,0.8333333333333333,6,6,0.005753726736431525,0.005337060069764858,0.0049203934030981914,Ridge
2025-08-05,2025-08-06,0.0016275623301467913,-0.001351332045852892,0.002978894375999683,0.8333333333333333,6,6,0.0016275623301467913,0.0012108956634801246,0.0007942289968134581,Ridge
2025-08-06,2025-08-07,-0.006006417302833649,-0.003293993925460116,-0.002712423377373533,0.8333333333333333,6,6,-0.006006417302833649,-0.0064230839695003155,-0.006839750636166982,Ridge
2025-08-07,2025-08-08,-0.0008857448552541578,0.005208917689698242,-0.0060946625449524,1.0,6,6,-0.0008857448552541578,-0.0013857448552541578,-0.0018857448552541578,Ridge
2025-08-08,2025-08-11,0.005737421277748417,0.002579383564606808,0.0031580377131416085,1.3333333333333333,6,6,0.005737421277748417,0.00507075461108175,0.004404087944415084,Ridge
2025-08-11,2025-08-12,0.008333855383857981,0.014316352850783157,-0.0059824974669251746,1.0,6,6,0.008333855383857981,0.00783385538385798,0.007333855383857981,Ridge
2025-08-12,2025-08-13,0.011700408359808307,0.009786516283328299,0.001913892076480008,1.0,6,6,0.011700408359808307,0.011200408359808307,0.010700408359808306,Ridge
2025-08-13,2025-08-14,0.007710483856441132,0.005750174866844941,0.0019603089895961915,1.1666666666666665,6,6,0.007710483856441132,0.007127150523107799,0.006543817189774466,Ridge
2025-08-14,2025-08-15,0.0036415025252465047,-0.0014041142022809669,0.005045616727527472,1.0,6,6,0.0036415025252465047,0.0031415025252465047,0.0026415025252465047,Ridge
2025-08-15,2025-08-18,0.0008783446189730166,0.0009370408948821416,-5.869627590912498e-05,0.6666666666666666,6,6,0.0008783446189730166,0.0005450112856396833,0.00021167795230634995,Ridge
2025-08-18,2025-08-19,-0.0068509190281450414,-0.002927079743413116,-0.003923839284731925,0.8333333333333333,6,6,-0.0068509190281450414,-0.007267585694811708,-0.007684252361478375,Ridge
2025-08-19,2025-08-20,-0.0030950606041804498,-0.0012224116968267999,-0.0018726489073536499,1.0,6,6,-0.0030950606041804498,-0.0035950606041804498,-0.00409506060418045,Ridge
2025-08-20,2025-08-21,0.0008745042909239001,-0.00020299897014132505,0.001077503261065225,1.0,6,6,0.0008745042909239001,0.0003745042909239001,-0.0001254957090760999,Ridge
2025-08-21,2025-08-22,0.009149582605775499,0.013513402356914641,-0.004363819751139142,1.1666666666666665,6,6,0.009149582605775499,0.008566249272442166,0.007982915939108833,Ridge
2025-08-22,2025-08-25,-0.0020607404554876998,-0.00350751357954795,0.00144677312406025,1.0,6,6,-0.0020607404554876998,-0.0025607404554877,-0.0030607404554877,Ridge
2025-08-25,2025-08-26,-0.0011268500858141533,-5.678365208352859e-05,-0.0010700664337306247,1.0,6,6,-0.0011268500858141533,-0.0016268500858141533,-0.002126850085814153,Ridge
2025-08-26,2025-08-27,-0.0010086079526100496,0.002408595635796992,-0.0034172035884070416,0.6666666666666666,6,6,-0.0010086079526100496,-0.0013419412859433828,-0.0016752746192767163,Ridge
2025-08-27,2025-08-28,0.0007543911815571082,0.0009192457234539833,-0.00016485454189687495,0.8333333333333333,6,6,0.0007543911815571082,0.00033772451489044156,-7.894215177622508e-05,Ridge
2025-08-28,2025-08-29,-0.0066951538976494675,-0.004322409610702066,-0.0023727442869474,1.3333333333333333,6,6,-0.0066951538976494675,-0.0073618205643161344,-0.008028487230982801,Ridge
2025-08-29,2025-09-02,0.0014002645755943838,-0.002869870075644033,0.004270134651238417,0.8333333333333333,6,6,0.0014002645755943838,0.000983597908927717,0.0005669312422610505,Ridge
2025-09-02,2025-09-03,0.004807820732978233,0.0012165015684015743,0.0035913191645766587,1.1666666666666665,6,6,0.004807820732978233,0.0042244873996448995,0.0036411540663115662,Ridge
2025-09-03,2025-09-04,0.0025750480056980496,0.0022675014445594577,0.0003075465611385917,0.6666666666666666,6,6,0.0025750480056980496,0.002241714672364716,0.001908381339031383,Ridge
2025-09-04,2025-09-05,0.0010345275753595496,-0.0031644490868180494,0.004198976662177599,0.8333333333333333,6,6,0.0010345275753595496,0.000617860908692883,0.00020119424202621637,Ridge
2025-09-05,2025-09-08,0.0032849051030997664,0.002998818332760425,0.0002860867703393417,1.0,6,6,0.0032849051030997664,0.0027849051030997664,0.0022849051030997664,Ridge
2025-09-08,2025-09-09,0.0032549404539905834,0.005536700263938883,-0.0022817598099483002,0.6666666666666666,6,6,0.0032549404539905834,0.00292160712065725,0.002588273787323917,Ridge
2025-09-09,2025-09-10,-0.028508904266659665,0.0010248276108032,-0.029533731877462856,1.1666666666666665,6,6,-0.028508904266659665,-0.029092237599993,-0.02967557093332633,Ridge
2025-09-10,2025-09-11,0.0012836319470342827,-0.0005417439550578504,0.001825375902092133,0.8333333333333333,6,6,0.0012836319470342827,0.0008669652803676161,0.00045029861370094945,Ridge
2025-09-11,2025-09-12,-0.003997891513626534,-0.0077200613356717416,0.003722169822045208,1.3333333333333333,6,6,-0.003997891513626534,-0.004664558180293201,-0.005331224846959867,Ridge
2025-09-12,2025-09-15,0.004078204618308593,0.005823188180075517,-0.0017449835617669236,0.8333333333333333,6,6,0.004078204618308593,0.003661537951641926,0.0032448712849752594,Ridge
2025-09-15,2025-09-16,0.002487515006629383,0.0017026511575389499,0.0007848638490904333,0.8333333333333333,6,6,0.002487515006629383,0.002070848339962716,0.0016541816732960496,Ridge
2025-09-16,2025-09-17,-0.0026247088723141076,0.0006427907759230502,-0.0032674996482371585,1.0,6,6,-0.0026247088723141076,-0.0031247088723141076,-0.0036247088723141076,Ridge
2025-09-17,2025-09-18,0.015710630856118915,0.017648630217537407,-0.0019379993614184912,1.1666666666666665,6,6,0.015710630856118915,0.015127297522785582,0.014543964189452249,Ridge
2025-09-18,2025-09-19,0.003865591049865908,0.004622666777967325,-0.0007570757281014167,1.3333333333333333,6,6,0.003865591049865908,0.0031989243831992416,0.002532257716532575,Ridge
2025-09-19,2025-09-22,0.0093664693807389,0.00467090677289109,0.004695562607847808,1.1666666666666665,6,6,0.0093664693807389,0.008783136047405566,0.008199802714072233,Ridge
2025-09-22,2025-09-23,-0.000498177450244225,-0.000890712591063375,0.00039253514081914997,1.1666666666666665,6,6,-0.000498177450244225,-0.0010815107835775582,-0.0016648441169108915,Ridge
2025-09-23,2025-09-24,0.002852620500337666,0.0014771075684378745,0.0013755129318997917,1.0,6,6,0.002852620500337666,0.002352620500337666,0.001852620500337666,Ridge
2025-09-24,2025-09-25,-0.003758936956675984,-0.0018174470676724343,-0.0019414898890035503,1.0,6,6,-0.003758936956675984,-0.004258936956675985,-0.004758936956675984,Ridge
2025-09-25,2025-09-26,-0.001672976189750517,0.000614101432873008,-0.002287077622623525,1.3333333333333333,6,6,-0.001672976189750517,-0.0023396428564171835,-0.00300630952308385,Ridge
2025-09-26,2025-09-29,0.0032397844230792083,-0.0025464636456209917,0.0057862480687002,0.8333333333333333,6,6,0.0032397844230792083,0.0028231177564125415,0.0024064510897458752,Ridge
2025-09-29,2025-09-30,-0.002380978922973025,-0.0017484329823770502,-0.000632545940595975,1.0,6,6,-0.002380978922973025,-0.002880978922973025,-0.003380978922973025,Ridge
2025-09-30,2025-10-01,-0.0081559274747509,0.007781316957238941,-0.01593724443198984,0.8333333333333333,6,6,-0.0081559274747509,-0.008572594141417566,-0.008989260808084234,Ridge
2025-10-01,2025-10-02,0.00759533444269789,0.006523597630456791,0.0010717368122411,0.5,6,6,0.00759533444269789,0.00734533444269789,0.0070953344426978905,Ridge
2025-10-02,2025-10-03,0.0008657583330765413,0.000265222735507775,0.0006005355975687663,0.6666666666666666,6,6,0.0008657583330765413,0.000532424999743208,0.00019909166640987464,Ridge
2025-10-03,2025-10-06,0.007343711353964508,0.0026922455207868666,0.004651465833177642,1.1666666666666665,6,6,0.007343711353964508,0.006760378020631175,0.0061770446872978415,Ridge
2025-10-06,2025-10-07,0.005060235753589574,0.0019065920684135083,0.0031536436851760663,1.5,6,6,0.005060235753589574,0.004310235753589574,0.003560235753589574,Ridge
2025-10-07,2025-10-08,0.005187293412794533,0.003328192047502925,0.0018591013652916079,1.5,6,6,0.005187293412794533,0.004437293412794533,0.003687293412794533,Ridge
2025-10-08,2025-10-09,-0.000649320553687075,0.001096194040607167,-0.0017455145942942417,1.3333333333333333,6,6,-0.000649320553687075,-0.0013159872203537416,-0.0019826538870204085,Ridge
2025-10-09,2025-10-10,-0.010348457010183342,-0.0141467698765318,0.0037983128663484577,0.8333333333333333,6,6,-0.010348457010183342,-0.010765123676850008,-0.011181790343516676,Ridge
2025-10-10,2025-10-13,0.005696554810952551,0.008359311763742034,-0.0026627569527894832,0.8333333333333333,6,6,0.005696554810952551,0.005279888144285884,0.004863221477619218,Ridge
2025-10-13,2025-10-14,-0.010519270628563698,-0.007869639670781865,-0.002649630957781833,0.6666666666666666,6,6,-0.010519270628563698,-0.010852603961897031,-0.011185937295230364,Ridge
2025-10-14,2025-10-15,0.0034871499501092588,0.006682575766325692,-0.0031954258162164334,0.8333333333333333,6,6,0.0034871499501092588,0.003070483283442592,0.0026538166167759253,Ridge
2025-10-15,2025-10-16,0.004684496885582242,-0.0015833269159123582,0.0062678238014945995,0.8333333333333333,6,6,0.004684496885582242,0.004267830218915575,0.0038511635522489084,Ridge
2025-10-16,2025-10-17,0.0005018536721906328,0.002909744412736067,-0.0024078907405454333,0.6666666666666666,6,6,0.0005018536721906328,0.0001685203388572995,-0.00016481299447603382,Ridge
2025-10-17,2025-10-20,-0.0027641432356079313,0.002667464825223141,-0.005431608060831074,0.8333333333333333,6,6,-0.0027641432356079313,-0.003180809902274598,-0.0035974765689412644,Ridge
2025-10-20,2025-10-21,0.0017817120933557168,0.0023439112434273665,-0.00056219915007165,0.8333333333333333,6,6,0.0017817120933557168,0.00136504542668905,0.0009483787600223835,Ridge
2025-10-21,2025-10-22,4.955766964519074e-05,-0.004472125442118292,0.0045216831117634824,1.0,6,6,4.955766964519074e-05,-0.00045044233035480927,-0.0009504423303548093,Ridge
2025-10-22,2025-10-23,0.00608239402160936,0.005135531686504608,0.000946862335104752,0.8333333333333333,6,6,0.00608239402160936,0.005665727354942693,0.005249060688276026,Ridge
2025-10-23,2025-10-24,-0.004884892432358032,0.0009241403715551249,-0.005809032803913159,1.0,6,6,-0.004884892432358032,-0.005384892432358032,-0.005884892432358032,Ridge
2025-10-24,2025-10-27,-0.005795023502797733,-0.00015471479825874157,-0.0056403087045389915,0.6666666666666666,6,6,-0.005795023502797733,-0.006128356836131066,-0.0064616901694644,Ridge
2025-10-27,2025-10-28,-0.0016168022297229747,-0.0035499627321256,0.0019331605024026249,0.6666666666666666,6,6,-0.0016168022297229747,-0.001950135563056308,-0.002283468896389641,Ridge
2025-10-28,2025-10-29,0.010461682879675183,0.0033715003578015084,0.007090182521873675,1.0,6,6,0.010461682879675183,0.009961682879675183,0.009461682879675182,Ridge
2025-10-29,2025-10-30,-0.0008534835936146725,-0.008305548806360724,0.00745206521274605,1.3333333333333333,6,6,-0.0008534835936146725,-0.001520150260281339,-0.0021868169269480056,Ridge
2025-10-30,2025-10-31,0.002752837120179808,0.004161859954449633,-0.0014090228342698249,1.0,6,6,0.002752837120179808,0.002252837120179808,0.001752837120179808,Ridge
2025-10-31,2025-11-03,0.0002570658201884086,-0.0036675803712171167,0.0039246461914055255,0.5,6,6,0.0002570658201884086,7.065820188408619e-06,-0.00024293417981159139,Ridge
2025-11-03,2025-11-04,-0.016828057131307785,-0.0165797472807756,-0.00024830985053218325,0.5,6,6,-0.016828057131307785,-0.017078057131307785,-0.017328057131307785,Ridge
2025-11-04,2025-11-05,0.001226768962316081,0.010003356060488024,-0.00877658709817194,0.3333333333333333,6,6,0.001226768962316081,0.0010601022956494143,0.0008934356289827478,Ridge
2025-11-05,2025-11-06,-0.004614276033246625,-0.009333596991135541,0.0047193209578889166,0.5,6,6,-0.004614276033246625,-0.004864276033246625,-0.005114276033246625,Ridge
2025-11-06,2025-11-07,-0.0060509421533102,-0.0021268339741577665,-0.003924108179152433,0.6666666666666666,6,6,-0.0060509421533102,-0.006384275486643533,-0.006717608819976867,Ridge
2025-11-07,2025-11-10,0.00232122187704085,0.0028684759057071747,-0.0005472540286663248,1.0,6,6,0.00232122187704085,0.0018212218770408501,0.0013212218770408501,Ridge
2025-11-10,2025-11-11,-0.010393537554715816,-0.001695775403637658,-0.008697762151078158,0.6666666666666666,6,6,-0.010393537554715816,-0.01072687088804915,-0.011060204221382482,Ridge
2025-11-11,2025-11-12,0.001493109316310666,0.0012824771799140667,0.00021063213639659973,0.8333333333333333,6,6,0.001493109316310666,0.0010764426496439996,0.0006597759829773328,Ridge
2025-11-12,2025-11-13,-0.010175533843419425,-0.012499670195356133,0.002324136351936708,1.1666666666666665,6,6,-0.010175533843419425,-0.010758867176752758,-0.011342200510086092,Ridge
2025-11-13,2025-11-14,-5.499113472731676e-05,-0.0004194919529521582,0.0003645008182248414,0.8333333333333333,6,6,-5.499113472731676e-05,-0.0004716578013939834,-0.00088832446806065,Ridge
2025-11-14,2025-11-17,-0.010891781690068759,-0.011414708709178524,0.0005229270191097668,0.3333333333333333,6,6,-0.010891781690068759,-0.011058448356735426,-0.011225115023402092,Ridge
2025-11-17,2025-11-18,0.0022736318130346755,-0.003070398084685308,0.0053440298977199836,0.5,6,6,0.0022736318130346755,0.0020236318130346757,0.0017736318130346755,Ridge
2025-11-18,2025-11-19,0.00811780235736025,0.005909750700613175,0.002208051656747075,0.3333333333333333,6,6,0.00811780235736025,0.007951135690693582,0.007784469024026916,Ridge
2025-11-19,2025-11-20,-0.016981303475537803,-0.014545066668845738,-0.002436236806692066,0.5,6,6,-0.016981303475537803,-0.017231303475537803,-0.017481303475537804,Ridge
2025-11-20,2025-11-21,8.96750036001254e-05,0.004162192895817291,-0.004072517892217166,0.8333333333333333,6,6,8.96750036001254e-05,-0.00032699166306654124,-0.0007436583297332079,Ridge
2025-11-21,2025-11-24,0.005739712480812505,0.005484237348044067,0.00025547513276843824,0.5,6,6,0.005739712480812505,0.005489712480812505,0.005239712480812505,Ridge
2025-11-24,2025-11-25,-0.0007704153048422497,0.005008258058431282,-0.0057786733632735334,0.5,6,6,-0.0007704153048422497,-0.0010204153048422497,-0.0012704153048422497,Ridge
2025-11-25,2025-11-26,0.0038743924571787167,0.007042848158971351,-0.0031684557017926333,0.8333333333333333,6,6,0.0038743924571787167,0.00345772579051205,0.003041059123845383,Ridge
2025-11-26,2025-11-28,-0.0013647342946659755,0.002335635812703083,-0.0037003701073690582,0.8333333333333333,6,6,-0.0013647342946659755,-0.0017814009613326422,-0.0021980676279993085,Ridge
2025-11-28,2025-12-01,0.00138368129261915,-0.0019932218381433164,0.0033769031307624665,1.0,6,6,0.00138368129261915,0.0008836812926191499,0.0003836812926191499,Ridge
2025-12-01,2025-12-02,0.0063504742327462746,0.0056326592667456914,0.0007178149660005833,1.1666666666666665,6,6,0.0063504742327462746,0.005767140899412941,0.005183807566079608,Ridge
2025-12-02,2025-12-03,0.009087728040694574,0.009958065813291275,-0.0008703377725966997,1.1666666666666665,6,6,0.009087728040694574,0.008504394707361241,0.007921061374027908,Ridge
2025-12-03,2025-12-04,-0.0016990413225172088,0.0008099862995392833,-0.002509027622056491,1.0,6,6,-0.0016990413225172088,-0.002199041322517209,-0.002699041322517209,Ridge
2025-12-04,2025-12-05,0.002025400112587775,0.0018838255989332665,0.00014157451365450836,0.6666666666666666,6,6,0.002025400112587775,0.0016920667792544419,0.0013587334459211086,Ridge
2025-12-05,2025-12-08,0.001052444967652417,-0.004358225481573084,0.0054106704492255,1.0,6,6,0.001052444967652417,0.000552444967652417,5.244496765241698e-05,Ridge
2025-12-08,2025-12-09,-0.0031703482711741633,-0.0019113769425922226,-0.0012589713285819414,0.6666666666666666,6,6,-0.0031703482711741633,-0.003503681604507497,-0.00383701493784083,Ridge
2025-12-09,2025-12-10,-0.004319781730650434,0.005910044397240658,-0.010229826127891091,1.0,6,6,-0.004319781730650434,-0.004819781730650435,-0.005319781730650434,Ridge
2025-12-10,2025-12-11,-0.0002631373788175668,0.0016121010066528756,-0.0018752383854704418,0.6666666666666666,6,6,-0.0002631373788175668,-0.0005964707121509001,-0.0009298040454842335,Ridge
2025-12-11,2025-12-12,-0.005955414758887533,-0.0032166488728595077,-0.002738765886028025,0.8333333333333333,6,6,-0.005955414758887533,-0.0063720814255541994,-0.006788748092220866,Ridge
2025-12-12,2025-12-15,-0.003827101105618158,-0.0019611590868979832,-0.001865942018720175,0.5,6,6,-0.003827101105618158,-0.004077101105618158,-0.004327101105618158,Ridge
2025-12-15,2025-12-16,0.0023296917956218163,-0.0017165258144911746,0.004046217610112991,0.6666666666666666,6,6,0.0023296917956218163,0.001996358462288483,0.0016630251289551498,Ridge
2025-12-16,2025-12-17,-0.012298424922073508,-0.009736439254305524,-0.0025619856677679834,0.6666666666666666,6,6,-0.012298424922073508,-0.012631758255406841,-0.012965091588740174,Ridge
2025-12-17,2025-12-18,0.0033377924449859084,0.0016547739689468748,0.0016830184760390334,0.5,6,6,0.0033377924449859084,0.003087792444985908,0.0028377924449859084,Ridge
2025-12-18,2025-12-19,0.006813152924366565,0.010946369241257957,-0.004133216316891392,0.8333333333333333,6,6,0.006813152924366565,0.006396486257699899,0.005979819591033232,Ridge
2025-12-19,2025-12-22,0.0032305020700152077,0.004354405374569083,-0.001123903304553875,0.8333333333333333,6,6,0.0032305020700152077,0.002813835403348541,0.0023971687366818742,Ridge
2025-12-22,2025-12-23,-0.0004655794455871653,-0.0016251582863110235,0.0011595788407238582,1.0,6,6,-0.0004655794455871653,-0.0009655794455871653,-0.0014655794455871653,Ridge
2025-12-23,2025-12-24,-0.0014749901629649165,0.00185634720939615,-0.0033313373723610666,0.16666666666666666,6,6,-0.0014749901629649165,-0.0015583234962982498,-0.0016416568296315833,Ridge
2025-12-24,2025-12-26,-0.00040321285245976674,0.00013302067737888323,-0.0005362335298386498,0.6666666666666666,6,6,-0.00040321285245976674,-0.0007365461857931001,-0.0010698795191264334,Ridge
2025-12-26,2025-12-29,-0.0010958647289208083,-0.0015277320583287166,0.00043186732940790834,0.6666666666666666,6,6,-0.0010958647289208083,-0.0014291980622541415,-0.001762531395587475,Ridge
2025-12-29,2025-12-30,0.00373350717720215,0.002247955383513225,0.001485551793688925,0.5,6,6,0.00373350717720215,0.00348350717720215,0.00323350717720215,Ridge
2025-12-30,2025-12-31,-0.0031389498794827746,-0.0051003653837470835,0.001961415504264308,0.8333333333333333,6,6,-0.0031389498794827746,-0.0035556165461494414,-0.003972283212816108,Ridge
2025-12-31,2026-01-02,0.01418594407149663,0.010626445187063634,0.0035594988844330003,1.1666666666666665,6,6,0.01418594407149663,0.013602610738163297,0.013019277404829964,Ridge
2026-01-02,2026-01-05,0.012686860019406141,0.007593604173412468,0.005093255845993674,0.6666666666666666,6,6,0.012686860019406141,0.012353526686072808,0.012020193352739475,Ridge
2026-01-05,2026-01-06,0.013724087194701725,0.007451239198315541,0.0062728479963861826,0.5,6,6,0.013724087194701725,0.013474087194701724,0.013224087194701724,Ridge
2026-01-06,2026-01-07,0.003005097702720192,-0.0012707045574895076,0.0042758022602097,0.3333333333333333,6,6,0.003005097702720192,0.0028384310360535254,0.0026717643693868584,Ridge
2026-01-07,2026-01-08,-0.005624109500749207,0.0006884462859805165,-0.006312555786729726,0.8333333333333333,6,6,-0.005624109500749207,-0.006040776167415874,-0.006457442834082541,Ridge
2026-01-08,2026-01-09,0.009769986543310332,0.012707991834614858,-0.0029380052913045244,0.5,6,6,0.009769986543310332,0.009519986543310332,0.009269986543310332,Ridge
2026-01-09,2026-01-12,-0.00712104750547934,-0.00218192247481485,-0.004939125030664492,0.5,6,6,-0.00712104750547934,-0.00737104750547934,-0.0076210475054793395,Ridge
2026-01-12,2026-01-13,0.0021939713334740586,0.00827756593838375,-0.006083594604909691,0.6666666666666666,6,6,0.0021939713334740586,0.0018606380001407253,0.001527304666807392,Ridge
2026-01-13,2026-01-14,0.0016222592393285505,0.00011388292426657565,0.0015083763150619746,0.5,6,6,0.0016222592393285505,0.0013722592393285505,0.0011222592393285505,Ridge
2026-01-14,2026-01-15,-0.005309968388657025,-0.0059088713167065,0.0005989029280494748,0.3333333333333333,6,6,-0.005309968388657025,-0.0054766350553236915,-0.005643301721990358,Ridge
2026-01-15,2026-01-16,-0.0010773491036794676,-0.0031468508726987922,0.002069501769019325,0.8333333333333333,6,6,-0.0010773491036794676,-0.0014940157703461341,-0.0019106824370128009,Ridge
2026-01-16,2026-01-20,-0.00621752094058425,-0.006220765132464124,3.24419187987539e-06,0.6666666666666666,6,6,-0.00621752094058425,-0.006550854273917583,-0.006884187607250917,Ridge
2026-01-20,2026-01-21,0.012568986191144625,0.012519681820823116,4.930437032150839e-05,0.3333333333333333,6,6,0.012568986191144625,0.012402319524477958,0.012235652857811292,Ridge
2026-01-21,2026-01-22,0.002129671047185467,0.004702739584773708,-0.002573068537588241,0.5,6,6,0.002129671047185467,0.001879671047185467,0.001629671047185467,Ridge
2026-01-22,2026-01-23,-0.0239649955668292,-0.02053980406140681,-0.0034251915054223916,0.16666666666666666,6,6,-0.0239649955668292,-0.024048328900162536,-0.024131662233495867,Ridge
2026-01-23,2026-01-26,-0.0015128102809573753,-0.0007007654757017834,-0.0008120448052555916,0.5,6,6,-0.0015128102809573753,-0.0017628102809573753,-0.0020128102809573753,Ridge
2026-01-26,2026-01-27,-0.008482431066896216,-0.004570699207162991,-0.003911731859733225,0.8333333333333333,6,6,-0.008482431066896216,-0.008899097733562882,-0.00931576440022955,Ridge
2026-01-27,2026-01-28,0.005980407964294283,0.007546857489447333,-0.0015664495251530497,1.0,6,6,0.005980407964294283,0.005480407964294283,0.004980407964294283,Ridge
2026-01-28,2026-01-29,0.002599747239935251,-0.0020085715714965916,0.004608318811431842,0.8333333333333333,6,6,0.002599747239935251,0.002183080573268584,0.0017664139066019176,Ridge
2026-01-29,2026-01-30,-0.014992389209447381,-0.009277030342910532,-0.0057153588665368495,0.3333333333333333,6,6,-0.014992389209447381,-0.015159055876114049,-0.015325722542780714,Ridge
2026-01-30,2026-02-02,-0.002802466183930559,0.003868317980840291,-0.0066707841647708505,0.3333333333333333,6,6,-0.002802466183930559,-0.0029691328505972257,-0.0031357995172638926,Ridge
2026-02-02,2026-02-03,-0.022017797585319826,-0.0077584053774669825,-0.01425939220785284,0.3333333333333333,6,6,-0.022017797585319826,-0.02218446425198649,-0.02235113091865316,Ridge
2026-02-03,2026-02-04,-0.021029385424161284,-0.010433337634813383,-0.010596047789347899,0.5,6,6,-0.021029385424161284,-0.021279385424161284,-0.021529385424161284,Ridge
2026-02-04,2026-02-05,-0.01452134619440125,-0.01126913331964744,-0.003252212874753808,0.6666666666666666,6,6,-0.01452134619440125,-0.014854679527734583,-0.015188012861067916,Ridge
2026-02-05,2026-02-06,0.012398373259731681,0.01795298941162744,-0.005554616151895758,0.5,6,6,0.012398373259731681,0.012148373259731681,0.011898373259731681,Ridge
2026-02-06,2026-02-09,0.01256627879258515,0.005048817727981125,0.007517461064604024,0.3333333333333333,6,6,0.01256627879258515,0.012399612125918483,0.012232945459251817,Ridge
2026-02-09,2026-02-10,-0.004689710992702475,-0.004998291534736508,0.00030858054203403314,0.5,6,6,-0.004689710992702475,-0.004939710992702475,-0.005189710992702474,Ridge
2026-02-10,2026-02-11,-0.008776523678880568,-0.0042783803723944495,-0.004498143306486117,0.6666666666666666,6,6,-0.008776523678880568,-0.0091098570122139,-0.009443190345547234,Ridge
2026-02-11,2026-02-12,0.004855569579355282,-0.006085681437736942,0.010941251017092224,0.6666666666666666,6,6,0.004855569579355282,0.004522236246021949,0.004188902912688615,Ridge
2026-02-12,2026-02-13,0.010683969305712158,0.007586342177815708,0.00309762712789645,0.5,6,6,0.010683969305712158,0.010433969305712158,0.010183969305712158,Ridge
2026-02-13,2026-02-17,-0.002753566632433475,-0.0072788629896675585,0.004525296357234082,0.5,6,6,-0.002753566632433475,-0.0030035666324334754,-0.0032535666324334752,Ridge
2026-02-17,2026-02-18,-0.0002538681664887995,0.001366732017971183,-0.0016206001844599833,0.3333333333333333,6,6,-0.0002538681664887995,-0.00042053483315546614,-0.0005872014998221328,Ridge
2026-02-18,2026-02-19,-0.0014273708136686583,-0.00141675602383145,-1.0614789837208377e-05,0.6666666666666666,6,6,-0.0014273708136686583,-0.0017607041470019916,-0.002094037480335325,Ridge
2026-02-19,2026-02-20,-0.001230101286429859,-0.004689833725092433,0.003459732438662575,0.3333333333333333,6,6,-0.001230101286429859,-0.0013967679530965257,-0.0015634346197631922,Ridge
2026-02-20,2026-02-23,-0.029212731704345754,-0.023500683372158403,-0.00571204833218735,0.5,6,6,-0.029212731704345754,-0.029462731704345754,-0.029712731704345755,Ridge
2026-02-23,2026-02-24,0.006729661029382758,0.009445798040215576,-0.002716137010832817,0.6666666666666666,6,6,0.006729661029382758,0.006396327696049425,0.006062994362716091,Ridge
2026-02-24,2026-02-25,0.01341814767502894,0.012006316930509457,0.001411830744519483,0.5,6,6,0.01341814767502894,0.01316814767502894,0.01291814767502894,Ridge
2026-02-25,2026-02-26,0.002341369645146775,-0.0001089920009926834,0.002450361646139458,0.6666666666666666,6,6,0.002341369645146775,0.0020080363118134413,0.0016747029784801083,Ridge
2026-02-26,2026-02-27,-0.0108934341900554,-0.005051674567261159,-0.005841759622794242,0.6666666666666666,6,6,-0.0108934341900554,-0.011226767523388734,-0.011560100856722067,Ridge
2026-02-27,2026-03-02,0.005148216945469875,0.0013653691020060665,0.0037828478434638073,0.5,6,6,0.005148216945469875,0.004898216945469875,0.004648216945469874,Ridge
2026-03-02,2026-03-03,-0.0037577681000290912,-0.008006928187937426,0.004249160087908333,0.5,6,6,-0.0037577681000290912,-0.004007768100029091,-0.004257768100029091,Ridge
2026-03-03,2026-03-04,0.015202639105528666,0.011924819264354874,0.0032778198411737916,0.6666666666666666,6,6,0.015202639105528666,0.014869305772195333,0.014535972438862,Ridge
2026-03-04,2026-03-05,0.0034697465214229,-0.0009988588394887919,0.004468605360911692,0.5,6,6,0.0034697465214229,0.0032197465214229004,0.0029697465214229,Ridge
2026-03-05,2026-03-06,-0.011099537840829248,-0.0074529734251485655,-0.0036465644156806827,1.0,6,6,-0.011099537840829248,-0.011599537840829248,-0.012099537840829247,Ridge
2026-03-06,2026-03-09,0.0020350365287098416,0.0015933369281330915,0.00044169960057674994,0.5,6,6,0.0020350365287098416,0.0017850365287098416,0.0015350365287098416,Ridge
2026-03-09,2026-03-10,0.0052439546572208735,0.0007917905942505671,0.0044521640629703076,0.8333333333333333,6,6,0.0052439546572208735,0.004827287990554207,0.00441062132388754,Ridge
2026-03-10,2026-03-11,0.006358172381193475,0.009274576405937717,-0.002916404024744242,0.5,6,6,0.006358172381193475,0.006108172381193475,0.005858172381193474,Ridge
2026-03-11,2026-03-12,-0.006951423896300567,-0.011559184035883683,0.004607760139583117,0.6666666666666666,6,6,-0.006951423896300567,-0.0072847572296339,-0.007618090562967234,Ridge
2026-03-12,2026-03-13,-0.005763735427764041,-0.0016964573758441,-0.004067278051919942,0.6666666666666666,6,6,-0.005763735427764041,-0.006097068761097374,-0.006430402094430708,Ridge
2026-03-13,2026-03-16,0.0003217838604482665,0.003486020431303508,-0.003164236570855242,0.3333333333333333,6,6,0.0003217838604482665,0.00015511719378159982,-1.1549472885066846e-05,Ridge
2026-03-16,2026-03-17,0.005721268171960225,0.004922797983836325,0.0007984701881239,0.6666666666666666,6,6,0.005721268171960225,0.005387934838626892,0.0050546015052935584,Ridge
2026-03-17,2026-03-18,0.005415968425642141,0.0005652931248676005,0.004850675300774541,0.5,6,6,0.005415968425642141,0.00516596842564214,0.004915968425642141,Ridge
2026-03-18,2026-03-19,0.004139152896494683,0.003329467342544608,0.0008096855539500751,0.5,6,6,0.004139152896494683,0.003889152896494683,0.0036391528964946833,Ridge
2026-03-19,2026-03-20,-0.008019282910964508,-0.009742234807884307,0.0017229518969197996,0.3333333333333333,6,6,-0.008019282910964508,-0.008185949577631175,-0.00835261624429784,Ridge
2026-03-20,2026-03-23,0.007142848606919984,0.010060518590534001,-0.002917669983614016,0.5,6,6,0.007142848606919984,0.006892848606919984,0.0066428486069199846,Ridge
2026-03-23,2026-03-24,-0.00848117985226389,-0.006823355146098682,-0.0016578247061652077,0.3333333333333333,6,6,-0.00848117985226389,-0.008647846518930557,-0.008814513185597223,Ridge
2026-03-24,2026-03-25,0.004369370140927066,0.006613860644924416,-0.00224449050399735,0.5,6,6,0.004369370140927066,0.004119370140927066,0.003869370140927066,Ridge
2026-03-25,2026-03-26,-0.010751368685393108,-0.0124198006161114,0.0016684319307182917,0.5,6,6,-0.010751368685393108,-0.011001368685393108,-0.011251368685393108,Ridge
2026-03-26,2026-03-27,-0.016542336019462325,-0.013168421445301766,-0.0033739145741605576,0.6666666666666666,6,6,-0.016542336019462325,-0.01687566935279566,-0.01720900268612899,Ridge
2026-03-27,2026-03-30,-0.011840303012525765,-0.007224628025379224,-0.004615674987146542,0.5,6,6,-0.011840303012525765,-0.012090303012525765,-0.012340303012525766,Ridge
2026-03-30,2026-03-31,0.022122628557973683,0.023015434748202623,-0.0008928061902289417,0.5,6,6,0.022122628557973683,0.021872628557973683,0.021622628557973683,Ridge
2026-03-31,2026-04-01,0.03344314416504582,0.0119182760044503,0.021524868160595522,0.6666666666666666,6,6,0.03344314416504582,0.03310981083171249,0.03277647749837915,Ridge
2026-04-01,2026-04-02,0.007611430670444516,0.0076934032995556656,-8.197262911115009e-05,0.3333333333333333,6,6,0.007611430670444516,0.007444764003777849,0.007278097337111183,Ridge
2026-04-02,2026-04-06,0.001075905699969483,0.0028152643483946495,-0.0017393586484251667,0.3333333333333333,6,6,0.001075905699969483,0.0009092390333028164,0.0007425723666361498,Ridge
2026-04-06,2026-04-07,0.006056765713730659,0.0032151897706448164,0.002841575943085842,0.8333333333333333,6,6,0.006056765713730659,0.0056400990470639924,0.005223432380397326,Ridge
2026-04-07,2026-04-08,0.021540461464689027,0.02016877782648408,0.0013716836382049492,0.8333333333333333,6,6,0.021540461464689027,0.02112379479802236,0.020707128131355695,Ridge
2026-04-08,2026-04-09,0.0013386353190636261,0.002769350221319775,-0.0014307149022561485,0.6666666666666666,6,6,0.0013386353190636261,0.0010053019857302929,0.0006719686523969595,Ridge
2026-04-09,2026-04-10,0.0018823763116531326,-0.003940057452286166,0.005822433763939299,0.8333333333333333,6,6,0.0018823763116531326,0.001465709644986466,0.0010490429783197993,Ridge
2026-04-10,2026-04-13,0.021585271383455014,0.020811495900326264,0.0007737754831287505,0.6666666666666666,6,6,0.021585271383455014,0.02125193805012168,0.020918604716788348,Ridge
2026-04-13,2026-04-14,0.009507163855057977,0.006492414551836759,0.003014749303221216,1.0,6,6,0.009507163855057977,0.009007163855057976,0.008507163855057977,Ridge
2026-04-14,2026-04-15,0.012034203614522366,0.008888782997312565,0.0031454206172097997,0.16666666666666666,6,6,0.012034203614522366,0.011950870281189033,0.011867536947855698,Ridge
2026-04-15,2026-04-16,0.010981290881779232,0.010086021720650108,0.0008952691611291248,0.3333333333333333,6,6,0.010981290881779232,0.010814624215112565,0.0106479575484459,Ridge
2026-04-16,2026-04-17,-0.0012691133833271247,0.005469292960457316,-0.006738406343784441,0.6666666666666666,6,6,-0.0012691133833271247,-0.001602446716660458,-0.0019357800499937915,Ridge
2026-04-17,2026-04-20,0.002121201977674483,-4.989265254967505e-05,0.0021710946302241586,0.6666666666666666,6,6,0.002121201977674483,0.0017878686443411498,0.0014545353110078166,Ridge
2026-04-20,2026-04-21,0.003358893442907066,0.0009820981334209,0.0023767953094861664,0.6666666666666666,6,6,0.003358893442907066,0.0030255601095737325,0.0026922267762403995,Ridge
2026-04-21,2026-04-22,0.0006696475964728834,0.0006686060442564667,1.0415522164166832e-06,0.5,6,6,0.0006696475964728834,0.00041964759647288344,0.00016964759647288344,Ridge
2026-04-22,2026-04-23,-0.01069559642920069,-0.005817911743757991,-0.004877684685442699,0.6666666666666666,6,6,-0.01069559642920069,-0.011028929762534024,-0.011362263095867357,Ridge
2026-04-23,2026-04-24,0.015774373914293885,0.017088193964183117,-0.0013138200498892332,0.5,6,6,0.015774373914293885,0.015524373914293885,0.015274373914293884,Ridge
2026-04-24,2026-04-27,0.008703024422260024,0.004933300243788425,0.0037697241784716,0.5,6,6,0.008703024422260024,0.008453024422260024,0.008203024422260024,Ridge
2026-04-27,2026-04-28,-0.0118673285226512,-0.005650486640923075,-0.006216841881728124,0.5,6,6,-0.0118673285226512,-0.0121173285226512,-0.0123673285226512,Ridge
2026-04-28,2026-04-29,-0.0015873007184015655,0.0014366648091408089,-0.003023965527542375,0.5,6,6,-0.0015873007184015655,-0.0018373007184015655,-0.0020873007184015655,Ridge
2026-04-29,2026-04-30,0.0027756449305682837,0.005231937670936408,-0.0024562927403681246,0.3333333333333333,6,6,0.0027756449305682837,0.0026089782639016172,0.0024423115972349503,Ridge
2026-04-30,2026-05-01,0.012782844016912957,0.009821410259601066,0.0029614337573118923,0.6666666666666666,6,6,0.012782844016912957,0.012449510683579624,0.01211617735024629,Ridge
2026-05-01,2026-05-04,-0.002400070826404692,-0.004811035168071016,0.0024109643416663253,0.16666666666666666,6,6,-0.002400070826404692,-0.002483404159738025,-0.0025667374930713584,Ridge
2026-05-04,2026-05-05,0.012185993626385633,0.015446168954543408,-0.003260175328157775,1.0,6,6,0.012185993626385633,0.011685993626385633,0.011185993626385633,Ridge
2026-05-05,2026-05-06,0.013788092448999149,0.013703624611562375,8.44678374367757e-05,0.6666666666666666,6,6,0.013788092448999149,0.013454759115665816,0.013121425782332483,Ridge
2026-05-06,2026-05-07,0.006935669920029749,0.003912999216432765,0.0030226707035969835,0.5,6,6,0.006935669920029749,0.0066856699200297486,0.006435669920029748,Ridge
2026-05-07,2026-05-08,0.023723550478212556,0.019310476338292193,0.004413074139920366,0.16666666666666666,6,6,0.023723550478212556,0.02364021714487922,0.02355688381154589,Ridge
2026-05-08,2026-05-11,0.010050846354442842,0.012487780767111635,-0.0024369344126687923,0.3333333333333333,6,6,0.010050846354442842,0.009884179687776174,0.009717513021109509,Ridge
2026-05-11,2026-05-12,-0.0230532480510386,-0.01859615502196337,-0.004457093029075225,0.6666666666666666,6,6,-0.0230532480510386,-0.023386581384371934,-0.023719914717705265,Ridge
2026-05-12,2026-05-13,-0.0027645130316263176,0.0027325725989149497,-0.005497085630541266,0.6666666666666666,6,6,-0.0027645130316263176,-0.003097846364959651,-0.003431179698292984,Ridge
2026-05-13,2026-05-14,-0.015017775681502664,-0.0029323165584088247,-0.01208545912309384,0.5,6,6,-0.015017775681502664,-0.015267775681502664,-0.015517775681502664,Ridge
2026-05-14,2026-05-15,-0.006437454576350791,-0.009698579930196332,0.0032611253538455415,0.8333333333333333,6,6,-0.006437454576350791,-0.006854121243017458,-0.007270787909684125,Ridge
2026-05-15,2026-05-18,-0.009753939504500483,-0.0022659554473582416,-0.007487984057142242,0.8333333333333333,6,6,-0.009753939504500483,-0.010170606171167149,-0.010587272837833816,Ridge
2026-05-18,2026-05-19,-0.011265341748625583,-0.006545989411063841,-0.004719352337561742,0.5,6,6,-0.011265341748625583,-0.011515341748625584,-0.011765341748625584,Ridge
2026-05-19,2026-05-20,0.022916617668618265,0.0168510277697157,0.006065589898902567,0.3333333333333333,6,6,0.022916617668618265,0.0227499510019516,0.02258328433528493,Ridge
2026-05-20,2026-05-21,0.00843446765416924,0.0014996428035241743,0.006934824850645066,0.16666666666666666,6,6,0.00843446765416924,0.008351134320835908,0.008267800987502573,Ridge
2026-05-21,2026-05-22,0.013294732195929759,0.013265703622805625,2.9028573124133283e-05,0.3333333333333333,6,6,0.013294732195929759,0.013128065529263091,0.012961398862596426,Ridge
2026-05-22,2026-05-26,0.021133151604403856,0.008709385135467316,0.01242376646893654,0.5,6,6,0.021133151604403856,0.020883151604403856,0.020633151604403856,Ridge
2026-05-26,2026-05-27,-0.005202171490317441,-0.005039397791246908,-0.00016277369907053319,0.5,6,6,-0.005202171490317441,-0.005452171490317442,-0.005702171490317442,Ridge
2026-05-27,2026-05-28,0.008784880390855192,0.005584283929367858,0.003200596461487333,1.0,6,6,0.008784880390855192,0.008284880390855192,0.007784880390855192,Ridge
2026-05-28,2026-05-29,0.0018114325510358502,0.004446613741327533,-0.002635181190291683,0.5,6,6,0.0018114325510358502,0.0015614325510358502,0.0013114325510358502,Ridge
2026-05-29,2026-06-01,0.002625475071085036,0.0031616999516982,-0.0005362248806131667,0.8333333333333333,6,6,0.002625475071085036,0.002208808404418369,0.0017921417377517025,Ridge
2026-06-01,2026-06-02,0.006329611237171066,0.004097464220441024,0.0022321470167300417,0.6666666666666666,6,6,0.006329611237171066,0.005996277903837733,0.005662944570504399,Ridge
2026-06-02,2026-06-03,0.001063371535634283,0.002199228055352824,-0.0011358565197185414,0.8333333333333333,6,6,0.001063371535634283,0.0006467048689676164,0.00023003820230094976,Ridge
2026-06-03,2026-06-04,-0.003916169061323808,-0.0021105173442192916,-0.0018056517171045165,0.6666666666666666,6,6,-0.003916169061323808,-0.004249502394657141,-0.004582835727990475,Ridge
2026-06-04,2026-06-05,-0.03812010948053171,-0.033192317938016025,-0.0049277915425156825,1.0,6,6,-0.03812010948053171,-0.03862010948053171,-0.03912010948053171,Ridge
2026-06-05,2026-06-08,0.01104501237600718,0.00879867864073189,0.0022463337352752913,0.3333333333333333,6,6,0.01104501237600718,0.010878345709340513,0.010711679042673847,Ridge
2026-06-08,2026-06-09,-0.014520653571299533,-0.0129426379051403,-0.0015780156661592336,0.5,6,6,-0.014520653571299533,-0.014770653571299534,-0.015020653571299534,Ridge
2026-06-09,2026-06-10,-0.014259178656832036,-0.013051727745056826,-0.0012074509117752084,0.6666666666666666,6,6,-0.014259178656832036,-0.014592511990165369,-0.014925845323498702,Ridge
2026-06-10,2026-06-11,0.008663073478860799,0.012421878198510141,-0.0037588047196493416,0.8333333333333333,6,6,0.008663073478860799,0.008246406812194133,0.007829740145527465,Ridge
2026-06-11,2026-06-12,-0.0020993722414727406,-0.0005179870410093827,-0.0015813852004633582,0.6666666666666666,6,6,-0.0020993722414727406,-0.002432705574806074,-0.002766038908139407,Ridge
2026-06-12,2026-06-15,0.02094419361450329,0.014069328189214383,0.006874865425288907,0.6666666666666666,6,6,0.02094419361450329,0.020610860281169954,0.020277526947836622,Ridge
2026-06-15,2026-06-16,-0.0093237585810545,-0.01006848773954165,0.00074472915848715,0.6666666666666666,6,6,-0.0093237585810545,-0.009657091914387832,-0.009990425247721165,Ridge
2026-06-16,2026-06-17,0.00033414308895526575,-0.004514563838313309,0.004848706927268575,0.6666666666666666,6,6,0.00033414308895526575,8.097556219324275e-07,-0.0003325235777114009,Ridge
2026-06-17,2026-06-18,0.02288963966982728,0.014864686075837706,0.008024953593989574,0.3333333333333333,6,6,0.02288963966982728,0.022722973003160615,0.022556306336493945,Ridge
2026-06-18,2026-06-22,-0.002627896253086924,-0.004767458946460974,0.00213956269337405,0.5,6,6,-0.002627896253086924,-0.0028778962530869243,-0.003127896253086924,Ridge
2026-06-22,2026-06-23,-0.017889980801837305,-0.014761606048823532,-0.0031283747530137743,0.5,6,6,-0.017889980801837305,-0.018139980801837305,-0.018389980801837305,Ridge
2026-06-23,2026-06-24,-0.004115036706441425,-0.007586332174396858,0.003471295467955433,0.6666666666666666,6,6,-0.004115036706441425,-0.004448370039774758,-0.004781703373108092,Ridge
2026-06-24,2026-06-25,0.0018068559950345496,-0.001954862079120808,0.003761718074155358,0.3333333333333333,6,6,0.0018068559950345496,0.0016401893283678828,0.0014735226617012163,Ridge
2026-06-25,2026-06-26,-0.029199237452056596,-0.014381602389034092,-0.014817635063022506,0.8333333333333333,6,6,-0.029199237452056596,-0.029615904118723262,-0.030032570785389928,Ridge
2026-06-26,2026-06-29,0.006862468055926374,0.005444575812659899,0.0014178922432664751,0.5,6,6,0.006862468055926374,0.006612468055926374,0.006362468055926374,Ridge
2026-06-29,2026-06-30,0.013035140403928482,0.005384290891356849,0.007650849512571633,1.0,6,6,0.013035140403928482,0.012535140403928481,0.01203514040392848,Ridge
2026-06-30,2026-07-01,-0.024726962906375084,-0.015285412718558052,-0.009441550187817033,0.8333333333333333,6,6,-0.024726962906375084,-0.02514362957304175,-0.025560296239708416,Ridge
2026-07-01,2026-07-02,-0.01797894064241567,-0.006636497464135874,-0.011342443178279798,1.0,6,6,-0.01797894064241567,-0.018478940642415672,-0.018978940642415672,Ridge
2026-07-02,2026-07-06,0.01889979088003005,0.013373811338238391,0.005525979541791658,0.8333333333333333,6,6,0.01889979088003005,0.018483124213363383,0.018066457546696717,Ridge
2026-07-06,2026-07-07,-0.025973609119816464,-0.017207465146139182,-0.008766143973677283,0.5,6,6,-0.025973609119816464,-0.026223609119816464,-0.026473609119816464,Ridge
2026-07-07,2026-07-08,0.004587869166002891,-0.00030321194128759155,0.004891081107290482,0.8333333333333333,6,6,0.004587869166002891,0.004171202499336224,0.0037545358326695573,Ridge
2026-07-08,2026-07-09,0.010464905506707341,0.00644417799424625,0.004020727512461092,0.8333333333333333,6,6,0.010464905506707341,0.010048238840040675,0.009631572173374008,Ridge
2026-07-09,2026-07-10,-0.002355774979548283,-0.0042164419128847,0.0018606669333364168,0.6666666666666666,6,6,-0.002355774979548283,-0.0026891083128816164,-0.0030224416462149494,Ridge
2026-07-10,2026-07-13,-0.019415008633838764,-0.01727960347066574,-0.0021354051631730245,0.8333333333333333,6,6,-0.019415008633838764,-0.01983167530050543,-0.020248341967172095,Ridge
2026-07-13,2026-07-14,0.007779800986036916,-0.000695680395467916,0.008475481381504831,1.0,6,6,0.007779800986036916,0.0072798009860369165,0.006779800986036916,Ridge
2026-07-14,2026-07-15,-0.006835997387495582,-0.0032827134375588668,-0.003553283949936716,0.8333333333333333,6,6,-0.006835997387495582,-0.007252664054162249,-0.007669330720828916,Ridge
2026-07-15,2026-07-16,-0.022253999506752845,-0.021108478963437045,-0.0011455205433158,0.3333333333333333,6,6,-0.022253999506752845,-0.02242066617341951,-0.02258733284008618,Ridge
2026-07-16,2026-07-17,-0.0037357723788803495,-0.006802006928271124,0.0030662345493907748,0.5,6,6,-0.0037357723788803495,-0.003985772378880349,-0.0042357723788803495,Ridge
2026-07-17,2026-07-20,0.0005861095685363077,-0.0034700230296178915,0.004056132598154199,0.5,6,6,0.0005861095685363077,0.0003361095685363077,8.610956853630767e-05,Ridge
2026-07-20,2026-07-21,0.006705461012502816,0.012817250640974824,-0.006111789628472008,0.8333333333333333,6,6,0.006705461012502816,0.006288794345836149,0.005872127679169482,Ridge
2026-07-21,2026-07-22,-0.0037748730598045747,-0.003114602348649016,-0.0006602707111555585,0.6666666666666666,6,6,-0.0037748730598045747,-0.004108206393137908,-0.004441539726471241,Ridge
2026-07-22,2026-07-23,-0.010414495691925183,-0.009685905272309742,-0.0007285904196154414,0.5,6,6,-0.010414495691925183,-0.010664495691925183,-0.010914495691925184,Ridge
2026-07-23,2026-07-24,-0.012498047857922707,-0.008557211610874983,-0.003940836247047725,0.6666666666666666,6,6,-0.012498047857922707,-0.01283138119125604,-0.013164714524589373,Ridge
2026-07-24,2026-07-27,0.00655818426466084,0.005191779221457033,0.0013664050432038082,0.6666666666666666,6,6,0.00655818426466084,0.006224850931327507,0.005891517597994173,Ridge
2026-07-27,2026-07-28,-0.009706494569276792,-0.002904886487766033,-0.006801608081510757,0.6666666666666666,6,6,-0.009706494569276792,-0.010039827902610125,-0.010373161235943458,Ridge
2026-07-28,2026-07-29,-0.0077300413565657665,-0.011306785471435432,0.0035767441148696665,0.5,6,6,-0.0077300413565657665,-0.007980041356565767,-0.008230041356565767,Ridge
2026-07-29,2026-07-30,0.0020717765052853587,0.012949178087773891,-0.010877401582488531,0.5,6,6,0.0020717765052853587,0.0018217765052853587,0.0015717765052853587,Ridge
2026-07-30,2026-07-31,0.004454059933608874,-0.0007136274728271336,0.005167687406436008,0.5,6,6,0.004454059933608874,0.004204059933608874,0.003954059933608874,Ridge
2026-07-31,2026-08-03,0.012048061310850991,0.011184806039425007,0.0008632552714259831,0.6666666666666666,6,6,0.012048061310850991,0.011714727977517658,0.011381394644184325,Ridge
2026-08-03,2026-08-04,0.02759825178000029,0.029861139216452993,-0.0022628874364526994,0.8333333333333333,6,6,0.02759825178000029,0.027181585113333625,0.02676491844666696,Ridge
2026-08-04,2026-08-05,-0.011541632669629674,-0.005608046658667416,-0.005933586010962258,0.5,6,6,-0.011541632669629674,-0.011791632669629674,-0.012041632669629675,Ridge
2026-08-05,2026-08-06,-0.004613068424302116,-0.002909018024838308,-0.0017040503994638083,0.5,6,6,-0.004613068424302116,-0.004863068424302116,-0.005113068424302116,Ridge
2026-08-06,2026-08-07,0.006430308155847966,0.009716410974604716,-0.0032861028187567494,0.6666666666666666,6,6,0.006430308155847966,0.006096974822514633,0.005763641489181299,Ridge
2026-08-07,2026-08-10,-0.014176401610606649,-0.004901057579748492,-0.009275344030858158,0.6666666666666666,6,6,-0.014176401610606649,-0.014509734943939982,-0.014843068277273315,Ridge
2026-08-10,2026-08-11,0.0003118427662749488,-0.0010906491586825586,0.0014024919249575074,0.5,6,6,0.0003118427662749488,6.184276627494882e-05,-0.0001881572337250512,Ridge
2026-08-11,2026-08-12,0.008535090463340141,0.006532788859308908,0.002002301604031233,0.5,6,6,0.008535090463340141,0.00828509046334014,0.00803509046334014,Ridge
2026-08-12,2026-08-13,0.004547879219049942,0.005668007796149625,-0.0011201285770996833,0.8333333333333333,6,6,0.004547879219049942,0.004131212552383275,0.003714545885716608,Ridge
2026-08-13,2026-08-14,-0.001030587913596275,-0.002065760986548283,0.0010351730729520078,0.6666666666666666,6,6,-0.001030587913596275,-0.0013639212469296082,-0.0016972545802629415,Ridge
2026-08-14,2026-08-17,0.0006621374559921081,-0.0022513332347600494,0.002913470690752158,0.5,6,6,0.0006621374559921081,0.00041213745599210814,0.00016213745599210814,Ridge
2026-08-17,2026-08-18,-0.0174506561031908,-0.015466912150460935,-0.001983743952729866,0.3333333333333333,6,6,-0.0174506561031908,-0.017617322769857467,-0.017783989436524136,Ridge
2026-08-18,2026-08-19,-0.012911946560123,-0.0012569684327831336,-0.011654978127339866,0.5,6,6,-0.012911946560123,-0.013161946560123,-0.013411946560123001,Ridge
2026-08-19,2026-08-20,0.010302550482200076,-0.004395713493239008,0.014698263975439083,0.5,6,6,0.010302550482200076,0.010052550482200075,0.009802550482200075,Ridge
2026-08-20,2026-08-21,-0.00014839689670502585,0.0014053052487218928,-0.001553702145426919,0.3333333333333333,6,6,-0.00014839689670502585,-0.0003150635633716925,-0.00048173023003835917,Ridge
2026-08-21,2026-08-24,-0.012178517062373115,-0.008685153082145524,-0.0034933639802275907,0.5,6,6,-0.012178517062373115,-0.012428517062373115,-0.012678517062373116,Ridge
2026-08-24,2026-08-25,0.0035326455761225083,0.005182420105220033,-0.0016497745290975255,0.6666666666666666,6,6,0.0035326455761225083,0.0031993122427891748,0.0028659789094558417,Ridge
2026-08-25,2026-08-26,0.011874737480701891,0.007163899529899342,0.00471083795080255,1.1666666666666665,6,6,0.011874737480701891,0.011291404147368558,0.010708070814035225,Ridge
2026-08-26,2026-08-27,0.014592136314695107,0.008371561066712016,0.006220575247983091,0.3333333333333333,6,6,0.014592136314695107,0.01442546964802844,0.014258802981361774,Ridge
2022-01-03,2022-01-04,-0.015288839524272865,0.0007975209303287835,-0.01608636045460165,1.0,6,6,-0.015288839524272865,-0.015788839524272864,-0.016288839524272864,Elastic Net
2022-01-04,2022-01-05,-0.0006169586701527249,-0.0020569663531511,0.001440007682998375,0.6666666666666666,6,6,-0.0006169586701527249,-0.0009502920034860582,-0.0012836253368193914,Elastic Net
2022-01-05,2022-01-06,-0.004990769478732225,-0.002106629036630075,-0.00288414044210215,0.6666666666666666,6,6,-0.004990769478732225,-0.005324102812065558,-0.005657436145398892,Elastic Net
2022-01-06,2022-01-07,-0.0013138519986534676,0.0038419592213678995,-0.005155811220021366,0.6666666666666666,6,6,-0.0013138519986534676,-0.001647185331986801,-0.001980518665320134,Elastic Net
2022-01-07,2022-01-10,0.0004299048786753834,0.002397489729247125,-0.0019675848505717416,1.1666666666666665,6,6,0.0004299048786753834,-0.00015342845465794985,-0.0007367617879912832,Elastic Net
2022-01-10,2022-01-11,0.0019029062486453073,0.0058204768034416585,-0.00391757055479635,0.8333333333333333,6,6,0.0019029062486453073,0.0014862395819786405,0.001069572915311974,Elastic Net
2022-01-11,2022-01-12,-0.0010187495170928503,-0.0026798624886444668,0.0016611129715516165,1.3333333333333333,6,6,-0.0010187495170928503,-0.001685416183759517,-0.0023520828504261836,Elastic Net
2022-01-12,2022-01-13,-0.0007252216572884491,-0.004942038515459525,0.004216816858171076,1.0,6,6,-0.0007252216572884491,-0.0012252216572884492,-0.0017252216572884492,Elastic Net
2022-01-13,2022-01-14,-0.004089407198756457,-0.008313852418183275,0.004224445219426816,1.1666666666666665,6,6,-0.004089407198756457,-0.0046727405320897905,-0.005256073865423124,Elastic Net
2022-01-14,2022-01-18,0.0023451620626857,-0.0049743967059613994,0.0073195587686471,1.3333333333333333,6,6,0.0023451620626857,0.0016784953960190334,0.0010118287293523667,Elastic Net
2022-01-18,2022-01-19,-0.004194374710000183,-0.008732108422229557,0.004537733712229374,1.3333333333333333,6,6,-0.004194374710000183,-0.00486104137666685,-0.005527708043333516,Elastic Net
2022-01-19,2022-01-20,-0.001970075568948525,-0.00442919511361105,0.002459119544662525,1.0,6,6,-0.001970075568948525,-0.002470075568948525,-0.002970075568948525,Elastic Net
2022-01-20,2022-01-21,-0.008556244502367817,-0.009173123189982117,0.0006168786876143001,0.8333333333333333,6,6,-0.008556244502367817,-0.008972911169034483,-0.00938957783570115,Elastic Net
2022-01-21,2022-01-24,0.0012985448758867169,-0.00040384966210177495,0.0017023945379884917,0.8333333333333333,6,6,0.0012985448758867169,0.0008818782092200502,0.0004652115425533836,Elastic Net
2022-01-24,2022-01-25,0.006226727993998791,0.0024668489977853914,0.0037598789962134003,1.0,6,6,0.006226727993998791,0.00572672799399879,0.005226727993998791,Elastic Net
2022-01-25,2022-01-26,-0.003951925033338942,-0.001593555289571484,-0.002358369743767458,0.8333333333333333,6,6,-0.003951925033338942,-0.004368591700005609,-0.004785258366672276,Elastic Net
2022-01-26,2022-01-27,-0.004083121769893433,-0.0035222991244592836,-0.00056082264543415,0.3333333333333333,6,6,-0.004083121769893433,-0.0042497884365601,-0.004416455103226766,Elastic Net
2022-01-27,2022-01-28,0.0032995513595785327,0.006820729868411758,-0.0035211785088332245,0.8333333333333333,6,6,0.0032995513595785327,0.002882884692911866,0.0024662180262451996,Elastic Net
2022-01-28,2022-01-31,-0.0005333303433436671,0.004274378721718258,-0.004807709065061926,0.6666666666666666,6,6,-0.0005333303433436671,-0.0008666636766770004,-0.0011999970100103337,Elastic Net
2022-01-31,2022-02-01,0.007410502211003816,0.006554285037413366,0.0008562171735904499,0.8333333333333333,6,6,0.007410502211003816,0.0069938355443371495,0.006577168877670483,Elastic Net
2022-02-01,2022-02-02,-0.00023029856601335086,0.005112374375994483,-0.005342672942007833,1.0,6,6,-0.00023029856601335086,-0.0007302985660133509,-0.0012302985660133509,Elastic Net
2022-02-02,2022-02-03,0.003455163921870465,-0.0073850388837406996,0.010840202805611165,1.3333333333333333,6,6,0.003455163921870465,0.0027884972552037987,0.002121830588537132,Elastic Net
2022-02-03,2022-02-04,0.007998736638428518,0.004490870369942208,0.003507866268486308,0.8333333333333333,6,6,0.007998736638428518,0.007582069971761851,0.007165403305095184,Elastic Net
2022-02-04,2022-02-07,-0.0004493017495454836,-0.0013942749116222584,0.000944973162076775,1.6666666666666665,6,6,-0.0004493017495454836,-0.001282635082878817,-0.00211596841621215,Elastic Net
2022-02-07,2022-02-08,-0.0009078365533114752,0.004060501646852367,-0.0049683382001638405,1.3333333333333333,6,6,-0.0009078365533114752,-0.0015745032199781417,-0.0022411698866448082,Elastic Net
2022-02-08,2022-02-09,0.0108477279385224,0.009646991745013857,0.0012007361935085416,1.0,6,6,0.0108477279385224,0.0103477279385224,0.0098477279385224,Elastic Net
2022-02-09,2022-02-10,-0.0021714734188922904,-0.011122653690105492,0.008951180271213199,1.1666666666666665,6,6,-0.0021714734188922904,-0.0027548067522256236,-0.003338140085558957,Elastic Net
2022-02-10,2022-02-11,-0.0022082966243330833,-0.006195078863000017,0.003986782238666934,1.3333333333333333,6,6,-0.0022082966243330833,-0.00287496329099975,-0.003541629957666417,Elastic Net
2022-02-11,2022-02-14,0.0022916216369533423,-0.0024124802507267834,0.004704101887680125,1.0,6,6,0.0022916216369533423,0.0017916216369533423,0.0012916216369533422,Elastic Net
2022-02-14,2022-02-15,0.004389558995029142,0.0074995678975762915,-0.00311000890254715,1.0,6,6,0.004389558995029142,0.0038895589950291424,0.0033895589950291424,Elastic Net
2022-02-15,2022-02-16,-0.0032262005379271085,-0.0031756193706888084,-5.058116723830008e-05,1.6666666666666665,6,6,-0.0032262005379271085,-0.004059533871260442,-0.004892867204593775,Elastic Net
2022-02-16,2022-02-17,-0.017458893311343766,-0.018955161173647227,0.0014962678623034586,1.1666666666666665,6,6,-0.017458893311343766,-0.018042226644677098,-0.018625559978010433,Elastic Net
2022-02-17,2022-02-18,-0.007133195238979782,-0.004540250454898467,-0.0025929447840813166,0.6666666666666666,6,6,-0.007133195238979782,-0.007466528572313115,-0.007799861905646449,Elastic Net
2022-02-18,2022-02-22,0.003537047238945685,-0.007149071581832723,0.010686118820778407,0.6666666666666666,6,6,0.003537047238945685,0.0032037139056123516,0.0028703805722790185,Elastic Net
2022-02-22,2022-02-23,0.0014993601734610436,-0.007507659003100641,0.009007019176561683,0.5,6,6,0.0014993601734610436,0.0012493601734610436,0.0009993601734610436,Elastic Net
2022-02-23,2022-02-24,0.007680852206152701,0.003113234631672984,0.004567617574479717,0.5,6,6,0.007680852206152701,0.007430852206152701,0.0071808522061527005,Elastic Net
2022-02-24,2022-02-25,-0.0037470945783095386,0.01281357105089595,-0.016560665629205492,0.6666666666666666,6,6,-0.0037470945783095386,-0.004080427911642872,-0.0044137612449762055,Elastic Net
2022-02-25,2022-02-28,0.0020422721478803503,-0.0004564879250014669,0.002498760072881817,0.8333333333333333,6,6,0.0020422721478803503,0.0016256054812136835,0.001208938814547017,Elastic Net
2022-02-28,2022-03-01,-0.015872307892359706,-0.01586339371383209,-8.914178527616413e-06,0.6666666666666666,6,6,-0.015872307892359706,-0.01620564122569304,-0.016538974559026372,Elastic Net
2022-03-01,2022-03-02,0.002602005786280661,0.014132768932927465,-0.011530763146646805,1.1666666666666665,6,6,0.002602005786280661,0.0020186724529473276,0.0014353391196139944,Elastic Net
2022-03-02,2022-03-03,-0.002701997722681784,-0.005484033490757134,0.00278203576807535,1.0,6,6,-0.002701997722681784,-0.003201997722681784,-0.003701997722681784,Elastic Net
2022-03-03,2022-03-04,-0.014641905226973492,-0.010231935246953358,-0.0044099699800201324,1.3333333333333333,6,6,-0.014641905226973492,-0.015308571893640158,-0.015975238560306824,Elastic Net
2022-03-04,2022-03-07,-0.020453105472738514,-0.024025401627620287,0.003572296154881776,1.0,6,6,-0.020453105472738514,-0.020953105472738515,-0.021453105472738515,Elastic Net
2022-03-07,2022-03-08,0.0006951899868017756,0.004613360586229975,-0.003918170599428199,0.8333333333333333,6,6,0.0006951899868017756,0.000278523320135109,-0.00013814334653155765,Elastic Net
2022-03-08,2022-03-09,0.020293148376823524,0.016499760820381605,0.003793387556441916,0.8333333333333333,6,6,0.020293148376823524,0.01987648171015686,0.019459815043490192,Elastic Net
2022-03-09,2022-03-10,-0.008536212152326892,-0.005266168601953466,-0.003270043550373424,1.0,6,6,-0.008536212152326892,-0.009036212152326892,-0.009536212152326893,Elastic Net
2022-03-10,2022-03-11,-0.009822247486241574,-0.006243734260310983,-0.0035785132259305913,0.8333333333333333,6,6,-0.009822247486241574,-0.01023891415290824,-0.010655580819574908,Elastic Net
2022-03-11,2022-03-14,-0.014528800010337076,-0.013879126525141984,-0.0006496734851950919,1.0,6,6,-0.014528800010337076,-0.015028800010337077,-0.015528800010337077,Elastic Net
2022-03-14,2022-03-15,-0.0035094124246843163,0.004919743512601483,-0.0084291559372858,0.8333333333333333,6,6,-0.0035094124246843163,-0.003926079091350983,-0.00434274575801765,Elastic Net
2022-03-15,2022-03-16,0.011762368256218826,0.011863031727953017,-0.00010066347173419172,1.1666666666666665,6,6,0.011762368256218826,0.011179034922885493,0.01059570158955216,Elastic Net
2022-03-16,2022-03-17,0.0017654690945272744,0.007165760167709017,-0.005400291073181742,1.0,6,6,0.0017654690945272744,0.0012654690945272744,0.0007654690945272744,Elastic Net
2022-03-17,2022-03-18,-0.000272238511991792,0.0027284529504627165,-0.0030006914624545085,0.6666666666666666,6,6,-0.000272238511991792,-0.0006055718453251253,-0.0009389051786584587,Elastic Net
2022-03-18,2022-03-21,0.005917712321517958,0.006362112874165675,-0.0004444005526477166,0.8333333333333333,6,6,0.005917712321517958,0.005501045654851292,0.005084378988184625,Elastic Net
2022-03-21,2022-03-22,-0.005245555650653334,0.00245498178093335,-0.007700537431586683,0.8333333333333333,6,6,-0.005245555650653334,-0.005662222317320001,-0.0060788889839866675,Elastic Net
2022-03-22,2022-03-23,0.005563382801536608,-0.0016264614048639833,0.007189844206400591,0.6666666666666666,6,6,0.005563382801536608,0.005230049468203275,0.004896716134869941,Elastic Net
2022-03-23,2022-03-24,-0.0028709803778471515,0.005691806822965515,-0.008562787200812666,1.3333333333333333,6,6,-0.0028709803778471515,-0.003537647044513818,-0.004204313711180485,Elastic Net
2022-03-24,2022-03-25,0.002009039585602258,0.004105474393337191,-0.0020964348077349335,1.3333333333333333,6,6,0.002009039585602258,0.0013423729189355913,0.0006757062522689246,Elastic Net
2022-03-25,2022-03-28,0.00033923527298339155,-0.0010780955675210747,0.0014173308405044664,1.0,6,6,0.00033923527298339155,-0.00016076472701660846,-0.0006607647270166085,Elastic Net
2022-03-28,2022-03-29,-0.008158296798155034,0.0006930537398847753,-0.008851350538039808,1.1666666666666665,6,6,-0.008158296798155034,-0.008741630131488367,-0.0093249634648217,Elastic Net
2022-03-29,2022-03-30,-0.0015235665312171003,-0.0036953973988275582,0.0021718308676104583,1.1666666666666665,6,6,-0.0015235665312171003,-0.0021068998645504336,-0.002690233197883767,Elastic Net
2022-03-30,2022-03-31,-0.003192533664953266,-0.011216534244003883,0.008024000579050616,1.0,6,6,-0.003192533664953266,-0.003692533664953266,-0.004192533664953266,Elastic Net
2022-03-31,2022-04-01,-0.0058963371439849244,-0.0010342962875333499,-0.004862040856451574,1.0,6,6,-0.0058963371439849244,-0.006396337143984925,-0.0068963371439849245,Elastic Net
2022-04-01,2022-04-04,-0.0006519213517733832,-0.0005499797686345416,-0.00010194158313884172,0.6666666666666666,6,6,-0.0006519213517733832,-0.0009852546851067164,-0.0013185880184400497,Elastic Net
2022-04-04,2022-04-05,-0.007224646274751008,-0.006888966998307683,-0.000335679276443325,0.8333333333333333,6,6,-0.007224646274751008,-0.007641312941417675,-0.008057979608084341,Elastic Net
2022-04-05,2022-04-06,-0.01842946239685152,-0.009313519324173174,-0.009115943072678342,1.0,6,6,-0.01842946239685152,-0.01892946239685152,-0.019429462396851522,Elastic Net
2022-04-06,2022-04-07,-0.00504781440873194,-0.00017082236902657487,-0.004876992039705367,0.8333333333333333,6,6,-0.00504781440873194,-0.005464481075398607,-0.005881147742065274,Elastic Net
2022-04-07,2022-04-08,-0.009601627336909916,-0.007179858649769183,-0.002421768687140733,0.8333333333333333,6,6,-0.009601627336909916,-0.010018294003576582,-0.01043496067024325,Elastic Net
2022-04-08,2022-04-11,-0.0017304912406864582,-0.009162917809608949,0.007432426568922491,0.6666666666666666,6,6,-0.0017304912406864582,-0.0020638245740197915,-0.002397157907353125,Elastic Net
2022-04-11,2022-04-12,0.005851132422105091,0.0016745134826656582,0.004176618939439433,0.8333333333333333,6,6,0.005851132422105091,0.005434465755438424,0.005017799088771757,Elastic Net
2022-04-12,2022-04-13,0.007389562956643733,0.011367134890219899,-0.003977571933576167,0.6666666666666666,6,6,0.007389562956643733,0.0070562296233104,0.006722896289977066,Elastic Net
2022-04-13,2022-04-14,-0.009087967078655008,-0.008979565335412991,-0.00010840174324201681,1.0,6,6,-0.009087967078655008,-0.009587967078655009,-0.01008796707865501,Elastic Net
2022-04-14,2022-04-18,-0.004567906044366734,0.0012256821287227747,-0.005793588173089508,0.6666666666666666,6,6,-0.004567906044366734,-0.004901239377700067,-0.005234572711033401,Elastic Net
2022-04-18,2022-04-19,-0.0053977590967895,0.003773449816615192,-0.00917120891340469,0.5,6,6,-0.0053977590967895,-0.0056477590967895005,-0.005897759096789501,Elastic Net
2022-04-19,2022-04-20,-0.0076392798459520486,0.0018378910833999167,-0.009477170929351965,0.8333333333333333,6,6,-0.0076392798459520486,-0.008055946512618714,-0.008472613179285382,Elastic Net
2022-04-20,2022-04-21,-0.005676108967473958,-0.009765039413673533,0.004088930446199575,0.6666666666666666,6,6,-0.005676108967473958,-0.006009442300807291,-0.006342775634140625,Elastic Net
2022-04-21,2022-04-22,0.0024542976514503835,-0.013392894894927565,0.01584719254637795,0.8333333333333333,6,6,0.0024542976514503835,0.0020376309847837167,0.0016209643181170502,Elastic Net
2022-04-22,2022-04-25,-0.0004294962862740753,0.004746000840949425,-0.0051754971272235,0.8333333333333333,6,6,-0.0004294962862740753,-0.000846162952940742,-0.0012628296196074086,Elastic Net
2022-04-25,2022-04-26,-0.0053291093083205066,-0.014742213636391917,0.009413104328071407,0.6666666666666666,6,6,-0.0053291093083205066,-0.00566244264165384,-0.0059957759749871735,Elastic Net
2022-04-26,2022-04-27,-0.008582888203301714,-0.005390944379161158,-0.0031919438241405575,0.5,6,6,-0.008582888203301714,-0.008832888203301715,-0.009082888203301715,Elastic Net
2022-04-27,2022-04-28,0.0026731714205500824,0.012654260792482481,-0.0099810893719324,0.6666666666666666,6,6,0.0026731714205500824,0.002339838087216749,0.002006504753883416,Elastic Net
2022-04-28,2022-04-29,-0.002472448973438316,-0.016213332905206115,0.013740883931767797,1.1666666666666665,6,6,-0.002472448973438316,-0.0030557823067716493,-0.0036391156401049825,Elastic Net
2022-04-29,2022-05-02,0.006202230589018333,0.004121839873941741,0.002080390715076592,0.8333333333333333,6,6,0.006202230589018333,0.005785563922351666,0.005368897255684999,Elastic Net
2022-05-02,2022-05-03,0.0006875343752768405,0.0036970967585082913,-0.0030095623832314504,1.0,6,6,0.0006875343752768405,0.00018753437527684047,-0.00031246562472315954,Elastic Net
2022-05-03,2022-05-04,-0.004119386061973808,0.011710415446323284,-0.01582980150829709,1.3333333333333333,6,6,-0.004119386061973808,-0.004786052728640475,-0.005452719395307141,Elastic Net
2022-05-04,2022-05-05,0.006373496249655307,-0.009327283044629533,0.01570077929428484,1.1666666666666665,6,6,0.006373496249655307,0.005790162916321974,0.0052068295829886405,Elastic Net
2022-05-05,2022-05-06,-0.007194534174792675,-0.006464496493783642,-0.0007300376810090332,1.1666666666666665,6,6,-0.007194534174792675,-0.007777867508126008,-0.008361200841459342,Elastic Net
2022-05-06,2022-05-09,-0.002177650888519409,-0.012348942232172741,0.010171291343653334,0.5,6,6,-0.002177650888519409,-0.002427650888519409,-0.002677650888519409,Elastic Net
2022-05-09,2022-05-10,-0.0019841971981736,-0.004624555773583285,0.002640358575409683,0.6666666666666666,6,6,-0.0019841971981736,-0.0023175305315069335,-0.0026508638648402665,Elastic Net
2022-05-10,2022-05-11,-0.005498030328711283,-0.007643415149277133,0.00214538482056585,0.6666666666666666,6,6,-0.005498030328711283,-0.005831363662044616,-0.00616469699537795,Elastic Net
2022-05-11,2022-05-12,-0.007442917025675023,-0.003300868432819758,-0.004142048592855266,0.5,6,6,-0.007442917025675023,-0.007692917025675023,-0.007942917025675024,Elastic Net
2022-05-12,2022-05-13,0.00828901232051205,0.011418080532665274,-0.003129068212153225,0.8333333333333333,6,6,0.00828901232051205,0.007872345653845383,0.007455678987178716,Elastic Net
2022-05-13,2022-05-16,-0.005596007347787108,-0.0022271377507555915,-0.0033688695970315167,1.3333333333333333,6,6,-0.005596007347787108,-0.006262674014453775,-0.006929340681120441,Elastic Net
2022-05-16,2022-05-17,0.028687345189336542,0.021401615654151905,0.007285729535184634,0.8333333333333333,6,6,0.028687345189336542,0.028270678522669877,0.02785401185600321,Elastic Net
2022-05-17,2022-05-18,-0.009151027018491721,-0.025619208626347173,0.01646818160785545,1.3333333333333333,6,6,-0.009151027018491721,-0.009817693685158387,-0.010484360351825055,Elastic Net
2022-05-18,2022-05-19,0.009001559467542806,-0.0026325038020194665,0.011634063269562274,0.8333333333333333,6,6,0.009001559467542806,0.00858489280087614,0.008168226134209472,Elastic Net
2022-05-19,2022-05-20,-0.004407976432700842,0.003496001452977808,-0.00790397788567865,1.1666666666666665,6,6,-0.004407976432700842,-0.0049913097660341755,-0.005574643099367509,Elastic Net
2022-05-20,2022-05-23,0.0025019140099999653,0.013456376113202318,-0.010954462103202351,1.3333333333333333,6,6,0.0025019140099999653,0.0018352473433332988,0.001168580676666632,Elastic Net
2022-05-23,2022-05-24,0.0014028559417275828,0.0011289228004232,0.0002739331413043833,1.5,6,6,0.0014028559417275828,0.0006528559417275828,-9.714405827241724e-05,Elastic Net
2022-05-24,2022-05-25,0.004908191875782932,0.005906685261437874,-0.0009984933856549416,1.1666666666666665,6,6,0.004908191875782932,0.004324858542449599,0.003741525209116266,Elastic Net
2022-05-25,2022-05-26,0.009430060736299309,0.01404963561554666,-0.00461957487924735,0.6666666666666666,6,6,0.009430060736299309,0.009096727402965975,0.008763394069632642,Elastic Net
2022-05-26,2022-05-27,0.004489451540995058,0.011994115441272966,-0.007504663900277908,1.6666666666666665,6,6,0.004489451540995058,0.0036561182076617245,0.0028227848743283914,Elastic Net
2022-05-27,2022-05-31,0.0011328929560798001,-0.0026320317640199918,0.0037649247200997916,1.5,6,6,0.0011328929560798001,0.0003828929560798001,-0.0003671070439201999,Elastic Net
2022-05-31,2022-06-01,0.002303695045426584,-0.002058144170931858,0.004361839216358442,1.3333333333333333,6,6,0.002303695045426584,0.0016370283787599175,0.0009703617120932508,Elastic Net
2022-06-01,2022-06-02,-0.00939890121328895,0.004504747241244225,-0.013903648454533174,1.6666666666666665,6,6,-0.00939890121328895,-0.010232234546622284,-0.011065567879955617,Elastic Net
2022-06-02,2022-06-03,0.007141493594843616,-0.0010558537059080415,0.008197347300751657,1.1666666666666665,6,6,0.007141493594843616,0.0065581602615102826,0.005974826928176949,Elastic Net
2022-06-03,2022-06-06,0.0007402651940216574,0.0025851021370608502,-0.0018448369430391928,1.1666666666666665,6,6,0.0007402651940216574,0.00015693186068832412,-0.00042640147264500915,Elastic Net
2022-06-06,2022-06-07,0.0025410976782290163,0.0035276975713888084,-0.0009865998931597917,0.8333333333333333,6,6,0.0025410976782290163,0.0021244310115623496,0.001707764344895683,Elastic Net
2022-06-07,2022-06-08,-0.007991442941363284,-0.011688489300207758,0.0036970463588444744,1.5,6,6,-0.007991442941363284,-0.008741442941363285,-0.009491442941363283,Elastic Net
2022-06-08,2022-06-09,-0.006196898531443083,-0.014841464592770524,0.00864456606132744,1.1666666666666665,6,6,-0.006196898531443083,-0.0067802318647764166,-0.00736356519810975,Elastic Net
2022-06-09,2022-06-10,-0.012794250270480432,-0.021098747223189388,0.008304496952708957,0.6666666666666666,6,6,-0.012794250270480432,-0.013127583603813765,-0.013460916937147098,Elastic Net
2022-06-10,2022-06-13,-0.009191412612912134,-0.021204303683784943,0.012012891070872809,0.5,6,6,-0.009191412612912134,-0.009441412612912134,-0.009691412612912134,Elastic Net
2022-06-13,2022-06-14,-0.0016427706751262327,0.0005968673018027417,-0.0022396379769289735,1.0,6,6,-0.0016427706751262327,-0.0021427706751262327,-0.0026427706751262327,Elastic Net
2022-06-14,2022-06-15,0.01805273651276943,0.016592364714981968,0.0014603717977874665,0.5,6,6,0.01805273651276943,0.01780273651276943,0.01755273651276943,Elastic Net
2022-06-15,2022-06-16,-0.023680106822363246,-0.024334210607700697,0.0006541037853374499,1.1666666666666665,6,6,-0.023680106822363246,-0.024263440155696578,-0.024846773489029913,Elastic Net
2022-06-16,2022-06-17,-0.004198691209199074,-0.005086464249916225,0.0008877730407171502,1.0,6,6,-0.004198691209199074,-0.004698691209199074,-0.005198691209199074,Elastic Net
2022-06-17,2022-06-21,0.0031069863481636324,0.012712036818324024,-0.009605050470160392,1.3333333333333333,6,6,0.0031069863481636324,0.002440319681496966,0.0017736530148302991,Elastic Net
2022-06-21,2022-06-22,-0.015853651471205318,-0.010405763187549325,-0.00544788828365599,0.8333333333333333,6,6,-0.015853651471205318,-0.016270318137871984,-0.01668698480453865,Elastic Net
2022-06-22,2022-06-23,-0.01496626111207669,-0.0036868360839025917,-0.011279425028174098,0.6666666666666666,6,6,-0.01496626111207669,-0.015299594445410023,-0.015632927778743356,Elastic Net
2022-06-23,2022-06-24,0.011053605740110925,0.01561480885038144,-0.0045612031102705165,0.6666666666666666,6,6,0.011053605740110925,0.010720272406777592,0.010386939073444259,Elastic Net
2022-06-24,2022-06-27,0.0022304601556261258,0.0037051993708240253,-0.0014747392151978995,1.1666666666666665,6,6,0.0022304601556261258,0.0016471268222927925,0.0010637934889594592,Elastic Net
2022-06-27,2022-06-28,0.0053204688865915485,-0.007379445217610367,0.012699914104201916,1.1666666666666665,6,6,0.0053204688865915485,0.004737135553258215,0.004153802219924882,Elastic Net
2022-06-28,2022-06-29,-0.002711092468846725,-0.000714732772884575,-0.00199635969596215,0.8333333333333333,6,6,-0.002711092468846725,-0.0031277591355133917,-0.003544425802180058,Elastic Net
2022-06-29,2022-06-30,-0.0007058719253631332,-0.007638000211557791,0.0069321282861946575,0.8333333333333333,6,6,-0.0007058719253631332,-0.0011225385920298,-0.0015392052586964665,Elastic Net
2022-06-30,2022-07-01,0.00321214394499795,0.004457137003598608,-0.0012449930586006586,1.3333333333333333,6,6,0.00321214394499795,0.0025454772783312834,0.0018788106116646166,Elastic Net
2022-07-01,2022-07-05,0.006086553063297766,0.004550837797101758,0.0015357152661960082,1.0,6,6,0.006086553063297766,0.005586553063297766,0.005086553063297766,Elastic Net
2022-07-05,2022-07-06,-0.0012640686253729085,-2.2163434323983528e-05,-0.0012419051910489251,0.8333333333333333,6,6,-0.0012640686253729085,-0.0016807352920395753,-0.0020974019587062416,Elastic Net
2022-07-06,2022-07-07,0.012585726421900898,0.016079607792663222,-0.0034938813707623244,1.3333333333333333,6,6,0.012585726421900898,0.011919059755234232,0.011252393088567564,Elastic Net
2022-07-07,2022-07-08,-0.0007187838462943667,-0.0003943576852441749,-0.00032442616105019174,1.1666666666666665,6,6,-0.0007187838462943667,-0.0013021171796277,-0.0018854505129610333,Elastic Net
2022-07-08,2022-07-11,0.002950690121024174,-0.003954639308610074,0.006905329429634249,1.0,6,6,0.002950690121024174,0.002450690121024174,0.001950690121024174,Elastic Net
2022-07-11,2022-07-12,0.0074433968743733495,0.0046577254455536414,0.002785671428819708,1.1666666666666665,6,6,0.0074433968743733495,0.006860063541040016,0.006276730207706683,Elastic Net
2022-07-12,2022-07-13,0.0014086026544829415,-0.001153184049994883,0.002561786704477825,1.3333333333333333,6,6,0.0014086026544829415,0.0007419359878162748,7.52693211496082e-05,Elastic Net
2022-07-13,2022-07-14,3.713456906506696e-05,0.0015410847059455913,-0.0015039501368805247,1.0,6,6,3.713456906506696e-05,-0.00046286543093493305,-0.0009628654309349331,Elastic Net
2022-07-14,2022-07-15,-0.004433215591629394,0.007336023993386349,-0.011769239585015741,1.3333333333333333,6,6,-0.004433215591629394,-0.005099882258296061,-0.005766548924962727,Elastic Net
2022-07-15,2022-07-18,0.0010865123019078496,0.0006638409990069995,0.0004226713029008499,1.1666666666666665,6,6,0.0010865123019078496,0.0005031789685745163,-8.015436475881693e-05,Elastic Net
2022-07-18,2022-07-19,-0.0026772637498917837,0.010036370657100792,-0.012713634406992575,1.1666666666666665,6,6,-0.0026772637498917837,-0.003260597083225117,-0.0038439304165584502,Elastic Net
2022-07-19,2022-07-20,-0.008351946966639441,-0.007639850217651116,-0.0007120967489883252,0.8333333333333333,6,6,-0.008351946966639441,-0.008768613633306107,-0.009185280299972775,Elastic Net
2022-07-20,2022-07-21,0.0042787614961321075,0.005516715831224008,-0.0012379543350919,0.8333333333333333,6,6,0.0042787614961321075,0.0038620948294654407,0.003445428162798774,Elastic Net
2022-07-21,2022-07-22,-0.0030042453856994836,-0.003935352724875825,0.0009311073391763416,1.0,6,6,-0.0030042453856994836,-0.0035042453856994837,-0.004004245385699484,Elastic Net
2022-07-22,2022-07-25,0.00757257468474134,0.005831943614337224,0.0017406310704041166,1.3333333333333333,6,6,0.00757257468474134,0.006905908018074673,0.006239241351408007,Elastic Net
2022-07-25,2022-07-26,0.0008697362993858923,-0.0053730967508532415,0.006242833050239134,1.1666666666666665,6,6,0.0008697362993858923,0.0002864029660525591,-0.0002969303672807742,Elastic Net
2022-07-26,2022-07-27,0.011509689612022042,0.011117619409276159,0.0003920702027458834,1.0,6,6,0.011509689612022042,0.011009689612022042,0.010509689612022043,Elastic Net
2022-07-27,2022-07-28,-0.004860836311787939,0.0005319285489120088,-0.00539276486069995,0.8333333333333333,6,6,-0.004860836311787939,-0.005277502978454605,-0.005694169645121272,Elastic Net
2022-07-28,2022-07-29,0.008374299316729415,0.003753409731878408,0.0046208895848510075,0.8333333333333333,6,6,0.008374299316729415,0.00795763265006275,0.007540965983396082,Elastic Net
2022-07-29,2022-08-01,0.010027187428774509,0.005853945687347983,0.0041732417414265255,0.8333333333333333,6,6,0.010027187428774509,0.009610520762107843,0.009193854095441175,Elastic Net
2022-08-01,2022-08-02,-0.0002189486929958251,-0.006928269382580375,0.0067093206895845504,1.1666666666666665,6,6,-0.0002189486929958251,-0.0008022820263291583,-0.0013856153596624916,Elastic Net
2022-08-02,2022-08-03,0.006299766216109741,0.010167353437729284,-0.0038675872216195413,1.0,6,6,0.006299766216109741,0.005799766216109741,0.005299766216109741,Elastic Net
2022-08-03,2022-08-04,-0.0008618006715241,-0.0024005542395821662,0.0015387535680580666,1.0,6,6,-0.0008618006715241,-0.0013618006715241,-0.0018618006715241,Elastic Net
2022-08-04,2022-08-05,-0.0014552062332971079,0.0007196236411206586,-0.0021748298744177666,1.1666666666666665,6,6,-0.0014552062332971079,-0.002038539566630441,-0.0026218728999637744,Elastic Net
2022-08-05,2022-08-08,-0.0007212768629272746,-0.0002720127366152332,-0.00044926412631204156,1.0,6,6,-0.0007212768629272746,-0.0012212768629272746,-0.0017212768629272747,Elastic Net
2022-08-08,2022-08-09,0.0026206378132690006,0.001355308798036292,0.0012653290152327085,1.0,6,6,0.0026206378132690006,0.0021206378132690006,0.0016206378132690006,Elastic Net
2022-08-09,2022-08-10,0.0030096693525706155,0.009609784934086407,-0.0066001155815157905,1.1666666666666665,6,6,0.0030096693525706155,0.002426336019237282,0.001843002685903949,Elastic Net
2022-08-10,2022-08-11,0.0017831649801098666,0.0026305214196357665,-0.0008473564395259,0.5,6,6,0.0017831649801098666,0.0015331649801098666,0.0012831649801098666,Elastic Net
2022-08-11,2022-08-12,0.0029608391670992488,0.00883192873675215,-0.005871089569652901,1.0,6,6,0.0029608391670992488,0.0024608391670992488,0.0019608391670992487,Elastic Net
2022-08-12,2022-08-15,0.00010464818725384155,0.0015780091067709332,-0.0014733609195170918,0.8333333333333333,6,6,0.00010464818725384155,-0.0003120184794128251,-0.0007286851460794918,Elastic Net
2022-08-15,2022-08-16,-0.008527894819404283,0.0006246467232863999,-0.009152541542690682,0.8333333333333333,6,6,-0.008527894819404283,-0.00894456148607095,-0.009361228152737617,Elastic Net
2022-08-16,2022-08-17,-0.0031742717238641004,-0.0035116426665347087,0.00033737094267060827,1.3333333333333333,6,6,-0.0031742717238641004,-0.003840938390530767,-0.004507605057197434,Elastic Net
2022-08-17,2022-08-18,-0.000764002038816316,0.0038468721039867666,-0.004610874142803083,0.6666666666666666,6,6,-0.000764002038816316,-0.0010973353721496493,-0.0014306687054829828,Elastic Net
2022-08-18,2022-08-19,-0.004888000493864984,-0.009475205962590582,0.0045872054687256,0.8333333333333333,6,6,-0.004888000493864984,-0.00530466716053165,-0.005721333827198317,Elastic Net
2022-08-19,2022-08-22,-0.005707774515842541,-0.01190759813290124,0.006199823617058699,1.1666666666666665,6,6,-0.005707774515842541,-0.006291107849175874,-0.006874441182509208,Elastic Net
2022-08-22,2022-08-23,0.0038363598402394493,0.0028250715377426162,0.0010112883024968335,0.8333333333333333,6,6,0.0038363598402394493,0.0034196931735727826,0.003003026506906116,Elastic Net
2022-08-23,2022-08-24,0.0023222248953400112,0.0023321680595989333,-9.943164258922215e-06,0.8333333333333333,6,6,0.0023222248953400112,0.0019055582286733445,0.001488891562006678,Elastic Net
2022-08-24,2022-08-25,0.005060223015038394,0.007343312546123558,-0.0022830895310851644,0.8333333333333333,6,6,0.005060223015038394,0.004643556348371727,0.004226889681705061,Elastic Net
2022-08-25,2022-08-26,-0.005584446691901391,-0.017039278055657973,0.011454831363756583,1.0,6,6,-0.005584446691901391,-0.006084446691901391,-0.006584446691901391,Elastic Net
2022-08-26,2022-08-29,0.0016073845283068999,-0.00029676121693540837,0.0019041457452423083,1.1666666666666665,6,6,0.0016073845283068999,0.0010240511949735666,0.0004407178616402333,Elastic Net
2022-08-29,2022-08-30,0.005912651863546874,-0.0030996550308139076,0.009012306894360783,1.5,6,6,0.005912651863546874,0.0051626518635468745,0.004412651863546875,Elastic Net
2022-08-30,2022-08-31,-0.002880951162959525,-0.0054998699973299574,0.002618918834370433,1.1666666666666665,6,6,-0.002880951162959525,-0.003464284496292858,-0.004047617829626191,Elastic Net
2022-08-31,2022-09-01,-0.01073531036603449,-0.005040471580285416,-0.005694838785749075,1.1666666666666665,6,6,-0.01073531036603449,-0.011318643699367824,-0.011901977032701157,Elastic Net
2022-09-01,2022-09-02,0.006080027574425441,-0.00023170967684271672,0.006311737251268158,0.5,6,6,0.006080027574425441,0.005830027574425441,0.005580027574425441,Elastic Net
2022-09-02,2022-09-06,-0.0009676958725073829,-0.00417836615708235,0.003210670284574966,0.6666666666666666,6,6,-0.0009676958725073829,-0.0013010292058407162,-0.0016343625391740495,Elastic Net
2022-09-06,2022-09-07,-0.005719746561718574,0.0025706151267307245,-0.0082903616884493,0.6666666666666666,6,6,-0.005719746561718574,-0.006053079895051907,-0.006386413228385241,Elastic Net
2022-09-07,2022-09-08,0.0014056591855109081,0.0038291648719822077,-0.0024235056864713,0.6666666666666666,6,6,0.0014056591855109081,0.0010723258521775749,0.0007389925188442415,Elastic Net
2022-09-08,2022-09-09,0.0037889259325304663,0.007645720689284399,-0.003856794756753933,1.0,6,6,0.0037889259325304663,0.0032889259325304663,0.0027889259325304663,Elastic Net
2022-09-09,2022-09-12,-0.00026546761965865026,0.004026643400614824,-0.004292111020273475,1.3333333333333333,6,6,-0.00026546761965865026,-0.0009321342863253169,-0.0015988009529919836,Elastic Net
2022-09-12,2022-09-13,0.005927708968468488,-0.012648446821702464,0.018576155790170953,1.0,6,6,0.005927708968468488,0.0054277089684684875,0.004927708968468488,Elastic Net
2022-09-13,2022-09-14,0.0058972475450329,0.003009422624169908,0.0028878249208629924,1.3333333333333333,6,6,0.0058972475450329,0.005230580878366233,0.004563914211699567,Elastic Net
2022-09-14,2022-09-15,0.001395227140936399,-0.0030756414406921586,0.004470868581628558,1.3333333333333333,6,6,0.001395227140936399,0.0007285604742697324,6.189380760306573e-05,Elastic Net
2022-09-15,2022-09-16,0.0021819205717697084,0.0020517506489108666,0.00013016992285884167,1.3333333333333333,6,6,0.0021819205717697084,0.0015152539051030418,0.0008485872384363751,Elastic Net
2022-09-16,2022-09-19,0.003463060268738875,0.003913302189732333,-0.00045024192099345835,1.3333333333333333,6,6,0.003463060268738875,0.0027963936020722084,0.0021297269354055414,Elastic Net
2022-09-19,2022-09-20,-0.0001170529572834414,-0.0048545237206815825,0.004737470763398141,1.1666666666666665,6,6,-0.0001170529572834414,-0.0007003862906167747,-0.001283719623950108,Elastic Net
2022-09-20,2022-09-21,0.0014164591537517328,-0.005955743539790349,0.007372202693542084,1.1666666666666665,6,6,0.0014164591537517328,0.0008331258204183995,0.0002497924870850663,Elastic Net
2022-09-21,2022-09-22,-0.004803630900021216,-0.006359629522077724,0.0015559986220565086,0.6666666666666666,6,6,-0.004803630900021216,-0.005136964233354549,-0.005470297566687883,Elastic Net
2022-09-22,2022-09-23,-0.017900461452776198,-0.02207970919707252,0.004179247744296325,0.8333333333333333,6,6,-0.017900461452776198,-0.018317128119442864,-0.01873379478610953,Elastic Net
2022-09-23,2022-09-26,-0.006667343227999458,-0.010020487737328033,0.0033531445093285747,0.8333333333333333,6,6,-0.006667343227999458,-0.007084009894666125,-0.007500676561332791,Elastic Net
2022-09-26,2022-09-27,0.007933943463352881,-0.0008337769539583833,0.008767720417311265,1.0,6,6,0.007933943463352881,0.0074339434633528805,0.006933943463352881,Elastic Net
2022-09-27,2022-09-28,0.0011635716599360836,0.009017203765741024,-0.00785363210580494,0.5,6,6,0.0011635716599360836,0.0009135716599360836,0.0006635716599360836,Elastic Net
2022-09-28,2022-09-29,0.002277870136463716,-0.00810526085971965,0.010383130996183366,1.1666666666666665,6,6,0.002277870136463716,0.001694536803130383,0.0011112034697970496,Elastic Net
2022-09-29,2022-09-30,0.007309064385303932,-0.008938735157477907,0.01624779954278184,0.6666666666666666,6,6,0.007309064385303932,0.006975731051970599,0.006642397718637265,Elastic Net
2022-09-30,2022-10-03,0.004117051253616248,0.01738853993872546,-0.013271488685109207,1.0,6,6,0.004117051253616248,0.003617051253616248,0.003117051253616248,Elastic Net
2022-10-03,2022-10-04,0.0013726638683963744,0.014995558866703767,-0.013622894998307392,1.3333333333333333,6,6,0.0013726638683963744,0.0007059972017297078,3.933053506304115e-05,Elastic Net
2022-10-04,2022-10-05,0.003442658169427017,0.003117822606733192,0.000324835562693825,1.0,6,6,0.003442658169427017,0.002942658169427017,0.002442658169427017,Elastic Net
2022-10-05,2022-10-06,-0.006513237767068133,-0.007568603265267541,0.0010553654981994081,1.1666666666666665,6,6,-0.006513237767068133,-0.007096571100401466,-0.007679904433734799,Elastic Net
2022-10-06,2022-10-07,-0.005439524053204283,-0.013229315313266765,0.007789791260062484,0.8333333333333333,6,6,-0.005439524053204283,-0.00585619071987095,-0.006272857386537617,Elastic Net
2022-10-07,2022-10-10,0.007217870026353215,0.0014243072492040167,0.0057935627771491995,1.1666666666666665,6,6,0.007217870026353215,0.006634536693019882,0.0060512033596865486,Elastic Net
2022-10-10,2022-10-11,-0.007401841744661774,-0.005404925750520184,-0.0019969159941415917,1.5,6,6,-0.007401841744661774,-0.008151841744661775,-0.008901841744661774,Elastic Net
2022-10-11,2022-10-12,-0.004038166541727773,-0.0014767174937585748,-0.0025614490479691984,1.1666666666666665,6,6,-0.004038166541727773,-0.004621499875061106,-0.00520483320839444,Elastic Net
2022-10-12,2022-10-13,0.0016990822974012497,0.014304922599351408,-0.012605840301950158,0.6666666666666666,6,6,0.0016990822974012497,0.0013657489640679164,0.0010324156307345831,Elastic Net
2022-10-13,2022-10-14,-0.010025223469891584,-0.010864552624848256,0.000839329154956675,1.0,6,6,-0.010025223469891584,-0.010525223469891584,-0.011025223469891585,Elastic Net
2022-10-14,2022-10-17,-0.0054958299563981836,0.007218596221973949,-0.012714426178372132,0.6666666666666666,6,6,-0.0054958299563981836,-0.005829163289731517,-0.0061624966230648505,Elastic Net
2022-10-17,2022-10-18,-0.006057651110546725,0.003274115479879983,-0.009331766590426708,0.6666666666666666,6,6,-0.006057651110546725,-0.006390984443880058,-0.006724317777213392,Elastic Net
2022-10-18,2022-10-19,0.01249566546703624,0.0038629892988437083,0.008632676168192533,0.8333333333333333,6,6,0.01249566546703624,0.012078998800369575,0.011662332133702907,Elastic Net
2022-10-19,2022-10-20,-0.001726073041940559,0.00021358962233602487,-0.0019396626642765838,1.0,6,6,-0.001726073041940559,-0.002226073041940559,-0.002726073041940559,Elastic Net
2022-10-20,2022-10-21,0.00044023014723505033,0.014438944616629491,-0.013998714469394442,0.8333333333333333,6,6,0.00044023014723505033,2.356348056838369e-05,-0.00039310318609828295,Elastic Net
2022-10-21,2022-10-24,-0.001619424954053366,0.0035484600524857664,-0.005167885006539133,1.0,6,6,-0.001619424954053366,-0.002119424954053366,-0.0026194249540533662,Elastic Net
2022-10-24,2022-10-25,0.0069567773757853585,0.010175853439966107,-0.00321907606418075,1.0,6,6,0.0069567773757853585,0.006456777375785358,0.0059567773757853585,Elastic Net
2022-10-25,2022-10-26,0.006580921938058984,0.0026457875824219086,0.003935134355637075,1.0,6,6,0.006580921938058984,0.006080921938058984,0.005580921938058984,Elastic Net
2022-10-26,2022-10-27,0.0006571226386094997,-0.0003339355814732085,0.000991058220082708,0.5,6,6,0.0006571226386094997,0.0004071226386094997,0.0001571226386094997,Elastic Net
2022-10-27,2022-10-28,-0.00030670015286656796,0.013251375753714767,-0.013558075906581334,1.0,6,6,-0.00030670015286656796,-0.000806700152866568,-0.001306700152866568,Elastic Net
2022-10-28,2022-10-31,0.00419031808463836,-0.003381545177315875,0.007571863261954233,0.6666666666666666,6,6,0.00419031808463836,0.0038569847513050264,0.0035236514179716933,Elastic Net
2022-10-31,2022-11-01,0.0032066102514925164,0.0019428915126832667,0.00126371873880925,1.3333333333333333,6,6,0.0032066102514925164,0.00253994358482585,0.0018732769181591831,Elastic Net
2022-11-01,2022-11-02,-0.004825191585739473,-0.009004075772749098,0.004178884187009625,0.8333333333333333,6,6,-0.004825191585739473,-0.00524185825240614,-0.005658524919072806,Elastic Net
2022-11-02,2022-11-03,0.00013781755409275853,-0.005874589736716149,0.006012407290808909,1.1666666666666665,6,6,0.00013781755409275853,-0.00044551577924057474,-0.001028849112573908,Elastic Net
2022-11-03,2022-11-04,0.0018153609060308747,0.010446634715386732,-0.008631273809355858,0.6666666666666666,6,6,0.0018153609060308747,0.0014820275726975414,0.0011486942393642082,Elastic Net
2022-11-04,2022-11-07,0.001846696671854425,0.004369517794465792,-0.002522821122611366,1.3333333333333333,6,6,0.001846696671854425,0.0011800300051877585,0.0005133633385210918,Elastic Net
2022-11-07,2022-11-08,-0.008036841084209833,1.826221167352507e-05,-0.00805510329588336,1.1666666666666665,6,6,-0.008036841084209833,-0.008620174417543166,-0.0092035077508765,Elastic Net
2022-11-08,2022-11-09,-0.005832407542978933,-0.011238681241201233,0.0054062736982223,1.0,6,6,-0.005832407542978933,-0.006332407542978933,-0.006832407542978933,Elastic Net
2022-11-09,2022-11-10,0.016019969993033775,0.028306902494863784,-0.012286932501830007,0.5,6,6,0.016019969993033775,0.015769969993033775,0.015519969993033775,Elastic Net
2022-11-10,2022-11-11,-0.000630398410013984,0.0073821938338405665,-0.00801259224385455,1.8333333333333333,6,6,-0.000630398410013984,-0.0015470650766806508,-0.002463731743347317,Elastic Net
2022-11-11,2022-11-14,0.001580163923397606,-0.004457591739120761,0.006037755662518366,1.1666666666666665,6,6,0.001580163923397606,0.0009968305900642728,0.00041349725673093954,Elastic Net
2022-11-14,2022-11-15,-0.003696008656466533,-0.00018899936090194182,-0.0035070092955645903,0.8333333333333333,6,6,-0.003696008656466533,-0.0041126753231331995,-0.004529341989799866,Elastic Net
2022-11-15,2022-11-16,-0.006301436337286541,-0.005692613831641026,-0.0006088225056455164,1.1666666666666665,6,6,-0.006301436337286541,-0.0068847696706198745,-0.007468103003953208,Elastic Net
2022-11-16,2022-11-17,-0.003268025621693966,-0.00032676935935024187,-0.0029412562623437246,0.8333333333333333,6,6,-0.003268025621693966,-0.003684692288360633,-0.0041013589550273,Elastic Net
2022-11-17,2022-11-18,-0.005916893482205717,0.0026239312483573333,-0.00854082473056305,0.8333333333333333,6,6,-0.005916893482205717,-0.006333560148872383,-0.00675022681553905,Elastic Net
2022-11-18,2022-11-21,-0.004389485501861008,-0.003054145818331783,-0.0013353396835292246,0.6666666666666666,6,6,-0.004389485501861008,-0.004722818835194341,-0.005056152168527675,Elastic Net
2022-11-21,2022-11-22,0.004839793743793759,0.007880031000020141,-0.0030402372562263833,0.3333333333333333,6,6,0.004839793743793759,0.004673127077127092,0.0045064604104604255,Elastic Net
2022-11-22,2022-11-23,0.0009337903497221333,0.0016397945368381082,-0.0007060041871159748,1.0,6,6,0.0009337903497221333,0.0004337903497221333,-6.620965027786673e-05,Elastic Net
2022-11-23,2022-11-25,-0.0019739793229658336,-0.0003162717749684667,-0.0016577075479973667,0.6666666666666666,6,6,-0.0019739793229658336,-0.002307312656299167,-0.0026406459896325,Elastic Net
2022-11-25,2022-11-28,-0.007985152725057034,-0.010974962124541465,0.002989809399484433,0.8333333333333333,6,6,-0.007985152725057034,-0.0084018193917237,-0.008818486058390368,Elastic Net
2022-11-28,2022-11-29,0.00275134156942325,0.0008156051456083751,0.001935736423814875,1.1666666666666665,6,6,0.00275134156942325,0.0021680082360899166,0.0015846749027565834,Elastic Net
2022-11-29,2022-11-30,0.012698113445746733,0.021552904984657457,-0.008854791538910724,0.8333333333333333,6,6,0.012698113445746733,0.012281446779080068,0.0118647801124134,Elastic Net
2022-11-30,2022-12-01,-0.003065902897841558,-0.003533993823224092,0.0004680909253825336,1.0,6,6,-0.003065902897841558,-0.003565902897841558,-0.004065902897841558,Elastic Net
2022-12-01,2022-12-02,0.0013320109037026832,0.0011608250096784081,0.0001711858940242751,0.6666666666666666,6,6,0.0013320109037026832,0.00099867757036935,0.0006653442370360166,Elastic Net
2022-12-02,2022-12-05,-0.002384550937807932,-0.007838880877189291,0.005454329939381358,1.3333333333333333,6,6,-0.002384550937807932,-0.0030512176044745986,-0.003717884271141265,Elastic Net
2022-12-05,2022-12-06,0.0031368280201903346,-0.008952601133578583,0.012089429153768916,1.1666666666666665,6,6,0.0031368280201903346,0.0025534946868570013,0.001970161353523668,Elastic Net
2022-12-06,2022-12-07,-0.0036189267911843495,-0.002265080404529783,-0.0013538463866545668,1.1666666666666665,6,6,-0.0036189267911843495,-0.004202260124517683,-0.004785593457851016,Elastic Net
2022-12-07,2022-12-08,0.006543477473134876,0.008799611415363133,-0.0022561339422282585,0.8333333333333333,6,6,0.006543477473134876,0.006126810806468209,0.005710144139801542,Elastic Net
2022-12-08,2022-12-09,-0.0023113963390590827,-0.005084146081191083,0.002772749742132,1.1666666666666665,6,6,-0.0023113963390590827,-0.002894729672392416,-0.0034780630057257493,Elastic Net
2022-12-09,2022-12-12,0.003731779750266658,0.009103689850649108,-0.0053719101003824495,0.8333333333333333,6,6,0.003731779750266658,0.0033151130835999913,0.0028984464169333245,Elastic Net
2022-12-12,2022-12-13,0.001434823740904983,0.0037242589485037164,-0.0022894352075987336,1.1666666666666665,6,6,0.001434823740904983,0.0008514904075716497,0.00026815707423831644,Elastic Net
2022-12-13,2022-12-14,-0.0022470657807915667,-0.002813945160760367,0.0005668793799687998,1.1666666666666665,6,6,-0.0022470657807915667,-0.0028303991141249,-0.0034137324474582333,Elastic Net
2022-12-14,2022-12-15,-0.0021203405310903406,-0.01124651348250924,0.009126172951418899,1.0,6,6,-0.0021203405310903406,-0.0026203405310903406,-0.0031203405310903406,Elastic Net
2022-12-15,2022-12-16,4.422518474515814e-05,-0.005906685747951658,0.005950910932696816,0.8333333333333333,6,6,4.422518474515814e-05,-0.0003724414819215085,-0.0007891081485881751,Elastic Net
2022-12-16,2022-12-19,-0.0048323116754871494,-0.0036894594721181995,-0.00114285220336895,1.0,6,6,-0.0048323116754871494,-0.00533231167548715,-0.0058323116754871495,Elastic Net
2022-12-19,2022-12-20,-0.002551632157559333,-0.0020237874560157165,-0.0005278447015436166,1.1666666666666665,6,6,-0.002551632157559333,-0.0031349654908926663,-0.0037182988242259996,Elastic Net
2022-12-20,2022-12-21,0.0014973605559235738,0.007826521389109149,-0.006329160833185575,0.8333333333333333,6,6,0.0014973605559235738,0.001080693889256907,0.0006640272225902405,Elastic Net
2022-12-21,2022-12-22,-0.0032837477258848913,-0.010510052008034232,0.007226304282149342,0.6666666666666666,6,6,-0.0032837477258848913,-0.003617081059218225,-0.003950414392551558,Elastic Net
2022-12-22,2022-12-23,-0.0014171035984325993,0.0008679699845191499,-0.0022850735829517497,1.0,6,6,-0.0014171035984325993,-0.0019171035984325993,-0.0024171035984325994,Elastic Net
2022-12-23,2022-12-27,-0.006880155166202941,-0.0022209380768857916,-0.004659217089317149,1.1666666666666665,6,6,-0.006880155166202941,-0.007463488499536274,-0.008046821832869607,Elastic Net
2022-12-27,2022-12-28,0.004311312184774993,-0.003396611591039083,0.007707923775814075,1.0,6,6,0.004311312184774993,0.0038113121847749933,0.0033113121847749933,Elastic Net
2022-12-28,2022-12-29,0.00460275045909689,0.008757656775538091,-0.0041549063164412,1.1666666666666665,6,6,0.00460275045909689,0.004019417125763557,0.0034360837924302234,Elastic Net
2022-12-29,2022-12-30,-0.0019837869164456585,-0.00033872698410809994,-0.0016450599323375582,1.5,6,6,-0.0019837869164456585,-0.0027337869164456583,-0.0034837869164456585,Elastic Net
2022-12-30,2023-01-03,0.003081820227781442,0.0017880115649367416,0.0012938086628447004,0.6666666666666666,6,6,0.003081820227781442,0.0027484868944481085,0.0024151535611147755,Elastic Net
2023-01-03,2023-01-04,0.0009387217544668252,0.006726387232705451,-0.005787665478238625,1.1666666666666665,6,6,0.0009387217544668252,0.0003553884211334919,-0.00022794491219984138,Elastic Net
2023-01-04,2023-01-05,0.008305773071522917,0.0018953287766064332,0.006410444294916483,1.1666666666666665,6,6,0.008305773071522917,0.0077224397381895835,0.00713910640485625,Elastic Net
2023-01-05,2023-01-06,0.0008539085197622523,0.011115620392082933,-0.01026171187232068,1.0,6,6,0.0008539085197622523,0.00035390851976225234,-0.00014609148023774767,Elastic Net
2023-01-06,2023-01-09,-0.0018758559439818834,-0.004514903020783242,0.002639047076801358,1.1666666666666665,6,6,-0.0018758559439818834,-0.0024591892773152164,-0.0030425226106485497,Elastic Net
2023-01-09,2023-01-10,-0.000507595829665333,0.0012911518061516668,-0.0017987476358169998,1.1666666666666665,6,6,-0.000507595829665333,-0.0010909291629986662,-0.0016742624963319995,Elastic Net
2023-01-10,2023-01-11,0.008045976620995616,0.008779102775262882,-0.0007331261542672666,1.3333333333333333,6,6,0.008045976620995616,0.007379309954328949,0.006712643287662283,Elastic Net
2023-01-11,2023-01-12,0.0028721943932995837,0.0032011406508828167,-0.0003289462575832335,1.5,6,6,0.0028721943932995837,0.002122194393299584,0.0013721943932995836,Elastic Net
2023-01-12,2023-01-13,-0.0032062066765943574,0.0016288907358804245,-0.004835097412474783,1.5,6,6,-0.0032062066765943574,-0.003956206676594357,-0.004706206676594358,Elastic Net
2023-01-13,2023-01-17,0.0023812325289281674,-0.0005611579835269002,0.0029423905124550667,1.1666666666666665,6,6,0.0023812325289281674,0.001797899195594834,0.0012145658622615008,Elastic Net
2023-01-17,2023-01-18,0.0032005636161534664,-0.006096166064757592,0.009296729680911057,1.1666666666666665,6,6,0.0032005636161534664,0.002617230282820133,0.0020338969494868,Elastic Net
2023-01-18,2023-01-19,0.0034214641169798337,-0.003087573036453758,0.006509037153433591,0.8333333333333333,6,6,0.0034214641169798337,0.003004797450313167,0.0025881307836465002,Elastic Net
2023-01-19,2023-01-20,0.0030957111078411927,0.008560707204923398,-0.0054649960970822075,0.5,6,6,0.0030957111078411927,0.0028457111078411925,0.0025957111078411927,Elastic Net
2023-01-20,2023-01-23,0.009838976030161727,0.013540592399078625,-0.0037016163689168997,1.1666666666666665,6,6,0.009838976030161727,0.009255642696828393,0.00867230936349506,Elastic Net
2023-01-23,2023-01-24,0.0019011356996038748,0.0017973594631524419,0.00010377623645143317,1.0,6,6,0.0019011356996038748,0.0014011356996038748,0.0009011356996038748,Elastic Net
2023-01-24,2023-01-25,-0.001567815682421919,-0.000619704225524344,-0.0009481114568975749,1.3333333333333333,6,6,-0.001567815682421919,-0.0022344823490885856,-0.0029011490157552526,Elastic Net
2023-01-25,2023-01-26,0.004684770745247749,0.004213949634149933,0.0004708211110978166,0.6666666666666666,6,6,0.004684770745247749,0.004351437411914416,0.004018104078581082,Elastic Net
2023-01-26,2023-01-27,0.013612771847088532,0.0016149137044873833,0.011997858142601152,1.3333333333333333,6,6,0.013612771847088532,0.012946105180421866,0.012279438513755198,Elastic Net
2023-01-27,2023-01-30,0.0003862248621429006,-0.004161763038964534,0.0045479879011074325,1.3333333333333333,6,6,0.0003862248621429006,-0.00028044180452376606,-0.0009471084711904327,Elastic Net
2023-01-30,2023-01-31,0.0038679845955238747,0.005930698291780409,-0.0020627136962565323,1.3333333333333333,6,6,0.0038679845955238747,0.003201317928857208,0.0025346512621905416,Elastic Net
2023-01-31,2023-02-01,0.013183616637627026,0.010174972643913417,0.003008643993713608,1.3333333333333333,6,6,0.013183616637627026,0.01251694997096036,0.011850283304293692,Elastic Net
2023-02-01,2023-02-02,-0.0045202985818421585,-0.006071990485198792,0.0015516919033566334,1.5,6,6,-0.0045202985818421585,-0.005270298581842158,-0.006020298581842158,Elastic Net
2023-02-02,2023-02-03,0.0013873796131108084,-0.000376575768195075,0.0017639553813058831,1.6666666666666665,6,6,0.0013873796131108084,0.0005540462797774752,-0.0002792870535558581,Elastic Net
2023-02-03,2023-02-06,0.001784652518919075,-0.0011028202809575164,0.0028874727998765915,1.0,6,6,0.001784652518919075,0.001284652518919075,0.0007846525189190751,Elastic Net
2023-02-06,2023-02-07,0.0058405241027583415,0.006569708342783066,-0.0007291842400247248,1.1666666666666665,6,6,0.0058405241027583415,0.005257190769425008,0.004673857436091675,Elastic Net
2023-02-07,2023-02-08,0.0020014185656692,-0.002661641042830658,0.004663059608499859,1.3333333333333333,6,6,0.0020014185656692,0.0013347518990025333,0.0006680852323358666,Elastic Net
2023-02-08,2023-02-09,-0.00207932715682605,-0.0024636575713713168,0.0003843304145452666,1.0,6,6,-0.00207932715682605,-0.00257932715682605,-0.00307932715682605,Elastic Net
2023-02-09,2023-02-10,-0.007809072527887792,0.0006155846412550002,-0.008424657169142792,1.3333333333333333,6,6,-0.007809072527887792,-0.008475739194554459,-0.009142405861221125,Elastic Net
2023-02-10,2023-02-13,0.0048821817476147914,0.008048320611003683,-0.0031661388633888914,0.8333333333333333,6,6,0.0048821817476147914,0.004465515080948125,0.004048848414281458,Elastic Net
2023-02-13,2023-02-14,0.004700254267042024,0.001500222357534825,0.0032000319095072,1.1666666666666665,6,6,0.004700254267042024,0.004116920933708691,0.0035335876003753574,Elastic Net
2023-02-14,2023-02-15,0.0021714387992577415,0.002732409536084442,-0.0005609707368267,1.0,6,6,0.0021714387992577415,0.0016714387992577415,0.0011714387992577415,Elastic Net
2023-02-15,2023-02-16,-0.004765746421702592,-0.0073676819600344825,0.002601935538331891,1.0,6,6,-0.004765746421702592,-0.005265746421702591,-0.005765746421702592,Elastic Net
2023-02-16,2023-02-17,-0.011389455985415275,-0.004441299633377758,-0.006948156352037515,0.8333333333333333,6,6,-0.011389455985415275,-0.011806122652081941,-0.012222789318748609,Elastic Net
2023-02-17,2023-02-21,-0.003721495763500174,-0.01261664400992114,0.008895148246420967,0.5,6,6,-0.003721495763500174,-0.003971495763500174,-0.004221495763500174,Elastic Net
2023-02-21,2023-02-22,0.0006324700648123251,-0.0018032313283571919,0.0024357013931695167,0.8333333333333333,6,6,0.0006324700648123251,0.00021580339814565846,-0.00020086326852100818,Elastic Net
2023-02-22,2023-02-23,0.004916309005551267,0.00508276684809325,-0.00016645784254198346,0.5,6,6,0.004916309005551267,0.0046663090055512665,0.004416309005551266,Elastic Net
2023-02-23,2023-02-24,-0.0009775243018641296,-0.0037283943781271376,0.002750870076263008,1.0,6,6,-0.0009775243018641296,-0.0014775243018641296,-0.0019775243018641296,Elastic Net
2023-02-24,2023-02-27,-0.00027658584745246653,0.00036489051173355834,-0.0006414763591860251,1.0,6,6,-0.00027658584745246653,-0.0007765858474524665,-0.0012765858474524665,Elastic Net
2023-02-27,2023-02-28,0.0026530134789940754,-0.00033595455184944176,0.0029889680308435164,0.8333333333333333,6,6,0.0026530134789940754,0.0022363468123274086,0.001819680145660742,Elastic Net
2023-02-28,2023-03-01,0.003116893021865584,0.0005501372483812667,0.0025667557734843165,0.8333333333333333,6,6,0.003116893021865584,0.002700226355198917,0.0022835596885322504,Elastic Net
2023-03-01,2023-03-02,-0.0021275391176457737,0.003128505829564133,-0.005256044947209907,1.5,6,6,-0.0021275391176457737,-0.0028775391176457735,-0.0036275391176457737,Elastic Net
2023-03-02,2023-03-03,-0.0029442483105617603,0.006645182153623558,-0.009589430464185316,1.1666666666666665,6,6,-0.0029442483105617603,-0.0035275816438950936,-0.004110914977228427,Elastic Net
2023-03-03,2023-03-06,0.006915277133128875,0.004726211844933575,0.0021890652881953,1.1666666666666665,6,6,0.006915277133128875,0.006331943799795542,0.005748610466462209,Elastic Net
2023-03-06,2023-03-07,-0.0005314945231373915,-0.007614147280637891,0.0070826527575005,1.3333333333333333,6,6,-0.0005314945231373915,-0.001198161189804058,-0.0018648278564707247,Elastic Net
2023-03-07,2023-03-08,0.0043780963870849576,-0.00038791821614918347,0.004766014603234141,1.3333333333333333,6,6,0.0043780963870849576,0.003711429720418291,0.0030447630537516245,Elastic Net
2023-03-08,2023-03-09,0.00541419514269775,-0.009085876876210208,0.014500072018907958,1.3333333333333333,6,6,0.00541419514269775,0.004747528476031083,0.0040808618093644165,Elastic Net
2023-03-09,2023-03-10,0.0028376986685161244,-0.00039179240384000014,0.003229491072356125,1.1666666666666665,6,6,0.0028376986685161244,0.002254365335182791,0.001671032001849458,Elastic Net
2023-03-10,2023-03-13,0.014369685125963485,0.0011166674569784583,0.013253017668985024,0.6666666666666666,6,6,0.014369685125963485,0.014036351792630151,0.013703018459296818,Elastic Net
2023-03-13,2023-03-14,0.0012657538705251083,0.0073347585104699495,-0.00606900463994484,0.8333333333333333,6,6,0.0012657538705251083,0.0008490872038584416,0.000432420537191775,Elastic Net
2023-03-14,2023-03-15,0.007969833441140786,-0.00148879782500875,0.009458631266149533,0.8333333333333333,6,6,0.007969833441140786,0.007553166774474119,0.007136500107807453,Elastic Net
2023-03-15,2023-03-16,0.0018867528775558411,0.006386721257304792,-0.004499968379748949,1.1666666666666665,6,6,0.0018867528775558411,0.0013034195442225079,0.0007200862108891746,Elastic Net
2023-03-16,2023-03-17,-0.00047894807566279936,-0.0045204145284327,0.0040414664527699,1.1666666666666665,6,6,-0.00047894807566279936,-0.0010622814089961325,-0.0016456147423294658,Elastic Net
2023-03-17,2023-03-20,-0.005320371562553394,0.0029384283353678675,-0.008258799897921259,2.0,6,6,-0.005320371562553394,-0.006320371562553394,-0.007320371562553394,Elastic Net
2023-03-20,2023-03-21,-0.004348135641668,0.0031617955519730742,-0.007509931193641075,1.8333333333333333,6,6,-0.004348135641668,-0.005264802308334667,-0.006181468975001334,Elastic Net
2023-03-21,2023-03-22,-0.0002074259061203088,-0.009690705561299025,0.009483279655178716,1.1666666666666665,6,6,-0.0002074259061203088,-0.0007907592394536421,-0.0013740925727869753,Elastic Net
2023-03-22,2023-03-23,-0.0008067780329636923,0.00427318686403675,-0.005079964897000442,1.1666666666666665,6,6,-0.0008067780329636923,-0.0013901113662970256,-0.001973444699630359,Elastic Net
2023-03-23,2023-03-24,-8.889383403417483e-05,0.0008986683007538916,-0.0009875621347880663,0.8333333333333333,6,6,-8.889383403417483e-05,-0.0005055605007008414,-0.0009222271673675082,Elastic Net
2023-03-24,2023-03-27,0.0005707145489502411,0.003499712649087058,-0.0029289981001368167,1.5,6,6,0.0005707145489502411,-0.0001792854510497589,-0.0009292854510497589,Elastic Net
2023-03-27,2023-03-28,-0.001382939833341483,-0.0016071294804465167,0.00022418964710503337,1.1666666666666665,6,6,-0.001382939833341483,-0.0019662731666748165,-0.0025496065000081497,Elastic Net
2023-03-28,2023-03-29,0.0028376277561711076,0.00789473491810005,-0.005057107161928941,1.0,6,6,0.0028376277561711076,0.0023376277561711076,0.0018376277561711076,Elastic Net
2023-03-29,2023-03-30,-0.0036147921623176336,0.001402803995653675,-0.005017596157971307,1.0,6,6,-0.0036147921623176336,-0.004114792162317634,-0.004614792162317634,Elastic Net
2023-03-30,2023-03-31,0.004046192756526524,0.008124130956373108,-0.0040779381998465826,0.6666666666666666,6,6,0.004046192756526524,0.0037128594231931908,0.0033795260898598577,Elastic Net
2023-03-31,2023-04-03,-0.008769017704408933,-0.001016574548697675,-0.007752443155711258,1.6666666666666665,6,6,-0.008769017704408933,-0.009602351037742266,-0.0104356843710756,Elastic Net
2023-04-03,2023-04-04,-0.007251635328036991,-0.008626290364491767,0.0013746550364547748,0.8333333333333333,6,6,-0.007251635328036991,-0.007668301994703658,-0.008084968661370324,Elastic Net
2023-04-04,2023-04-05,-0.0059319245512392165,-0.0033522076631339664,-0.00257971688810525,0.8333333333333333,6,6,-0.0059319245512392165,-0.006348591217905883,-0.00676525788457255,Elastic Net
2023-04-05,2023-04-06,0.0016786002836424166,0.003131727616698358,-0.0014531273330559416,1.0,6,6,0.0016786002836424166,0.0011786002836424165,0.0006786002836424165,Elastic Net
2023-04-06,2023-04-10,0.003253710559623376,0.0017225612393331497,0.0015311493202902252,0.6666666666666666,6,6,0.003253710559623376,0.0029203772262900423,0.0025870438929567093,Elastic Net
2023-04-10,2023-04-11,-0.003762613157984725,0.0014177401075236,-0.005180353265508325,1.1666666666666665,6,6,-0.003762613157984725,-0.004345946491318058,-0.004929279824651391,Elastic Net
2023-04-11,2023-04-12,-0.0058426740671524745,-0.00582136296606965,-2.1311101082825032e-05,0.8333333333333333,6,6,-0.0058426740671524745,-0.006259340733819141,-0.006676007400485808,Elastic Net
2023-04-12,2023-04-13,-0.003606211845916117,0.0023226958425312414,-0.005928907688447358,0.6666666666666666,6,6,-0.003606211845916117,-0.00393954517924945,-0.004272878512582783,Elastic Net
2023-04-13,2023-04-14,0.0020671610423366755,-0.0015722437741551,0.003639404816491775,0.5,6,6,0.0020671610423366755,0.0018171610423366755,0.0015671610423366755,Elastic Net
2023-04-14,2023-04-17,-0.007184052733146281,-9.245228805840821e-05,-0.0070916004450878745,1.1666666666666665,6,6,-0.007184052733146281,-0.007767386066479615,-0.008350719399812948,Elastic Net
2023-04-17,2023-04-18,0.0005273324821623583,0.002702439558721033,-0.0021751070765586747,1.0,6,6,0.0005273324821623583,2.7332482162358246e-05,-0.00047266751783764176,Elastic Net
2023-04-18,2023-04-19,-0.005237323097018166,-0.004039273289279016,-0.0011980498077391502,1.0,6,6,-0.005237323097018166,-0.005737323097018167,-0.006237323097018166,Elastic Net
2023-04-19,2023-04-20,-7.481091660966688e-05,-0.0029479613926405666,0.0028731504760308997,1.0,6,6,-7.481091660966688e-05,-0.0005748109166096669,-0.001074810916609667,Elastic Net
2023-04-20,2023-04-21,-0.004141885583620658,-0.002774491870235958,-0.0013673937133847,1.1666666666666665,6,6,-0.004141885583620658,-0.004725218916953992,-0.005308552250287325,Elastic Net
2023-04-21,2023-04-24,-0.00015258566038943325,0.00010228534828540846,-0.0002548710086748416,1.0,6,6,-0.00015258566038943325,-0.0006525856603894333,-0.0011525856603894333,Elastic Net
2023-04-24,2023-04-25,-0.008937393375177833,-0.010697885115193134,0.0017604917400152998,1.0,6,6,-0.008937393375177833,-0.009437393375177834,-0.009937393375177832,Elastic Net
2023-04-25,2023-04-26,-0.008197418024128133,-0.006956834064690132,-0.0012405839594380004,0.5,6,6,-0.008197418024128133,-0.008447418024128133,-0.008697418024128134,Elastic Net
2023-04-26,2023-04-27,-0.0005417946018470342,0.004678627168588833,-0.005220421770435866,0.5,6,6,-0.0005417946018470342,-0.0007917946018470342,-0.0010417946018470342,Elastic Net
2023-04-27,2023-04-28,0.0007748951487676833,0.005172167076331033,-0.004397271927563349,1.0,6,6,0.0007748951487676833,0.00027489514876768333,-0.00022510485123231668,Elastic Net
2023-04-28,2023-05-01,0.008287189989327667,0.002200251128896767,0.0060869388604309,0.8333333333333333,6,6,0.008287189989327667,0.007870523322661001,0.0074538566559943335,Elastic Net
2023-05-01,2023-05-02,-0.00249570337351265,-0.0042749019743328585,0.0017791986008202085,1.0,6,6,-0.00249570337351265,-0.00299570337351265,-0.00349570337351265,Elastic Net
2023-05-02,2023-05-03,0.0021042121134935664,-0.003564986314128833,0.0056691984276224,1.1666666666666665,6,6,0.0021042121134935664,0.001520878780160233,0.0009375454468268998,Elastic Net
2023-05-03,2023-05-04,-0.008425281381058643,-0.012053931425243664,0.0036286500441850243,1.0,6,6,-0.008425281381058643,-0.008925281381058643,-0.009425281381058644,Elastic Net
2023-05-04,2023-05-05,0.003134887918360707,0.010842217247220433,-0.007707329328859725,1.1666666666666665,6,6,0.003134887918360707,0.002551554585027374,0.0019682212516940406,Elastic Net
2023-05-05,2023-05-08,0.0024023424626723835,0.0008640384287645835,0.0015383040339077998,1.1666666666666665,6,6,0.0024023424626723835,0.0018190091293390502,0.001235675796005717,Elastic Net
2023-05-08,2023-05-09,0.0011193211750474502,-7.386877712545821e-05,0.0011931899521729081,0.8333333333333333,6,6,0.0011193211750474502,0.0007026545083807836,0.00028598784171411694,Elastic Net
2023-05-09,2023-05-10,-0.0040419485059729745,-0.003024119741637325,-0.0010178287643356498,1.1666666666666665,6,6,-0.0040419485059729745,-0.004625281839306308,-0.005208615172639641,Elastic Net
2023-05-10,2023-05-11,-0.0016538272355213666,-0.002317966805870466,0.0006641395703490999,0.8333333333333333,6,6,-0.0016538272355213666,-0.002070493902188033,-0.0024871605688547,Elastic Net
2023-05-11,2023-05-12,-0.0030518197651999085,-0.004452988970241182,0.001401169205041275,0.8333333333333333,6,6,-0.0030518197651999085,-0.0034684864318665753,-0.003885153098533242,Elastic Net
2023-05-12,2023-05-15,0.009354328788775792,0.008964600189218009,0.0003897285995577832,1.3333333333333333,6,6,0.009354328788775792,0.008687662122109125,0.008020995455442458,Elastic Net
2023-05-15,2023-05-16,0.0037052230947149747,-0.002980936533373483,0.0066861596280884585,0.6666666666666666,6,6,0.0037052230947149747,0.003371889761381641,0.003038556428048308,Elastic Net
2023-05-16,2023-05-17,0.006006765641578284,0.009484208251505193,-0.0034774426099269075,1.3333333333333333,6,6,0.006006765641578284,0.005340098974911617,0.004673432308244951,Elastic Net
2023-05-17,2023-05-18,-0.0010216438446615413,0.003849364020713291,-0.0048710078653748335,1.3333333333333333,6,6,-0.0010216438446615413,-0.0016883105113282078,-0.0023549771779948743,Elastic Net
2023-05-18,2023-05-19,-0.0008595614692380917,-0.00037277158773375835,-0.00048678988150433345,1.1666666666666665,6,6,-0.0008595614692380917,-0.001442894802571425,-0.0020262281359047585,Elastic Net
2023-05-19,2023-05-22,0.0016134378452104252,0.0006787723027677664,0.0009346655424426588,1.3333333333333333,6,6,0.0016134378452104252,0.0009467711785437586,0.0002801045118770919,Elastic Net
2023-05-22,2023-05-23,-0.004499512155410375,-0.002536599290733575,-0.0019629128646768005,1.5,6,6,-0.004499512155410375,-0.005249512155410375,-0.005999512155410376,Elastic Net
2023-05-23,2023-05-24,-0.0016014485218901167,-0.006216832963367275,0.004615384441477158,0.8333333333333333,6,6,-0.0016014485218901167,-0.0020181151885567835,-0.00243478185522345,Elastic Net
2023-05-24,2023-05-25,-6.748160158201596e-05,-0.004768896917942183,0.004701415316360167,1.1666666666666665,6,6,-6.748160158201596e-05,-0.0006508149349153492,-0.0012341482682486824,Elastic Net
2023-05-25,2023-05-26,-0.0015612191363641413,0.003757181564083325,-0.0053184007004474666,1.5,6,6,-0.0015612191363641413,-0.002311219136364141,-0.0030612191363641413,Elastic Net
2023-05-26,2023-05-30,-0.007259397630919099,-0.0027602718599671165,-0.0044991257709519825,1.0,6,6,-0.007259397630919099,-0.007759397630919099,-0.0082593976309191,Elastic Net
2023-05-30,2023-05-31,-0.006061519290646083,-0.004750150400085392,-0.0013113688905606916,0.8333333333333333,6,6,-0.006061519290646083,-0.00647818595731275,-0.006894852623979417,Elastic Net
2023-05-31,2023-06-01,0.0008527030572251171,0.0036000384011411245,-0.0027473353439160077,1.0,6,6,0.0008527030572251171,0.0003527030572251171,-0.0001472969427748829,Elastic Net
2023-06-01,2023-06-02,0.004318227230632224,0.014040837930608974,-0.00972261069997675,1.5,6,6,0.004318227230632224,0.0035682272306322245,0.0028182272306322242,Elastic Net
2023-06-02,2023-06-05,-0.00195657512539865,-0.003986354024655492,0.0020297788992568416,0.8333333333333333,6,6,-0.00195657512539865,-0.002373241792065317,-0.0027899084587319836,Elastic Net
2023-06-05,2023-06-06,0.005620311505352191,0.005816903241179366,-0.0001965917358271751,1.1666666666666665,6,6,0.005620311505352191,0.005036978172018858,0.004453644838685524,Elastic Net
2023-06-06,2023-06-07,0.003713475587193225,0.005429870583343567,-0.001716394996150342,1.0,6,6,0.003713475587193225,0.003213475587193225,0.002713475587193225,Elastic Net
2023-06-07,2023-06-08,-0.0006329811593803916,0.0032519152926792838,-0.003884896452059675,0.6666666666666666,6,6,-0.0006329811593803916,-0.0009663144927137249,-0.0012996478260470581,Elastic Net
2023-06-08,2023-06-09,-0.0005437209232620832,0.0005877208407691664,-0.00113144176403125,0.6666666666666666,6,6,-0.0005437209232620832,-0.0008770542565954165,-0.0012103875899287498,Elastic Net
2023-06-09,2023-06-12,-0.007267322805480342,0.0028270757098340328,-0.010094398515314374,1.0,6,6,-0.007267322805480342,-0.007767322805480342,-0.008267322805480343,Elastic Net
2023-06-12,2023-06-13,-0.0033757432369179432,0.0022938831290040406,-0.005669626365921983,0.8333333333333333,6,6,-0.0033757432369179432,-0.00379240990358461,-0.004209076570251277,Elastic Net
2023-06-13,2023-06-14,-0.005917513242749075,0.0002694166188222084,-0.006186929861571283,0.6666666666666666,6,6,-0.005917513242749075,-0.006250846576082408,-0.006584179909415742,Elastic Net
2023-06-14,2023-06-15,-0.0017026067972411166,0.0038932031890252083,-0.005595809986266325,1.3333333333333333,6,6,-0.0017026067972411166,-0.002369273463907783,-0.0030359401305744497,Elastic Net
2023-06-15,2023-06-16,0.0011205382027649501,-0.0022717593070438417,0.003392297509808791,0.8333333333333333,6,6,0.0011205382027649501,0.0007038715360982835,0.00028720486943161687,Elastic Net
2023-06-16,2023-06-20,-0.0004442025691712248,-0.0061644496084221,0.005720247039250875,1.3333333333333333,6,6,-0.0004442025691712248,-0.0011108692358378913,-0.001777535902504558,Elastic Net
2023-06-20,2023-06-21,-0.00036534883452670917,-0.006567901970611757,0.006202553136085049,1.1666666666666665,6,6,-0.00036534883452670917,-0.0009486821678600424,-0.0015320155011933757,Elastic Net
2023-06-21,2023-06-22,0.0017061069727806587,-0.0012709180417470917,0.00297702501452775,0.6666666666666666,6,6,0.0017061069727806587,0.0013727736394473255,0.0010394403061139922,Elastic Net
2023-06-22,2023-06-23,-0.0031915360046483165,-0.006417669624307517,0.0032261336196591998,1.1666666666666665,6,6,-0.0031915360046483165,-0.0037748693379816498,-0.004358202671314983,Elastic Net
2023-06-23,2023-06-26,0.003903571167749233,0.002972129520016483,0.0009314416477327499,0.8333333333333333,6,6,0.003903571167749233,0.0034869045010825664,0.0030702378344159,Elastic Net
2023-06-26,2023-06-27,0.007450842903772858,0.009184440751819208,-0.0017335978480463499,1.0,6,6,0.007450842903772858,0.006950842903772857,0.006450842903772858,Elastic Net
2023-06-27,2023-06-28,0.0014161737810837996,-0.004334269879589041,0.00575044366067284,0.6666666666666666,6,6,0.0014161737810837996,0.0010828404477504663,0.0007495071144171329,Elastic Net
2023-06-28,2023-06-29,0.0019534119187878994,0.0026807096973261333,-0.0007272977785382331,0.8333333333333333,6,6,0.0019534119187878994,0.0015367452521212327,0.0011200785854545662,Elastic Net
2023-06-29,2023-06-30,0.0037908894649717334,0.005061970102416892,-0.001271080637445158,1.5,6,6,0.0037908894649717334,0.0030408894649717336,0.0022908894649717334,Elastic Net
2023-06-30,2023-07-03,0.002743133285066275,0.002362227046306225,0.0003809062387600499,1.3333333333333333,6,6,0.002743133285066275,0.0020764666183996083,0.0014097999517329416,Elastic Net
2023-07-03,2023-07-05,-0.004765502013752917,-0.005541902518687833,0.0007764005049349165,1.1666666666666665,6,6,-0.004765502013752917,-0.00534883534708625,-0.005932168680419583,Elastic Net
2023-07-05,2023-07-06,-0.00424994311678155,-0.007717503973676357,0.003467560856894808,1.0,6,6,-0.00424994311678155,-0.004749943116781549,-0.00524994311678155,Elastic Net
2023-07-06,2023-07-07,0.0012815935463198584,-0.001600580050558108,0.0028821735968779663,1.1666666666666665,6,6,0.0012815935463198584,0.0006982602129865251,0.00011492687965319187,Elastic Net
2023-07-07,2023-07-10,0.0028408635285920333,0.006498046764040783,-0.00365718323544875,1.0,6,6,0.0028408635285920333,0.0023408635285920333,0.0018408635285920333,Elastic Net
2023-07-10,2023-07-11,0.00205675714294945,0.0030130485934249584,-0.0009562914504755082,1.1666666666666665,6,6,0.00205675714294945,0.0014734238096161165,0.0008900904762827832,Elastic Net
2023-07-11,2023-07-12,0.0031747282881135577,0.005970886325186567,-0.0027961580370730087,1.1666666666666665,6,6,0.0031747282881135577,0.0025913949547802244,0.002008061621446891,Elastic Net
2023-07-12,2023-07-13,-0.0029137927153980335,-0.0015966838635289831,-0.0013171088518690501,1.3333333333333333,6,6,-0.0029137927153980335,-0.0035804593820647,-0.0042471260487313665,Elastic Net
2023-07-13,2023-07-14,0.00817512095212271,0.0017278546807005914,0.006447266271422117,1.3333333333333333,6,6,0.00817512095212271,0.007508454285456043,0.006841787618789377,Elastic Net
2023-07-14,2023-07-17,-0.0068343015004091925,-0.00039603272593790825,-0.006438268774471283,1.3333333333333333,6,6,-0.0068343015004091925,-0.0075009681670758594,-0.008167634833742526,Elastic Net
2023-07-17,2023-07-18,-0.011737745967056996,-8.538518271654998e-05,-0.011652360784340449,1.0,6,6,-0.011737745967056996,-0.012237745967056997,-0.012737745967056995,Elastic Net
2023-07-18,2023-07-19,-0.0010829248640075106,0.0012454030956052808,-0.0023283279596127914,1.3333333333333333,6,6,-0.0010829248640075106,-0.0017495915306741773,-0.002416258197340844,Elastic Net
2023-07-19,2023-07-20,-0.004486899738154133,-0.0038322649793577,-0.0006546347587964331,0.5,6,6,-0.004486899738154133,-0.0047368997381541334,-0.004986899738154133,Elastic Net
2023-07-20,2023-07-21,-7.06669482099834e-05,0.0036783505502975327,-0.003749017498507516,0.8333333333333333,6,6,-7.06669482099834e-05,-0.00048733361487665003,-0.0009040002815433167,Elastic Net
2023-07-21,2023-07-24,0.0037383138514312667,0.004330368480689525,-0.0005920546292582584,1.0,6,6,0.0037383138514312667,0.0032383138514312667,0.0027383138514312667,Elastic Net
2023-07-24,2023-07-25,0.0011449003722810835,5.23180089338918e-05,0.0010925823633471917,1.1666666666666665,6,6,0.0011449003722810835,0.0005615670389477502,-2.176629438558307e-05,Elastic Net
2023-07-25,2023-07-26,-0.00880572239794691,-0.0008060723845312251,-0.007999650013415684,1.0,6,6,-0.00880572239794691,-0.00930572239794691,-0.009805722397946911,Elastic Net
2023-07-26,2023-07-27,-0.00272191986335865,-0.0009177339967730501,-0.0018041858665856,0.8333333333333333,6,6,-0.00272191986335865,-0.0031385865300253167,-0.0035552531966919834,Elastic Net
2023-07-27,2023-07-28,-0.005392012092970575,0.0013817408064360417,-0.006773752899406618,1.0,6,6,-0.005392012092970575,-0.005892012092970574,-0.006392012092970575,Elastic Net
2023-07-28,2023-07-31,0.0061273381300537,0.0007508543471186418,0.005376483782935058,0.6666666666666666,6,6,0.0061273381300537,0.005794004796720367,0.005460671463387033,Elastic Net
2023-07-31,2023-08-01,-0.0005985917841659417,-0.003232925596994458,0.0026343338128285163,0.8333333333333333,6,6,-0.0005985917841659417,-0.0010152584508326084,-0.001431925117499275,Elastic Net
2023-08-01,2023-08-02,-0.0036556260933462417,-0.005573107542173391,0.0019174814488271495,1.0,6,6,-0.0036556260933462417,-0.004155626093346241,-0.004655626093346242,Elastic Net
2023-08-02,2023-08-03,0.0101171219673109,0.0012481966913203415,0.00886892527599056,0.6666666666666666,6,6,0.0101171219673109,0.009783788633977566,0.009450455300644233,Elastic Net
2023-08-03,2023-08-04,0.0047205199596885,-0.0009744718090409833,0.005694991768729483,1.0,6,6,0.0047205199596885,0.0042205199596884995,0.0037205199596885,Elastic Net
2023-08-04,2023-08-07,-0.000216570567441859,0.006229470143344791,-0.00644604071078665,1.0,6,6,-0.000216570567441859,-0.000716570567441859,-0.001216570567441859,Elastic Net
2023-08-07,2023-08-08,-0.007850214205512481,-0.004914961799352449,-0.0029352524061600333,1.0,6,6,-0.007850214205512481,-0.008350214205512482,-0.00885021420551248,Elastic Net
2023-08-08,2023-08-09,-0.0017476603416336917,-0.004177551021288474,0.002429890679654783,1.0,6,6,-0.0017476603416336917,-0.0022476603416336917,-0.0027476603416336917,Elastic Net
2023-08-09,2023-08-10,-0.004057361170754708,-0.0021225989824159835,-0.001934762188338725,0.8333333333333333,6,6,-0.004057361170754708,-0.004474027837421375,-0.004890694504088041,Elastic Net
2023-08-10,2023-08-11,-0.00013113568468381707,0.002748338396458275,-0.002879474081142092,0.8333333333333333,6,6,-0.00013113568468381707,-0.0005478023513504837,-0.0009644690180171504,Elastic Net
2023-08-11,2023-08-14,-0.004191737550713333,-0.003076074544186667,-0.0011156630065266666,0.8333333333333333,6,6,-0.004191737550713333,-0.004608404217379999,-0.005025070884046666,Elastic Net
2023-08-14,2023-08-15,-0.006981258281508749,-0.009240504572294058,0.002259246290785308,0.6666666666666666,6,6,-0.006981258281508749,-0.007314591614842082,-0.007647924948175416,Elastic Net
2023-08-15,2023-08-16,-0.004022140549232349,-0.006181106603131174,0.002158966053898825,1.0,6,6,-0.004022140549232349,-0.00452214054923235,-0.005022140549232349,Elastic Net
2023-08-16,2023-08-17,-0.002009396019225308,-0.0018462207477412667,-0.00016317527148404108,0.8333333333333333,6,6,-0.002009396019225308,-0.002426062685891975,-0.0028427293525586416,Elastic Net
2023-08-17,2023-08-18,-0.0008500433423682338,0.0009257771763669415,-0.0017758205187351746,1.0,6,6,-0.0008500433423682338,-0.0013500433423682338,-0.0018500433423682338,Elastic Net
2023-08-18,2023-08-21,0.004366455239989325,0.0011207667035113167,0.0032456885364780088,0.6666666666666666,6,6,0.004366455239989325,0.004033121906655992,0.0036997885733226587,Elastic Net
2023-08-21,2023-08-22,0.0009522797621007577,-0.001975136980493858,0.0029274167425946164,1.3333333333333333,6,6,0.0009522797621007577,0.00028561309543409107,-0.0003810535712325756,Elastic Net
2023-08-22,2023-08-23,0.006396976374299441,0.0054686036625474915,0.0009283727117519499,0.8333333333333333,6,6,0.006396976374299441,0.005980309707632774,0.005563643040966107,Elastic Net
2023-08-23,2023-08-24,0.005074571723613341,-0.003526619927873541,0.008601191651486885,1.1666666666666665,6,6,0.005074571723613341,0.004491238390280008,0.0039079050569466745,Elastic Net
2023-08-24,2023-08-25,-0.0058086023275488495,0.0025737970485117,-0.00838239937606055,1.0,6,6,-0.0058086023275488495,-0.006308602327548849,-0.0068086023275488496,Elastic Net
2023-08-25,2023-08-28,-0.0016992037473707996,0.0014655766099883082,-0.003164780357359108,0.6666666666666666,6,6,-0.0016992037473707996,-0.002032537080704133,-0.002365870414037466,Elastic Net
2023-08-28,2023-08-29,-0.0022479491808890324,0.0026959700286640917,-0.004943919209553125,0.8333333333333333,6,6,-0.0022479491808890324,-0.002664615847555699,-0.0030812825142223655,Elastic Net
2023-08-29,2023-08-30,-0.0005442063580936916,-5.623156096944159e-05,-0.00048797479712425003,1.1666666666666665,6,6,-0.0005442063580936916,-0.001127539691427025,-0.0017108730247603582,Elastic Net
2023-08-30,2023-08-31,-0.002973517321033983,-0.003956207218035341,0.0009826898970013583,1.3333333333333333,6,6,-0.002973517321033983,-0.0036401839877006495,-0.0043068506543673165,Elastic Net
2023-08-31,2023-09-01,-0.0010381320160926335,0.002607543853088008,-0.0036456758691806417,1.0,6,6,-0.0010381320160926335,-0.0015381320160926335,-0.0020381320160926335,Elastic Net
2023-09-01,2023-09-05,-0.0003579138538411037,-0.002276226067877875,0.0019183122140367709,0.8333333333333333,6,6,-0.0003579138538411037,-0.0007745805205077703,-0.0011912471871744369,Elastic Net
2023-09-05,2023-09-06,-0.00736049366474095,-0.0065207666586334255,-0.0008397270061075249,0.8333333333333333,6,6,-0.00736049366474095,-0.007777160331407617,-0.008193826998074282,Elastic Net
2023-09-06,2023-09-07,-0.0028978463589188997,-0.0038894493716963834,0.000991603012777484,1.0,6,6,-0.0028978463589188997,-0.0033978463589188997,-0.0038978463589188998,Elastic Net
2023-09-07,2023-09-08,-0.0009451035497279835,-0.00067729352507915,-0.0002678100246488333,0.6666666666666666,6,6,-0.0009451035497279835,-0.0012784368830613168,-0.0016117702163946502,Elastic Net
2023-09-08,2023-09-11,0.002690919275371499,0.003114252525712933,-0.0004233332503414337,1.1666666666666665,6,6,0.002690919275371499,0.0021075859420381657,0.0015242526087048324,Elastic Net
2023-09-11,2023-09-12,0.007975453802929088,-0.0020943573376654423,0.010069811140594532,1.5,6,6,0.007975453802929088,0.007225453802929088,0.006475453802929089,Elastic Net
2023-09-12,2023-09-13,0.00022494812165614996,0.001831150418367375,-0.0016062022967112248,1.5,6,6,0.00022494812165614996,-0.00052505187834385,-0.00127505187834385,Elastic Net
2023-09-13,2023-09-14,-0.006153369475620559,0.0033953165988661583,-0.009548686074486716,0.8333333333333333,6,6,-0.006153369475620559,-0.006570036142287226,-0.006986702808953893,Elastic Net
2023-09-14,2023-09-15,-0.0012393449527469246,-0.004316330936755666,0.003076985984008741,0.8333333333333333,6,6,-0.0012393449527469246,-0.0016560116194135914,-0.002072678286080258,Elastic Net
2023-09-15,2023-09-18,-0.004249862505861908,-0.0026090190104409916,-0.0016408434954209164,0.8333333333333333,6,6,-0.004249862505861908,-0.004666529172528575,-0.0050831958391952415,Elastic Net
2023-09-18,2023-09-19,-0.005485975082483217,-0.005299944615501892,-0.00018603046698132506,1.1666666666666665,6,6,-0.005485975082483217,-0.00606930841581655,-0.0066526417491498836,Elastic Net
2023-09-19,2023-09-20,-0.006767972605002667,-0.004542847946702942,-0.002225124658299725,1.5,6,6,-0.006767972605002667,-0.007517972605002666,-0.008267972605002666,Elastic Net
2023-09-20,2023-09-21,-0.00032904834507047466,-0.00476900814209529,0.004439959797024816,0.8333333333333333,6,6,-0.00032904834507047466,-0.0007457150117371413,-0.001162381678403808,Elastic Net
2023-09-21,2023-09-22,-0.004319804655307783,-0.004500723675803141,0.00018091902049535832,0.6666666666666666,6,6,-0.004319804655307783,-0.004653137988641116,-0.00498647132197445,Elastic Net
2023-09-22,2023-09-25,0.001611198822588725,0.0011740933782082585,0.0004371054443804665,0.8333333333333333,6,6,0.001611198822588725,0.0011945321559220586,0.0007778654892553918,Elastic Net
2023-09-25,2023-09-26,-0.005860185395289858,-0.008146331895109476,0.0022861464998196164,1.0,6,6,-0.005860185395289858,-0.006360185395289857,-0.006860185395289858,Elastic Net
2023-09-26,2023-09-27,0.004545449212016182,0.0026269901399763994,0.0019184590720397832,1.3333333333333333,6,6,0.004545449212016182,0.003878782545349516,0.0032121158786828493,Elastic Net
2023-09-27,2023-09-28,0.006442556746087108,0.005205435053349717,0.0012371216927373916,1.1666666666666665,6,6,0.006442556746087108,0.005859223412753775,0.005275890079420442,Elastic Net
2023-09-28,2023-09-29,-0.0034496333334091663,-0.0010418392241555502,-0.0024077941092536166,1.0,6,6,-0.0034496333334091663,-0.003949633333409166,-0.004449633333409166,Elastic Net
2023-09-29,2023-10-02,0.0010554571517111253,-0.00037980244059840796,0.0014352595923095334,0.6666666666666666,6,6,0.0010554571517111253,0.000722123818377792,0.00038879048504445867,Elastic Net
2023-10-02,2023-10-03,-0.0023061198145791504,-0.008475780670866807,0.0061696608562876575,0.6666666666666666,6,6,-0.0023061198145791504,-0.002639453147912484,-0.002972786481245817,Elastic Net
2023-10-03,2023-10-04,-0.0004947700577448,-0.001309962188833075,0.0008151921310882752,1.1666666666666665,6,6,-0.0004947700577448,-0.0010781033910781334,-0.0016614367244114667,Elastic Net
2023-10-04,2023-10-05,0.003611861830022091,0.0024645971074585,0.0011472647225635915,1.3333333333333333,6,6,0.003611861830022091,0.0029451951633554245,0.002278528496688758,Elastic Net
2023-10-05,2023-10-06,0.004242178635226291,0.006876263134396699,-0.002634084499170408,1.1666666666666665,6,6,0.004242178635226291,0.0036588453018929577,0.0030755119685596244,Elastic Net
2023-10-06,2023-10-09,0.00019142200371614993,0.0008366957445973082,-0.0006452737408811583,1.0,6,6,0.00019142200371614993,-0.0003085779962838501,-0.0008085779962838501,Elastic Net
2023-10-09,2023-10-10,0.00033839799724730784,0.0019561324671133165,-0.0016177344698660085,1.0,6,6,0.00033839799724730784,-0.00016160200275269217,-0.0006616020027526922,Elastic Net
2023-10-10,2023-10-11,-0.0021437567700065994,-0.002081860567029408,-6.189620297719162e-05,1.1666666666666665,6,6,-0.0021437567700065994,-0.0027270901033399327,-0.003310423436673266,Elastic Net
2023-10-11,2023-10-12,0.0023306574419962745,-0.00029312560853016667,0.0026237830505264413,1.1666666666666665,6,6,0.0023306574419962745,0.0017473241086629412,0.001163990775329608,Elastic Net
2023-10-12,2023-10-13,-0.008661112236285715,-0.004233037629869891,-0.004428074606415825,1.0,6,6,-0.008661112236285715,-0.009161112236285716,-0.009661112236285716,Elastic Net
2023-10-13,2023-10-16,0.003913519573919259,0.004931854034850483,-0.0010183344609312247,0.8333333333333333,6,6,0.003913519573919259,0.0034968529072525924,0.0030801862405859257,Elastic Net
2023-10-16,2023-10-17,0.002186161890566325,0.002773026908492166,-0.0005868650179258417,1.1666666666666665,6,6,0.002186161890566325,0.0016028285572329917,0.0010194952238996584,Elastic Net
2023-10-17,2023-10-18,0.0077956841618466175,-0.003720020674542175,0.011515704836388791,1.1666666666666665,6,6,0.0077956841618466175,0.007212350828513284,0.006629017495179951,Elastic Net
2023-10-18,2023-10-19,0.0029325422450566336,-0.0017005355199240081,0.0046330777649806415,1.1666666666666665,6,6,0.0029325422450566336,0.0023492089117233004,0.001765875578389967,Elastic Net
2023-10-19,2023-10-20,-0.007902401174823825,-0.010468981633706317,0.002566580458882492,1.0,6,6,-0.007902401174823825,-0.008402401174823826,-0.008902401174823826,Elastic Net
2023-10-20,2023-10-23,-0.0038621274233975,-0.004481021770781283,0.0006188943473837832,0.6666666666666666,6,6,-0.0038621274233975,-0.004195460756730833,-0.004528794090064167,Elastic Net
2023-10-23,2023-10-24,-0.00023450140215778366,0.002111109261985625,-0.0023456106641434084,1.0,6,6,-0.00023450140215778366,-0.0007345014021577837,-0.0012345014021577837,Elastic Net
2023-10-24,2023-10-25,-0.0032192343143539167,-0.003129473077184408,-8.976123716950842e-05,1.0,6,6,-0.0032192343143539167,-0.0037192343143539167,-0.004219234314353917,Elastic Net
2023-10-25,2023-10-26,-0.0021669206489474163,0.0017472542696612002,-0.0039141749186086166,1.1666666666666665,6,6,-0.0021669206489474163,-0.0027502539822807496,-0.003333587315614083,Elastic Net
2023-10-26,2023-10-27,-0.0039054365735263835,-0.008426453660543383,0.004521017087017,1.0,6,6,-0.0039054365735263835,-0.004405436573526383,-0.0049054365735263835,Elastic Net
2023-10-27,2023-10-30,0.0045577862972939745,0.00787256055162435,-0.0033147742543303744,1.0,6,6,0.0045577862972939745,0.004057786297293975,0.0035577862972939744,Elastic Net
2023-10-30,2023-10-31,0.007293476004932133,0.006187092480656325,0.0011063835242758088,1.3333333333333333,6,6,0.007293476004932133,0.006626809338265466,0.0059601426715988,Elastic Net
2023-10-31,2023-11-01,-0.0013392318254926247,0.0032725541936960167,-0.004611786019188642,0.5,6,6,-0.0013392318254926247,-0.0015892318254926248,-0.0018392318254926248,Elastic Net
2023-11-01,2023-11-02,-0.0016886025360197004,0.012812830896173941,-0.01450143343219364,1.5,6,6,-0.0016886025360197004,-0.0024386025360197006,-0.0031886025360197004,Elastic Net
2023-11-02,2023-11-03,-0.0006107060115765836,0.0027482179160440248,-0.0033589239276206077,1.5,6,6,-0.0006107060115765836,-0.0013607060115765836,-0.002110706011576584,Elastic Net
2023-11-03,2023-11-06,0.00018083414915296667,0.0005155877492178001,-0.00033475360006483335,0.5,6,6,0.00018083414915296667,-6.916585084703334e-05,-0.00031916585084703334,Elastic Net
2023-11-06,2023-11-07,0.0010764695768151833,0.001336017014239467,-0.00025954743742428343,0.8333333333333333,6,6,0.0010764695768151833,0.0006598029101485167,0.00024313624348185005,Elastic Net
2023-11-07,2023-11-08,-0.0013155080436238003,-0.0025380348886224996,0.0012225268449987,1.5,6,6,-0.0013155080436238003,-0.0020655080436238005,-0.0028155080436238003,Elastic Net
2023-11-08,2023-11-09,0.0054534125174318165,-3.906720774720827e-05,0.005492479725179024,1.1666666666666665,6,6,0.0054534125174318165,0.004870079184098483,0.00428674585076515,Elastic Net
2023-11-09,2023-11-10,-0.007630936081925043,0.002808871533198933,-0.010439807615123975,1.0,6,6,-0.007630936081925043,-0.008130936081925043,-0.008630936081925042,Elastic Net
2023-11-10,2023-11-13,0.005635122505941408,0.0026372078635203584,0.0029979146424210495,0.8333333333333333,6,6,0.005635122505941408,0.005218455839274741,0.004801789172608074,Elastic Net
2023-11-13,2023-11-14,0.005327098004817733,0.013124618923405173,-0.007797520918587441,1.3333333333333333,6,6,0.005327098004817733,0.004660431338151066,0.0039937646714844,Elastic Net
2023-11-14,2023-11-15,-0.006017813675013567,-0.0018846452476406748,-0.004133168427372892,1.1666666666666665,6,6,-0.006017813675013567,-0.0066011470083469,-0.007184480341680234,Elastic Net
2023-11-15,2023-11-16,0.01867660401640218,0.003357601843449967,0.015319002172952215,0.6666666666666666,6,6,0.01867660401640218,0.018343270683068846,0.018009937349735515,Elastic Net
2023-11-16,2023-11-17,0.0010851646248484083,0.0014967088347635246,-0.00041154420991511655,1.0,6,6,0.0010851646248484083,0.0005851646248484083,8.516462484840824e-05,Elastic Net
2023-11-17,2023-11-20,0.0015904236510269746,0.0049123966798728675,-0.003321973028845892,0.5,6,6,0.0015904236510269746,0.0013404236510269746,0.0010904236510269746,Elastic Net
2023-11-20,2023-11-21,0.0026693881654773995,-0.00012710286342643352,0.0027964910289038332,1.1666666666666665,6,6,0.0026693881654773995,0.0020860548321440663,0.001502721498810733,Elastic Net
2023-11-21,2023-11-22,-0.0020717274662585914,-5.7616438279233136e-05,-0.0020141110279793583,1.5,6,6,-0.0020717274662585914,-0.002821727466258591,-0.0035717274662585914,Elastic Net
2023-11-22,2023-11-24,-0.0008895886710498949,0.0009502781540464801,-0.0018398668250963748,1.5,6,6,-0.0008895886710498949,-0.0016395886710498949,-0.002389588671049895,Elastic Net
2023-11-24,2023-11-27,-0.000580593219918508,-0.0018712907872353167,0.0012906975673168085,0.8333333333333333,6,6,-0.000580593219918508,-0.0009972598865851745,-0.0014139265532518413,Elastic Net
2023-11-27,2023-11-28,0.00016091800416782463,-0.000854533161044425,0.00101545116521225,1.0,6,6,0.00016091800416782463,-0.0003390819958321754,-0.0008390819958321754,Elastic Net
2023-11-28,2023-11-29,0.0056574507448189,0.0038866010714430996,0.0017708496733758,0.8333333333333333,6,6,0.0056574507448189,0.005240784078152233,0.004824117411485566,Elastic Net
2023-11-29,2023-11-30,-0.0034425507247061505,0.002331509917752375,-0.005774060642458525,1.0,6,6,-0.0034425507247061505,-0.0039425507247061505,-0.004442550724706151,Elastic Net
2023-11-30,2023-12-01,0.002385919855915408,0.005457171263598541,-0.0030712514076831334,1.0,6,6,0.002385919855915408,0.0018859198559154078,0.0013859198559154078,Elastic Net
2023-12-01,2023-12-04,-0.006472032137855375,-0.004407197846137642,-0.002064834291717733,1.0,6,6,-0.006472032137855375,-0.006972032137855374,-0.007472032137855375,Elastic Net
2023-12-04,2023-12-05,-0.0006568015186274251,-0.0007528636068905919,9.606208826316658e-05,1.0,6,6,-0.0006568015186274251,-0.0011568015186274251,-0.0016568015186274251,Elastic Net
2023-12-05,2023-12-06,-0.00019749808280390886,-0.0036677921451405337,0.003470294062336625,0.8333333333333333,6,6,-0.00019749808280390886,-0.0006141647494705755,-0.0010308314161372421,Elastic Net
2023-12-06,2023-12-07,0.0057590515633020156,0.0053032782592763155,0.00045577330402569993,1.1666666666666665,6,6,0.0057590515633020156,0.005175718229968682,0.004592384896635349,Elastic Net
2023-12-07,2023-12-08,0.0032209383492885083,0.0057545219166027246,-0.0025335835673142163,0.8333333333333333,6,6,0.0032209383492885083,0.0028042716826218415,0.002387605015955175,Elastic Net
2023-12-08,2023-12-11,0.002939515674241682,0.00511215277530294,-0.002172637101061258,1.3333333333333333,6,6,0.002939515674241682,0.0022728490075750157,0.001606182340908349,Elastic Net
2023-12-11,2023-12-12,0.008945503547768682,-0.0005481237342033644,0.009493627281972047,1.3333333333333333,6,6,0.008945503547768682,0.008278836881102015,0.0076121702144353485,Elastic Net
2023-12-12,2023-12-13,0.002157783411760634,0.009713602845534058,-0.007555819433773424,1.0,6,6,0.002157783411760634,0.0016577834117606342,0.0011577834117606342,Elastic Net
2023-12-13,2023-12-14,0.0020798218986447744,0.009419133226093265,-0.0073393113274484905,1.1666666666666665,6,6,0.0020798218986447744,0.0014964885653114411,0.0009131552319781079,Elastic Net
2023-12-14,2023-12-15,0.005443227157173408,0.0039682183300633915,0.0014750088271100169,1.3333333333333333,6,6,0.005443227157173408,0.004776560490506741,0.004109893823840075,Elastic Net
2023-12-15,2023-12-18,0.0024747257027161835,0.0017128933305102833,0.0007618323722059,1.3333333333333333,6,6,0.0024747257027161835,0.001808059036049517,0.0011413923693828502,Elastic Net
2023-12-18,2023-12-19,-0.0021325088243307577,0.0016465204787830916,-0.0037790293031138497,1.6666666666666665,6,6,-0.0021325088243307577,-0.0029658421576640908,-0.0037991754909974243,Elastic Net
2023-12-19,2023-12-20,0.001500083650339351,-0.005394804224278383,0.006894887874617734,1.1666666666666665,6,6,0.001500083650339351,0.0009167503170060178,0.00033341698367268455,Elastic Net
2023-12-20,2023-12-21,-0.0015606028340005085,0.003372210002099316,-0.004932812836099825,0.6666666666666666,6,6,-0.0015606028340005085,-0.0018939361673338418,-0.0022272695006671753,Elastic Net
2023-12-21,2023-12-22,0.01062652957842614,0.0013664171162497915,0.00926011246217635,1.3333333333333333,6,6,0.01062652957842614,0.009959862911759473,0.009293196245092806,Elastic Net
2023-12-22,2023-12-26,-0.0017320858971738501,0.0033501141787353993,-0.00508220007590925,1.3333333333333333,6,6,-0.0017320858971738501,-0.002398752563840517,-0.0030654192305071834,Elastic Net
2023-12-26,2023-12-27,0.0011776056854596916,0.001617347548065525,-0.0004397418626058332,0.8333333333333333,6,6,0.0011776056854596916,0.0007609390187930249,0.0003442723521263583,Elastic Net
2023-12-27,2023-12-28,-0.003479923010573975,-0.0032336685985613327,-0.0002462544120126417,1.1666666666666665,6,6,-0.003479923010573975,-0.004063256343907308,-0.004646589677240642,Elastic Net
2023-12-28,2023-12-29,-0.0020497635406670663,-0.0014752463286105,-0.0005745172120565666,1.5,6,6,-0.0020497635406670663,-0.002799763540667066,-0.0035497635406670663,Elastic Net
2023-12-29,2024-01-02,-0.007494195804881816,-0.004689312763263825,-0.0028048830416179914,1.0,6,6,-0.007494195804881816,-0.007994195804881817,-0.008494195804881817,Elastic Net
2024-01-02,2024-01-03,-0.0072347350252922665,-0.007123444401311383,-0.00011129062398088313,1.3333333333333333,6,6,-0.0072347350252922665,-0.007901401691958933,-0.0085680683586256,Elastic Net
2024-01-03,2024-01-04,-0.004855933496228383,-0.0036786720117390832,-0.0011772614844893,0.5,6,6,-0.004855933496228383,-0.005105933496228383,-0.005355933496228383,Elastic Net
2024-01-04,2024-01-05,0.003567671283548133,0.0017391260296148333,0.0018285452539333,0.6666666666666666,6,6,0.003567671283548133,0.0032343379502147995,0.0029010046168814665,Elastic Net
2024-01-05,2024-01-08,-0.003426046662986869,0.000949144895177991,-0.004375191558164859,0.6666666666666666,6,6,-0.003426046662986869,-0.0037593799963202023,-0.004092713329653536,Elastic Net
2024-01-08,2024-01-09,-0.0011051735340170247,-0.004003704036352325,0.0028985305023353,0.8333333333333333,6,6,-0.0011051735340170247,-0.0015218402006836915,-0.001938506867350358,Elastic Net
2024-01-09,2024-01-10,-0.0027549057676878414,-0.0009983957122714749,-0.0017565100554163666,0.16666666666666666,6,6,-0.0027549057676878414,-0.0028382391010211747,-0.002921572434354508,Elastic Net
2024-01-10,2024-01-11,0.0026868875894091085,0.000560218236152108,0.002126669353257,0.5,6,6,0.0026868875894091085,0.0024368875894091088,0.0021868875894091085,Elastic Net
2024-01-11,2024-01-12,-0.0005543381216164497,0.0004030756781196667,-0.0009574137997361166,0.6666666666666666,6,6,-0.0005543381216164497,-0.000887671454949783,-0.0012210047882831162,Elastic Net
2024-01-12,2024-01-16,-0.0014552453067258918,-0.00453127724115095,0.0030760319344250585,0.16666666666666666,6,6,-0.0014552453067258918,-0.001538578640059225,-0.0016219119733925586,Elastic Net
2024-01-16,2024-01-17,-0.0008290589821644252,-0.0038397159368941582,0.0030106569547297336,0.8333333333333333,6,6,-0.0008290589821644252,-0.0012457256488310918,-0.0016623923154977585,Elastic Net
2024-01-17,2024-01-18,0.004311843037367732,0.003294945197062783,0.0010168978403049499,0.3333333333333333,6,6,0.004311843037367732,0.004145176370701066,0.003978509704034399,Elastic Net
2024-01-18,2024-01-19,0.0022632977411062584,0.007191502690420841,-0.004928204949314583,0.8333333333333333,6,6,0.0022632977411062584,0.0018466310744395917,0.0014299644077729252,Elastic Net
2024-01-19,2024-01-22,5.81841943832252e-05,0.0004927721500861751,-0.0004345879557029499,0.6666666666666666,6,6,5.81841943832252e-05,-0.0002751491389501081,-0.0006084824722834414,Elastic Net
2024-01-22,2024-01-23,-0.0029966256363474753,0.001699816235376442,-0.004696441871723916,0.6666666666666666,6,6,-0.0029966256363474753,-0.003329958969680809,-0.003663292303014142,Elastic Net
2024-01-23,2024-01-24,0.005326791304693358,-0.0004918179536440001,0.005818609258337357,0.6666666666666666,6,6,0.005326791304693358,0.004993457971360025,0.004660124638026691,Elastic Net
2024-01-24,2024-01-25,-0.010453743079974338,-0.002157128133401864,-0.008296614946572474,0.5,6,6,-0.010453743079974338,-0.010703743079974338,-0.010953743079974338,Elastic Net
2024-01-25,2024-01-26,0.004759067826677608,0.0033156734752817084,0.0014433943513958998,1.0,6,6,0.004759067826677608,0.004259067826677608,0.003759067826677608,Elastic Net
2024-01-26,2024-01-29,-0.000727444545244183,0.0007398889394050166,-0.0014673334846491998,0.8333333333333333,6,6,-0.000727444545244183,-0.0011441112119108497,-0.0015607778785775162,Elastic Net
2024-01-29,2024-01-30,-0.0016463561542899082,-0.0002908136308598082,-0.0013555425234301,0.5,6,6,-0.0016463561542899082,-0.0018963561542899082,-0.0021463561542899084,Elastic Net
2024-01-30,2024-01-31,0.0027642540488003894,-0.002845394576623701,0.005609648625424091,0.6666666666666666,6,6,0.0027642540488003894,0.002430920715467056,0.002097587382133723,Elastic Net
2024-01-31,2024-02-01,-0.0017336277660065839,0.0038126343624357334,-0.005546262128442317,0.6666666666666666,6,6,-0.0017336277660065839,-0.0020669610993399173,-0.0024002944326732504,Elastic Net
2024-02-01,2024-02-02,-0.0011714926688606911,-0.002971118564665691,0.001799625895805,0.3333333333333333,6,6,-0.0011714926688606911,-0.0013381593355273579,-0.0015048260021940244,Elastic Net
2024-02-02,2024-02-05,-0.0007645442151437662,-0.002453459064036508,0.0016889148488927418,0.6666666666666666,6,6,-0.0007645442151437662,-0.0010978775484770996,-0.0014312108818104329,Elastic Net
2024-02-05,2024-02-06,0.0055357085605987994,0.0052800251072892415,0.00025568345330955844,0.3333333333333333,6,6,0.0055357085605987994,0.005369041893932133,0.005202375227265466,Elastic Net
2024-02-06,2024-02-07,0.007377042738967297,0.0030445209115665664,0.004332521827400732,0.6666666666666666,6,6,0.007377042738967297,0.007043709405633964,0.00671037607230063,Elastic Net
2024-02-07,2024-02-08,-0.0036588396963170328,-0.0023513535678568666,-0.0013074861284601666,0.6666666666666666,6,6,-0.0036588396963170328,-0.003992173029650366,-0.004325506362983699,Elastic Net
2024-02-08,2024-02-09,0.006410773157685359,0.0016078752798848414,0.004802897877800516,0.3333333333333333,6,6,0.006410773157685359,0.006244106491018693,0.006077439824352026,Elastic Net
2024-02-09,2024-02-12,0.0017297567306833585,0.004255948544547708,-0.0025261918138643497,0.3333333333333333,6,6,0.0017297567306833585,0.0015630900640166917,0.0013964233973500252,Elastic Net
2024-02-12,2024-02-13,-0.0021962187377595824,-0.00972392400658825,0.007527705268828667,0.5,6,6,-0.0021962187377595824,-0.0024462187377595826,-0.0026962187377595824,Elastic Net
2024-02-13,2024-02-14,0.0033058846088009916,0.0039628096115552165,-0.0006569250027542248,0.3333333333333333,6,6,0.0033058846088009916,0.003139217942134325,0.002972551275467658,Elastic Net
2024-02-14,2024-02-15,-0.0010200865735202078,0.0011008580603005334,-0.002120944633820741,0.5,6,6,-0.0010200865735202078,-0.0012700865735202078,-0.0015200865735202078,Elastic Net
2024-02-15,2024-02-16,-0.0030141617974009747,-0.004247691675920515,0.0012335298785195415,0.16666666666666666,6,6,-0.0030141617974009747,-0.003097495130734308,-0.003180828464067641,Elastic Net
2024-02-16,2024-02-20,-0.0046889106575877405,0.0006381424892951168,-0.005327053146882858,0.3333333333333333,6,6,-0.0046889106575877405,-0.004855577324254407,-0.0050222439909210735,Elastic Net
2024-02-20,2024-02-21,-0.0023844702814665416,-0.0009875485821122165,-0.001396921699354325,0.3333333333333333,6,6,-0.0023844702814665416,-0.002551136948133208,-0.002717803614799875,Elastic Net
2024-02-21,2024-02-22,-0.002631373248713774,0.0015742161445220833,-0.004205589393235859,0.3333333333333333,6,6,-0.002631373248713774,-0.0027980399153804407,-0.0029647065820471077,Elastic Net
2024-02-22,2024-02-23,0.0002278289835044082,0.001982406544829175,-0.0017545775613247666,0.5,6,6,0.0002278289835044082,-2.2171016495591814e-05,-0.0002721710164955918,Elastic Net
2024-02-23,2024-02-26,-0.0016160290146111003,-0.0023104040596481253,0.0006943750450370248,0.3333333333333333,6,6,-0.0016160290146111003,-0.001782695681277767,-0.0019493623479444335,Elastic Net
2024-02-26,2024-02-27,-0.000426955095513375,-6.853325960049991e-06,-0.00042010176955332485,0.8333333333333333,6,6,-0.000426955095513375,-0.0008436217621800416,-0.0012602884288467082,Elastic Net
2024-02-27,2024-02-28,0.00045017628529269186,0.001321575079642192,-0.0008713987943494998,0.5,6,6,0.00045017628529269186,0.00020017628529269186,-4.982371470730815e-05,Elastic Net
2024-02-28,2024-02-29,0.003206035954688441,5.83342861074131e-06,0.0032002025260776997,0.8333333333333333,6,6,0.003206035954688441,0.0027893692880217743,0.002372702621355108,Elastic Net
2024-02-29,2024-03-01,0.0033240249248527006,0.0028946333140172096,0.00042939161083549167,1.0,6,6,0.0033240249248527006,0.0028240249248527006,0.0023240249248527006,Elastic Net
2024-03-01,2024-03-04,0.01162917505178465,0.00624169564535175,0.005387479406432899,0.8333333333333333,6,6,0.01162917505178465,0.011212508385117984,0.010795841718451316,Elastic Net
2024-03-04,2024-03-05,-0.00806976257309605,-0.0096134620801975,0.0015436995071014497,1.1666666666666665,6,6,-0.00806976257309605,-0.008653095906429382,-0.009236429239762716,Elastic Net
2024-03-05,2024-03-06,0.004279621384052191,0.0022512252371977995,0.0020283961468543915,0.6666666666666666,6,6,0.004279621384052191,0.003946288050718858,0.0036129547173855245,Elastic Net
2024-03-06,2024-03-07,0.005383437175070891,0.006090847505649241,-0.00070741033057835,0.8333333333333333,6,6,0.005383437175070891,0.004966770508404225,0.004550103841737558,Elastic Net
2024-03-07,2024-03-08,-0.0014495726684131934,-0.004343431837093542,0.0028938591686803496,1.0,6,6,-0.0014495726684131934,-0.0019495726684131934,-0.0024495726684131934,Elastic Net
2024-03-08,2024-03-11,1.892179063717062e-06,0.0023022802969896,-0.002300388117925883,0.8333333333333333,6,6,1.892179063717062e-06,-0.0004147744876029496,-0.0008314411542696162,Elastic Net
2024-03-11,2024-03-12,-0.01334926607224574,-0.00219062028931575,-0.01115864578292999,0.8333333333333333,6,6,-0.01334926607224574,-0.013765932738912405,-0.014182599405579073,Elastic Net
2024-03-12,2024-03-13,-0.0015259076982988419,-0.00338379356071695,0.0018578858624181084,0.3333333333333333,6,6,-0.0015259076982988419,-0.0016925743649655086,-0.0018592410316321752,Elastic Net
2024-03-13,2024-03-14,-0.0016648243682623085,-0.005500934500740075,0.003836110132477766,0.8333333333333333,6,6,-0.0016648243682623085,-0.002081491034928975,-0.002498157701595642,Elastic Net
2024-03-14,2024-03-15,-0.0010838576603042248,-0.0022929112313220083,0.0012090535710177835,0.6666666666666666,6,6,-0.0010838576603042248,-0.0014171909936375581,-0.0017505243269708916,Elastic Net
2024-03-15,2024-03-18,-0.006266876905693482,-0.0011234546423924412,-0.005143422263301041,0.8333333333333333,6,6,-0.006266876905693482,-0.006683543572360149,-0.007100210239026816,Elastic Net
2024-03-18,2024-03-19,-0.004160968356177967,-0.0024304688814883162,-0.00173049947468965,0.8333333333333333,6,6,-0.004160968356177967,-0.004577635022844633,-0.0049943016895113,Elastic Net
2024-03-19,2024-03-20,0.0028136640900772165,0.00605839195790095,-0.0032447278678237328,0.5,6,6,0.0028136640900772165,0.0025636640900772167,0.0023136640900772165,Elastic Net
2024-03-20,2024-03-21,-0.002708961390558859,0.0014031514298609334,-0.004112112820419791,0.6666666666666666,6,6,-0.002708961390558859,-0.0030422947238921924,-0.0033756280572255254,Elastic Net
2024-03-21,2024-03-22,0.008717433827634423,-0.0007521730222899501,0.009469606849924374,1.1666666666666665,6,6,0.008717433827634423,0.00813410049430109,0.007550767160967756,Elastic Net
2024-03-22,2024-03-25,-0.0009099460068481373,-0.0030683004288930915,0.0021583544220449545,0.8333333333333333,6,6,-0.0009099460068481373,-0.0013266126735148038,-0.0017432793401814706,Elastic Net
2024-03-25,2024-03-26,-0.0024716029975871833,-0.0013495892499170168,-0.0011220137476701667,0.5,6,6,-0.0024716029975871833,-0.002721602997587183,-0.0029716029975871833,Elastic Net
2024-03-26,2024-03-27,0.0003273985409736821,0.009141199275783225,-0.00881380073480954,0.3333333333333333,6,6,0.0003273985409736821,0.00016073187430701543,-5.934792359651227e-06,Elastic Net
2024-03-27,2024-03-28,0.0020241316363934832,0.0018632595698069914,0.0001608720665864918,0.5,6,6,0.0020241316363934832,0.0017741316363934832,0.0015241316363934832,Elastic Net
2024-03-28,2024-04-01,0.004640176710567375,-0.0007923938710004829,0.005432570581567858,0.5,6,6,0.004640176710567375,0.004390176710567375,0.004140176710567375,Elastic Net
2024-04-01,2024-04-02,-0.002162220576785679,-0.004984686512286134,0.0028224659355004537,0.3333333333333333,6,6,-0.002162220576785679,-0.0023288872434523455,-0.0024955539101190125,Elastic Net
2024-04-02,2024-04-03,-0.0019284082343945749,-0.005813630599761883,0.0038852223653673083,0.5,6,6,-0.0019284082343945749,-0.0021784082343945747,-0.002428408234394575,Elastic Net
2024-04-03,2024-04-04,-0.0026001031385556412,-0.0077043689773311835,0.005104265838775541,0.8333333333333333,6,6,-0.0026001031385556412,-0.003016769805222308,-0.0034334364718889747,Elastic Net
2024-04-04,2024-04-05,-0.0032666182957199245,3.1016088669800305e-05,-0.0032976343843897247,0.6666666666666666,6,6,-0.0032666182957199245,-0.003599951629053258,-0.003933284962386591,Elastic Net
2024-04-05,2024-04-08,-0.0009015046548809669,-0.0018977131412614666,0.0009962084863805,0.6666666666666666,6,6,-0.0009015046548809669,-0.0012348379882143002,-0.0015681713215476335,Elastic Net
2024-04-08,2024-04-09,0.0005193919715918497,0.0008715139225013083,-0.00035212195090945843,0.5,6,6,0.0005193919715918497,0.00026939197159184974,1.939197159184973e-05,Elastic Net
2024-04-09,2024-04-10,-0.004624166482149984,-0.010596898996320216,0.005972732514170233,0.8333333333333333,6,6,-0.004624166482149984,-0.005040833148816651,-0.005457499815483317,Elastic Net
2024-04-10,2024-04-11,0.00876275362551171,0.006205961488651925,0.0025567921368597835,0.8333333333333333,6,6,0.00876275362551171,0.008346086958845044,0.007929420292178377,Elastic Net
2024-04-11,2024-04-12,-0.004611587427098425,-0.011861905843851432,0.0072503184167530075,0.6666666666666666,6,6,-0.004611587427098425,-0.004944920760431758,-0.005278254093765092,Elastic Net
2024-04-12,2024-04-15,0.0016411681389102671,-0.00027079640264133327,0.0019119645415516002,0.6666666666666666,6,6,0.0016411681389102671,0.0013078348055769338,0.0009745014722436005,Elastic Net
2024-04-15,2024-04-16,0.009765878214005541,0.0023272684063738334,0.007438609807631708,0.8333333333333333,6,6,0.009765878214005541,0.009349211547338875,0.008932544880672208,Elastic Net
2024-04-16,2024-04-17,-0.006155944447102891,-0.004150772401646175,-0.0020051720454567165,0.5,6,6,-0.006155944447102891,-0.006405944447102891,-0.006655944447102892,Elastic Net
2024-04-17,2024-04-18,-0.00516280577166875,-0.0027529539555869167,-0.0024098518160818334,0.8333333333333333,6,6,-0.00516280577166875,-0.005579472438335417,-0.005996139105002084,Elastic Net
2024-04-18,2024-04-19,-0.006878165898434034,-0.0026850751924448915,-0.004193090705989142,0.8333333333333333,6,6,-0.006878165898434034,-0.007294832565100701,-0.007711499231767368,Elastic Net
2024-04-19,2024-04-22,-0.005662072658052775,-0.0012174506090949168,-0.004444622048957858,0.6666666666666666,6,6,-0.005662072658052775,-0.005995405991386108,-0.006328739324719442,Elastic Net
2024-04-22,2024-04-23,0.002181740888705716,0.0004480845666343914,0.0017336563220713246,0.6666666666666666,6,6,0.002181740888705716,0.0018484075553723827,0.0015150742220390494,Elastic Net
2024-04-23,2024-04-24,-0.0037539684733822413,0.0024766204495138746,-0.006230588922896117,0.5,6,6,-0.0037539684733822413,-0.0040039684733822415,-0.004253968473382242,Elastic Net
2024-04-24,2024-04-25,0.0057550019726013,-0.0017182286586345328,0.007473230631235832,0.0,6,6,0.0057550019726013,0.0057550019726013,0.0057550019726013,Elastic Net
2024-04-25,2024-04-26,-0.0066216824851055575,-0.004182558541899516,-0.002439123943206041,0.6666666666666666,6,6,-0.0066216824851055575,-0.006955015818438891,-0.0072883491517722245,Elastic Net
2024-04-26,2024-04-29,-0.000635042144897233,-0.00015179047680622488,-0.00048325166809100816,0.6666666666666666,6,6,-0.000635042144897233,-0.0009683754782305663,-0.0013017088115638998,Elastic Net
2024-04-29,2024-04-30,-0.0019287521144862895,-0.008615439938585375,0.0066866878240990826,0.5,6,6,-0.0019287521144862895,-0.0021787521144862893,-0.0024287521144862895,Elastic Net
2024-04-30,2024-05-01,-0.0037844585476387157,-0.0015245284406777916,-0.0022599301069609248,0.8333333333333333,6,6,-0.0037844585476387157,-0.0042011252143053825,-0.004617791880972049,Elastic Net
2024-05-01,2024-05-02,0.004309576948399876,0.006883147446761692,-0.002573570498361816,0.5,6,6,0.004309576948399876,0.004059576948399876,0.003809576948399876,Elastic Net
2024-05-02,2024-05-03,0.0026812751551799335,0.0027583531322608913,-7.707797708095837e-05,0.5,6,6,0.0026812751551799335,0.0024312751551799332,0.0021812751551799335,Elastic Net
2024-05-03,2024-05-06,0.005390394707908717,0.004134444066000908,0.001255950641907808,0.5,6,6,0.005390394707908717,0.005140394707908716,0.004890394707908717,Elastic Net
2024-05-06,2024-05-07,-0.0033429523885369072,0.0003423640031628332,-0.003685316391699741,0.3333333333333333,6,6,-0.0033429523885369072,-0.0035096190552035738,-0.0036762857218702407,Elastic Net
2024-05-07,2024-05-08,0.0021752715744469166,0.002277474188279783,-0.00010220261383286668,0.6666666666666666,6,6,0.0021752715744469166,0.0018419382411135833,0.00150860490778025,Elastic Net
2024-05-08,2024-05-09,-0.002975983307806621,0.0003120556902592613,-0.003288038998065883,1.1666666666666665,6,6,-0.002975983307806621,-0.0035593166411399544,-0.004142649974473288,Elastic Net
2024-05-09,2024-05-10,-0.0038355200891061077,-0.002428380947279517,-0.0014071391418265917,0.6666666666666666,6,6,-0.0038355200891061077,-0.004168853422439441,-0.004502186755772774,Elastic Net
2024-05-10,2024-05-13,0.004925423480746883,0.004054152841232658,0.0008712706395142249,0.8333333333333333,6,6,0.004925423480746883,0.0045087568140802165,0.00409209014741355,Elastic Net
2024-05-13,2024-05-14,0.007863740609392184,0.006730853244945733,0.00113288736444645,0.6666666666666666,6,6,0.007863740609392184,0.0075304072760588505,0.007197073942725517,Elastic Net
2024-05-14,2024-05-15,-0.0010570781927191164,0.0030670676646688995,-0.004124145857388016,0.6666666666666666,6,6,-0.0010570781927191164,-0.0013904115260524497,-0.0017237448593857832,Elastic Net
2024-05-15,2024-05-16,0.004241803791635683,0.005542981803542376,-0.0013011780119066916,1.0,6,6,0.004241803791635683,0.003741803791635683,0.003241803791635683,Elastic Net
2024-05-16,2024-05-17,0.001836489115194958,0.0014943425361730496,0.00034214657902190837,0.8333333333333333,6,6,0.001836489115194958,0.0014198224485282912,0.0010031557818616246,Elastic Net
2024-05-17,2024-05-20,0.011135425146294614,0.0038768184548344077,0.0072586066914602084,0.8333333333333333,6,6,0.011135425146294614,0.010718758479627949,0.010302091812961281,Elastic Net
2024-05-20,2024-05-21,-0.005698643512941483,-0.0004901949094367917,-0.005208448603504692,0.8333333333333333,6,6,-0.005698643512941483,-0.00611531017960815,-0.006531976846274817,Elastic Net
2024-05-21,2024-05-22,0.0034751494788739746,0.0007827886705757505,0.0026923608082982248,0.6666666666666666,6,6,0.0034751494788739746,0.003141816145540641,0.002808482812207308,Elastic Net
2024-05-22,2024-05-23,-0.00525947853809839,-0.013450480523715422,0.008191001985617032,0.6666666666666666,6,6,-0.00525947853809839,-0.005592811871431723,-0.005926145204765057,Elastic Net
2024-05-23,2024-05-24,0.0025797663802213165,0.0028427942810549996,-0.0002630279008336833,0.8333333333333333,6,6,0.0025797663802213165,0.0021630997135546498,0.0017464330468879832,Elastic Net
2024-05-24,2024-05-28,0.005102083462059622,-0.003549289895116612,0.008651373357176233,0.6666666666666666,6,6,0.005102083462059622,0.004768750128726289,0.004435416795392955,Elastic Net
2024-05-28,2024-05-29,-0.005740115156915759,-0.00976865708241086,0.0040285419254951,0.6666666666666666,6,6,-0.005740115156915759,-0.006073448490249092,-0.006406781823582426,Elastic Net
2024-05-29,2024-05-30,-0.0021925957781187,-0.0023869993987516254,0.00019440362063292505,0.5,6,6,-0.0021925957781187,-0.0024425957781187,-0.0026925957781187,Elastic Net
2024-05-30,2024-05-31,-0.00012144626452813279,0.008003585861761342,-0.008125032126289474,0.5,6,6,-0.00012144626452813279,-0.0003714462645281328,-0.0006214462645281328,Elastic Net
2024-05-31,2024-06-03,0.0031527177894231165,0.0036423280800075334,-0.0004896102905844169,0.6666666666666666,6,6,0.0031527177894231165,0.002819384456089783,0.00248605112275645,Elastic Net
2024-06-03,2024-06-04,-0.003968104036826341,-0.0011887430036941415,-0.0027793610331322,1.0,6,6,-0.003968104036826341,-0.004468104036826341,-0.004968104036826341,Elastic Net
2024-06-04,2024-06-05,0.01279387144001454,0.008263589890868424,0.004530281549146116,0.6666666666666666,6,6,0.01279387144001454,0.012460538106681207,0.012127204773347874,Elastic Net
2024-06-05,2024-06-06,-0.0026393752388673168,-0.00013925775068937508,-0.0025001174881779413,0.6666666666666666,6,6,-0.0026393752388673168,-0.0029727085722006503,-0.0033060419055339833,Elastic Net
2024-06-06,2024-06-07,-0.0019447220760158927,-0.001663385929195859,-0.00028133614682003343,1.0,6,6,-0.0019447220760158927,-0.0024447220760158927,-0.0029447220760158927,Elastic Net
2024-06-07,2024-06-10,0.0038006299970837665,0.0036928178739103995,0.00010781212317336657,0.8333333333333333,6,6,0.0038006299970837665,0.0033839633304170997,0.0029672966637504334,Elastic Net
2024-06-10,2024-06-11,-0.007979177441349133,-0.0027488276830479165,-0.0052303497583012165,0.5,6,6,-0.007979177441349133,-0.008229177441349133,-0.008479177441349134,Elastic Net
2024-06-11,2024-06-12,-0.003169562862905217,-0.0018553471941515501,-0.0013142156687536665,0.6666666666666666,6,6,-0.003169562862905217,-0.0035028961962385503,-0.0038362295295718833,Elastic Net
2024-06-12,2024-06-13,-0.0033902442805651333,-0.0026501480773424,-0.0007400962032227332,0.5,6,6,-0.0033902442805651333,-0.0036402442805651336,-0.0038902442805651334,Elastic Net
2024-06-13,2024-06-14,-0.003643087543284008,-0.0030313502065219995,-0.0006117373367620081,0.8333333333333333,6,6,-0.003643087543284008,-0.0040597542099506745,-0.004476420876617341,Elastic Net
2024-06-14,2024-06-17,0.0060585912564234574,0.007522427487762742,-0.001463836231339283,0.8333333333333333,6,6,0.0060585912564234574,0.005641924589756791,0.005225257923090124,Elastic Net
2024-06-17,2024-06-18,-0.005211006722568817,-0.0014076787210540584,-0.0038033280015147587,0.8333333333333333,6,6,-0.005211006722568817,-0.005627673389235484,-0.006044340055902151,Elastic Net
2024-06-18,2024-06-20,0.0021086532462104915,0.00018338529645350017,0.0019252679497569914,0.6666666666666666,6,6,0.0021086532462104915,0.0017753199128771582,0.001441986579543825,Elastic Net
2024-06-20,2024-06-21,-0.00397986834967561,-0.0013809303349788915,-0.002598938014696717,0.8333333333333333,6,6,-0.00397986834967561,-0.0043965350163422765,-0.004813201683008943,Elastic Net
2024-06-21,2024-06-24,-0.010201050300514816,-0.0025881675492426333,-0.007612882751272182,0.6666666666666666,6,6,-0.010201050300514816,-0.010534383633848149,-0.010867716967181482,Elastic Net
2024-06-24,2024-06-25,0.0002866527220449995,-0.0016907138566937833,0.001977366578738783,0.8333333333333333,6,6,0.0002866527220449995,-0.00013001394462166713,-0.0005466806112883338,Elastic Net
2024-06-25,2024-06-26,-0.006505716070550217,-0.005046719095987242,-0.0014589969745629748,0.8333333333333333,6,6,-0.006505716070550217,-0.006922382737216883,-0.00733904940388355,Elastic Net
2024-06-26,2024-06-27,0.0023510399008309078,0.0004961606066706662,0.0018548792941602416,0.6666666666666666,6,6,0.0023510399008309078,0.0020177065674975743,0.0016843732341642412,Elastic Net
2024-06-27,2024-06-28,0.02428820078152151,0.005007931494845142,0.019280269286676373,0.8333333333333333,6,6,0.02428820078152151,0.023871534114854844,0.02345486744818818,Elastic Net
2024-06-28,2024-07-01,0.004323042700654433,0.003599343428579441,0.0007236992720749914,0.5,6,6,0.004323042700654433,0.004073042700654433,0.003823042700654433,Elastic Net
2024-07-01,2024-07-02,-0.002923071390758133,-0.0012865809463373664,-0.0016364904444207662,0.5,6,6,-0.002923071390758133,-0.003173071390758133,-0.003423071390758133,Elastic Net
2024-07-02,2024-07-03,0.0006140060525144913,0.0016231330965673163,-0.001009127044052825,0.6666666666666666,6,6,0.0006140060525144913,0.00028067271918115797,-5.266061415217535e-05,Elastic Net
2024-07-03,2024-07-05,0.003394765507452483,0.0048530416027448165,-0.0014582760952923336,0.5,6,6,0.003394765507452483,0.0031447655074524827,0.002894765507452483,Elastic Net
2024-07-05,2024-07-08,0.0006983865394610087,-0.0013931912805423081,0.002091577820003317,0.8333333333333333,6,6,0.0006983865394610087,0.00028171987279434205,-0.0001349467938723246,Elastic Net
2024-07-08,2024-07-09,-0.0040775021767968,-0.003594472025890567,-0.0004830301509062332,0.8333333333333333,6,6,-0.0040775021767968,-0.004494168843463466,-0.004910835510130133,Elastic Net
2024-07-09,2024-07-10,-0.0006874065356794667,0.003952094500975883,-0.00463950103665535,0.6666666666666666,6,6,-0.0006874065356794667,-0.0010207398690128,-0.0013540732023461332,Elastic Net
2024-07-10,2024-07-11,0.002898284059721559,0.0002107701229211085,0.00268751393680045,0.8333333333333333,6,6,0.002898284059721559,0.0024816173930548922,0.002064950726388226,Elastic Net
2024-07-11,2024-07-12,0.005591288136349917,0.0061332924724032244,-0.0005420043360533082,0.8333333333333333,6,6,0.005591288136349917,0.0051746214696832505,0.004757954803016584,Elastic Net
2024-07-12,2024-07-15,-0.007762775824982341,-1.3715536802891715e-05,-0.007749060288179449,0.8333333333333333,6,6,-0.007762775824982341,-0.008179442491649007,-0.008596109158315674,Elastic Net
2024-07-15,2024-07-16,-0.004884643387622117,0.005762895884765916,-0.010647539272388033,0.6666666666666666,6,6,-0.004884643387622117,-0.00521797672095545,-0.005551310054288784,Elastic Net
2024-07-16,2024-07-17,-0.01638993394811539,-0.010014960527037108,-0.006374973421078283,0.3333333333333333,6,6,-0.01638993394811539,-0.016556600614782056,-0.016723267281448725,Elastic Net
2024-07-17,2024-07-18,0.0013742206866812678,-0.005241281479324716,0.006615502166005984,0.6666666666666666,6,6,0.0013742206866812678,0.0010408873533479346,0.0007075540200146012,Elastic Net
2024-07-18,2024-07-19,0.002262527496229917,-0.0023942012629985503,0.004656728759228466,0.5,6,6,0.002262527496229917,0.0020125274962299166,0.0017625274962299168,Elastic Net
2024-07-19,2024-07-22,0.006592639542840166,0.006062059939740041,0.0005305796031001247,0.8333333333333333,6,6,0.006592639542840166,0.006175972876173499,0.0057593062095068325,Elastic Net
2024-07-22,2024-07-23,0.004930722651862567,0.001043660303386917,0.0038870623484756495,0.8333333333333333,6,6,0.004930722651862567,0.0045140559851959,0.004097389318529233,Elastic Net
2024-07-23,2024-07-24,-0.017712931086592817,-0.015451029769666407,-0.0022619013169264124,0.8333333333333333,6,6,-0.017712931086592817,-0.018129597753259483,-0.01854626441992615,Elastic Net
2024-07-24,2024-07-25,-0.0019026192242228923,-0.00047463325368176724,-0.001427985970541125,1.3333333333333333,6,6,-0.0019026192242228923,-0.002569285890889559,-0.0032359525575562254,Elastic Net
2024-07-25,2024-07-26,0.0037442555748108917,0.007588597689043699,-0.0038443421142328083,0.5,6,6,0.0037442555748108917,0.0034942555748108915,0.0032442555748108917,Elastic Net
2024-07-26,2024-07-29,0.0007332129140107914,-0.0017927911855297914,0.002526004099540583,0.5,6,6,0.0007332129140107914,0.00048321291401079143,0.00023321291401079143,Elastic Net
2024-07-29,2024-07-30,0.0007184164801948596,-0.007211711532822391,0.00793012801301725,0.8333333333333333,6,6,0.0007184164801948596,0.00030174981352819297,-0.00011491685313847367,Elastic Net
2024-07-30,2024-07-31,0.018868515461907914,0.013073377944351641,0.005795137517556274,0.5,6,6,0.018868515461907914,0.018618515461907913,0.018368515461907913,Elastic Net
2024-07-31,2024-08-01,-0.020438483802640708,-0.021659398945064506,0.0012209151424238001,0.8333333333333333,6,6,-0.020438483802640708,-0.020855150469307374,-0.02127181713597404,Elastic Net
2024-08-01,2024-08-02,-0.023951679351508427,-0.029302934860590667,0.005351255509082241,0.6666666666666666,6,6,-0.023951679351508427,-0.02428501268484176,-0.024618346018175093,Elastic Net
2024-08-02,2024-08-05,-0.002827073819479935,-0.01554707567459289,0.012720001855112958,1.0,6,6,-0.002827073819479935,-0.003327073819479935,-0.003827073819479935,Elastic Net
2024-08-05,2024-08-06,-0.002209681557977725,-0.00158285052282775,-0.000626831035149975,0.8333333333333333,6,6,-0.002209681557977725,-0.0026263482246443918,-0.003043014891311058,Elastic Net
2024-08-06,2024-08-07,-0.0016015176426015087,-0.007266453395669092,0.005664935753067583,1.0,6,6,-0.0016015176426015087,-0.0021015176426015087,-0.0026015176426015087,Elastic Net
2024-08-07,2024-08-08,0.011785107894756274,0.02089905953302314,-0.009113951638266867,0.8333333333333333,6,6,0.011785107894756274,0.011368441228089608,0.01095177456142294,Elastic Net
2024-08-08,2024-08-09,-0.0007515418690845583,-0.0005648294955524751,-0.0001867123735320834,0.6666666666666666,6,6,-0.0007515418690845583,-0.0010848752024178916,-0.0014182085357512249,Elastic Net
2024-08-09,2024-08-12,-0.002406909654797,-0.003958952076166242,0.0015520424213692416,0.8333333333333333,6,6,-0.002406909654797,-0.002823576321463667,-0.0032402429881303336,Elastic Net
2024-08-12,2024-08-13,0.017379156333311406,0.01703211547787469,0.0003470408554367165,0.8333333333333333,6,6,0.017379156333311406,0.01696248966664474,0.016545822999978074,Elastic Net
2024-08-13,2024-08-14,-0.003342546761229033,-0.00046798162806237437,-0.002874565133166658,0.8333333333333333,6,6,-0.003342546761229033,-0.0037592134278956997,-0.0041758800945623665,Elastic Net
2024-08-14,2024-08-15,0.004160678623383117,0.017953008001439983,-0.013792329378056868,0.8333333333333333,6,6,0.004160678623383117,0.00374401195671645,0.0033273452900497835,Elastic Net
2024-08-15,2024-08-16,-0.0001997704650278752,0.0031892443394060245,-0.0033890148044339007,0.5,6,6,-0.0001997704650278752,-0.0004497704650278752,-0.0006997704650278752,Elastic Net
2024-08-16,2024-08-19,0.0010108717737961415,0.00423361733319625,-0.003222745559400108,0.6666666666666666,6,6,0.0010108717737961415,0.0006775384404628083,0.0003442051071294749,Elastic Net
2024-08-19,2024-08-20,-0.004870551148526241,-0.005273552145777416,0.00040300099725117545,0.8333333333333333,6,6,-0.004870551148526241,-0.005287217815192907,-0.005703884481859574,Elastic Net
2024-08-20,2024-08-21,0.0024573480822415667,0.0040185261316312915,-0.0015611780493897248,0.5,6,6,0.0024573480822415667,0.0022073480822415665,0.0019573480822415667,Elastic Net
2024-08-21,2024-08-22,-0.00651752134042425,-0.009942271176305474,0.003424749835881225,1.0,6,6,-0.00651752134042425,-0.00701752134042425,-0.00751752134042425,Elastic Net
2024-08-22,2024-08-23,0.004127939914931759,0.009218227545106573,-0.005090287630174817,1.1666666666666665,6,6,0.004127939914931759,0.0035446065815984253,0.002961273248265092,Elastic Net
2024-08-23,2024-08-26,-0.004626812399474174,-0.0037432304027235994,-0.000883581996750575,0.6666666666666666,6,6,-0.004626812399474174,-0.004960145732807507,-0.005293479066140841,Elastic Net
2024-08-26,2024-08-27,0.002776622500191133,0.0018018887799581002,0.0009747337202330333,0.8333333333333333,6,6,0.002776622500191133,0.0023599558335244664,0.0019432891668577999,Elastic Net
2024-08-27,2024-08-28,-0.004293509785773099,-0.004356263564776292,6.275377900319175e-05,1.0,6,6,-0.004293509785773099,-0.004793509785773099,-0.005293509785773099,Elastic Net
2024-08-28,2024-08-29,-1.9794246749425207e-05,0.002917731739130791,-0.0029375259858802167,1.1666666666666665,6,6,-1.9794246749425207e-05,-0.0006031275800827585,-0.0011864609134160918,Elastic Net
2024-08-29,2024-08-30,0.010456968652422884,0.014190518967160115,-0.003733550314737233,0.8333333333333333,6,6,0.010456968652422884,0.010040301985756218,0.00962363531908955,Elastic Net
2024-08-30,2024-09-03,-0.024233724800005206,-0.023168031120021616,-0.001065693679983592,0.5,6,6,-0.024233724800005206,-0.024483724800005206,-0.024733724800005207,Elastic Net
2024-09-03,2024-09-04,-0.006529715937495942,-0.0038530740513487826,-0.0026766418861471583,0.6666666666666666,6,6,-0.006529715937495942,-0.006863049270829275,-0.007196382604162609,Elastic Net
2024-09-04,2024-09-05,0.0002747401780294916,-0.003630648157298075,0.003905388335327566,1.0,6,6,0.0002747401780294916,-0.00022525982197050843,-0.0007252598219705084,Elastic Net
2024-09-05,2024-09-06,-0.006491018709458092,-0.011341786826292766,0.004850768116834675,0.6666666666666666,6,6,-0.006491018709458092,-0.0068243520427914255,-0.007157685376124759,Elastic Net
2024-09-06,2024-09-09,0.003462651063439058,0.006607858422553749,-0.0031452073591146917,0.6666666666666666,6,6,0.003462651063439058,0.0031293177301057245,0.0027959843967723915,Elastic Net
2024-09-09,2024-09-10,-0.00737407895652384,-0.004386555352274682,-0.0029875236042491587,0.8333333333333333,6,6,-0.00737407895652384,-0.007790745623190507,-0.008207412289857174,Elastic Net
2024-09-10,2024-09-11,0.006194554442501583,0.0080349760748445,-0.0018404216323429168,0.3333333333333333,6,6,0.006194554442501583,0.006027887775834916,0.00586122110916825,Elastic Net
2024-09-11,2024-09-12,-0.0019707244056368666,6.005541817450397e-06,-0.001976729947454317,0.6666666666666666,6,6,-0.0019707244056368666,-0.0023040577389702,-0.002637391072303533,Elastic Net
2024-09-12,2024-09-13,-0.0031454383809957414,0.0019354536032506083,-0.00508089198424635,0.6666666666666666,6,6,-0.0031454383809957414,-0.003478771714329075,-0.003812105047662408,Elastic Net
2024-09-13,2024-09-16,0.0005867046682598229,0.008014956787076182,-0.0074282521188163576,1.0,6,6,0.0005867046682598229,8.670466825982286e-05,-0.00041329533174017715,Elastic Net
2024-09-16,2024-09-17,0.010842140903117999,0.0076239196821531584,0.0032182212209648413,1.0,6,6,0.010842140903117999,0.010342140903117998,0.009842140903118,Elastic Net
2024-09-17,2024-09-18,-0.003080887353024808,-0.0031619183798821744,8.103102685736661e-05,0.5,6,6,-0.003080887353024808,-0.0033308873530248084,-0.003580887353024808,Elastic Net
2024-09-18,2024-09-19,0.002646075277266165,0.007450317973126224,-0.004804242695860058,0.8333333333333333,6,6,0.002646075277266165,0.002229408610599498,0.0018127419439328315,Elastic Net
2024-09-19,2024-09-20,0.0024357546127466902,0.003841651703292207,-0.0014058970905455165,0.8333333333333333,6,6,0.0024357546127466902,0.0020190879460800235,0.001602421279413357,Elastic Net
2024-09-20,2024-09-23,0.0019133028233271417,0.0007496208451559334,0.001163681978171208,1.0,6,6,0.0019133028233271417,0.0014133028233271417,0.0009133028233271417,Elastic Net
2024-09-23,2024-09-24,0.0013437339036715666,4.895579206195839e-05,0.0012947781116096082,1.0,6,6,0.0013437339036715666,0.0008437339036715666,0.00034373390367156654,Elastic Net
2024-09-24,2024-09-25,0.006165863264790076,-0.000350423500563067,0.006516286765353142,1.0,6,6,0.006165863264790076,0.005665863264790075,0.005165863264790076,Elastic Net
2024-09-25,2024-09-26,0.008585996525299417,0.01103281975478299,-0.002446823229483575,0.8333333333333333,6,6,0.008585996525299417,0.008169329858632751,0.007752663191966084,Elastic Net
2024-09-26,2024-09-27,-0.002091838122947865,-0.001355460700315558,-0.0007363774226323066,1.0,6,6,-0.002091838122947865,-0.002591838122947865,-0.003091838122947865,Elastic Net
2024-09-27,2024-09-30,-0.0016321338900651583,-0.0006647630708539917,-0.0009673708192111666,1.0,6,6,-0.0016321338900651583,-0.0021321338900651583,-0.0026321338900651583,Elastic Net
2024-09-30,2024-10-01,-0.009112798715924325,-0.00894263145009115,-0.00017016726583317496,0.8333333333333333,6,6,-0.009112798715924325,-0.009529465382590991,-0.009946132049257659,Elastic Net
2024-10-01,2024-10-02,0.003974661309567425,-0.0015968553499021748,0.005571516659469599,1.0,6,6,0.003974661309567425,0.0034746613095674246,0.0029746613095674246,Elastic Net
2024-10-02,2024-10-03,-0.0008115656642952915,-0.003350432157580816,0.002538866493285525,0.6666666666666666,6,6,-0.0008115656642952915,-0.0011448989976286248,-0.0014782323309619583,Elastic Net
2024-10-03,2024-10-04,0.00864108721800314,0.010512325462233024,-0.0018712382442298832,0.5,6,6,0.00864108721800314,0.00839108721800314,0.00814108721800314,Elastic Net
2024-10-04,2024-10-07,0.0004116701329552337,-0.00144715743565395,0.0018588275686091834,0.3333333333333333,6,6,0.0004116701329552337,0.00024500346628856704,7.833679962190035e-05,Elastic Net
2024-10-07,2024-10-08,0.0017348072030961752,0.005925622779753408,-0.004190815576657233,0.6666666666666666,6,6,0.0017348072030961752,0.001401473869762842,0.0010681405364295084,Elastic Net
2024-10-08,2024-10-09,-0.0038792395113819585,0.0021633242667916416,-0.006042563778173599,0.5,6,6,-0.0038792395113819585,-0.004129239511381958,-0.0043792395113819585,Elastic Net
2024-10-09,2024-10-10,0.0013494344338581669,-0.00268867821245665,0.004038112646314817,0.6666666666666666,6,6,0.0013494344338581669,0.0010161011005248336,0.0006827677671915002,Elastic Net
2024-10-10,2024-10-11,0.004338857779993133,0.006733307931234509,-0.0023944501512413747,0.3333333333333333,6,6,0.004338857779993133,0.004172191113326467,0.0040055244466598,Elastic Net
2024-10-11,2024-10-14,0.0012886016797111755,0.004331925838357742,-0.0030433241586465664,1.3333333333333333,6,6,0.0012886016797111755,0.0006219350130445088,-4.473165362215781e-05,Elastic Net
2024-10-14,2024-10-15,-0.005982553078026432,-0.009449157340464299,0.0034666042624378673,0.6666666666666666,6,6,-0.005982553078026432,-0.006315886411359765,-0.006649219744693099,Elastic Net
2024-10-15,2024-10-16,-0.006673221487114415,0.00020133909414044157,-0.0068745605812548585,0.6666666666666666,6,6,-0.006673221487114415,-0.007006554820447748,-0.007339888153781082,Elastic Net
2024-10-16,2024-10-17,-0.00014224477213350007,-0.0005008402566632332,0.00035859548452973325,0.8333333333333333,6,6,-0.00014224477213350007,-0.0005589114388001667,-0.0009755781054668333,Elastic Net
2024-10-17,2024-10-18,-0.0031929688264013,-0.00011080465656890031,-0.0030821641698324,0.6666666666666666,6,6,-0.0031929688264013,-0.0035263021597346333,-0.0038596354930679664,Elastic Net
2024-10-18,2024-10-21,0.003084758884301475,-0.001108145680975233,0.004192904565276708,0.6666666666666666,6,6,0.003084758884301475,0.0027514255509681414,0.0024180922176348083,Elastic Net
2024-10-21,2024-10-22,0.0027197983388906415,0.0019815037228905668,0.000738294616000075,0.8333333333333333,6,6,0.0027197983388906415,0.0023031316722239748,0.0018864650055573082,Elastic Net
2024-10-22,2024-10-23,-0.002577049675511441,-0.008429394363293291,0.0058523446877818495,0.8333333333333333,6,6,-0.002577049675511441,-0.002993716342178108,-0.003410383008844774,Elastic Net
2024-10-23,2024-10-24,0.009147153583532758,0.002670879827617683,0.006476273755915076,0.8333333333333333,6,6,0.009147153583532758,0.008730486916866093,0.008313820250199425,Elastic Net
2024-10-24,2024-10-25,0.006999347940956499,-9.494630332366897e-06,0.007008842571288866,0.3333333333333333,6,6,0.006999347940956499,0.006832681274289832,0.006666014607623166,Elastic Net
2024-10-25,2024-10-28,0.002939228973253692,0.003055255442810567,-0.00011602646955687508,0.5,6,6,0.002939228973253692,0.002689228973253692,0.002439228973253692,Elastic Net
2024-10-28,2024-10-29,0.009038230070464733,0.003482247827241225,0.005555982243223508,1.0,6,6,0.009038230070464733,0.008538230070464732,0.008038230070464732,Elastic Net
2024-10-29,2024-10-30,-0.007978641102528784,-0.008889065275665558,0.0009104241731367747,0.8333333333333333,6,6,-0.007978641102528784,-0.00839530776919545,-0.008811974435862117,Elastic Net
2024-10-30,2024-10-31,0.0028606790858753564,-0.007524309263278933,0.01038498834915429,1.0,6,6,0.0028606790858753564,0.0023606790858753564,0.0018606790858753564,Elastic Net
2024-10-31,2024-11-01,0.011049317563299351,0.010548869006453857,0.0005004485568454917,0.5,6,6,0.011049317563299351,0.01079931756329935,0.01054931756329935,Elastic Net
2024-11-01,2024-11-04,-0.0078584100867642,-0.003546100322776558,-0.004312309763987641,1.0,6,6,-0.0078584100867642,-0.0083584100867642,-0.0088584100867642,Elastic Net
2024-11-04,2024-11-05,-0.0014671429869291242,0.001987336025400267,-0.0034544790123293913,0.6666666666666666,6,6,-0.0014671429869291242,-0.0018004763202624575,-0.0021338096535957907,Elastic Net
2024-11-05,2024-11-06,0.020187208092550438,0.016794741220619698,0.0033924668719307414,0.6666666666666666,6,6,0.020187208092550438,0.019853874759217103,0.01952054142588377,Elastic Net
2024-11-06,2024-11-07,0.005880048476007508,0.0077453110746726235,-0.001865262598665116,1.0,6,6,0.005880048476007508,0.005380048476007508,0.004880048476007508,Elastic Net
2024-11-07,2024-11-08,0.0005680325975160165,0.003432206418604633,-0.0028641738210886166,1.0,6,6,0.0005680325975160165,6.803259751601647e-05,-0.00043196740248398354,Elastic Net
2024-11-08,2024-11-11,0.0019378396188115925,-0.0004681940981632825,0.0024060337169748754,0.8333333333333333,6,6,0.0019378396188115925,0.0015211729521449257,0.0011045062854782592,Elastic Net
2024-11-11,2024-11-12,0.0008381502465237998,-0.008152749278106391,0.00899089952463019,1.0,6,6,0.0008381502465237998,0.0003381502465237998,-0.0001618497534762002,Elastic Net
2024-11-12,2024-11-13,-0.007794208349605252,-0.003901660431930091,-0.0038925479176751578,0.6666666666666666,6,6,-0.007794208349605252,-0.008127541682938586,-0.00846087501627192,Elastic Net
2024-11-13,2024-11-14,0.001899700647625233,-0.0014742581491036413,0.0033739587967288745,0.8333333333333333,6,6,0.001899700647625233,0.0014830339809585665,0.0010663673142918997,Elastic Net
2024-11-14,2024-11-15,-0.0017360181693325994,-0.0037098891624205246,0.0019738709930879252,0.8333333333333333,6,6,-0.0017360181693325994,-0.002152684835999266,-0.0025693515026659324,Elastic Net
2024-11-15,2024-11-18,0.0063382651263754666,0.007392780444702833,-0.0010545153183273666,0.5,6,6,0.0063382651263754666,0.006088265126375466,0.005838265126375466,Elastic Net
2024-11-18,2024-11-19,-0.003168847424713869,-0.002920252364674825,-0.00024859506003904356,0.6666666666666666,6,6,-0.003168847424713869,-0.0035021807580472024,-0.0038355140913805355,Elastic Net
2024-11-19,2024-11-20,-0.010181947247332533,-0.006464094407312942,-0.003717852840019591,0.5,6,6,-0.010181947247332533,-0.010431947247332533,-0.010681947247332534,Elastic Net
2024-11-20,2024-11-21,-0.0008263305969245167,0.0063215032676054,-0.0071478338645299165,1.0,6,6,-0.0008263305969245167,-0.0013263305969245167,-0.0018263305969245167,Elastic Net
2024-11-21,2024-11-22,0.004714903729314242,0.006914574506383291,-0.0021996707770690497,0.8333333333333333,6,6,0.004714903729314242,0.004298237062647575,0.0038815703959809086,Elastic Net
2024-11-22,2024-11-25,0.0021436024647380008,0.006113354296952023,-0.003969751832214025,0.8333333333333333,6,6,0.0021436024647380008,0.001726935798071334,0.0013102691314046675,Elastic Net
2024-11-25,2024-11-26,-0.007770320201719633,-0.004290545648163949,-0.0034797745535556828,0.3333333333333333,6,6,-0.007770320201719633,-0.0079369868683863,-0.008103653535052966,Elastic Net
2024-11-26,2024-11-27,-0.0007304497994258498,-0.0005854961563459749,-0.0001449536430798749,1.0,6,6,-0.0007304497994258498,-0.00123044979942585,-0.00173044979942585,Elastic Net
2024-11-27,2024-11-29,0.004521521272363216,0.00584145141105415,-0.0013199301386909333,0.5,6,6,0.004521521272363216,0.004271521272363216,0.0040215212723632154,Elastic Net
2024-11-29,2024-12-02,-0.003413726556057364,-0.004396122064267975,0.0009823955082106115,1.0,6,6,-0.003413726556057364,-0.003913726556057364,-0.004413726556057364,Elastic Net
2024-12-02,2024-12-03,-0.005020840445374042,-0.003043609238116441,-0.0019772312072576003,1.1666666666666665,6,6,-0.005020840445374042,-0.005604173778707375,-0.006187507112040708,Elastic Net
2024-12-03,2024-12-04,0.0020318986527732,-0.0002557681731635499,0.0022876668259367502,0.6666666666666666,6,6,0.0020318986527732,0.0016985653194398667,0.0013652319861065334,Elastic Net
2024-12-04,2024-12-05,-0.010031380983984583,-0.006852968890020341,-0.003178412093964241,0.8333333333333333,6,6,-0.010031380983984583,-0.010448047650651248,-0.010864714317317916,Elastic Net
2024-12-05,2024-12-06,0.002353501127398907,-0.00116734648179645,0.0035208476091953575,1.1666666666666665,6,6,0.002353501127398907,0.0017701677940655737,0.0011868344607322404,Elastic Net
2024-12-06,2024-12-09,-0.006043638451976784,-0.0029751732494737084,-0.003068465202503075,1.1666666666666665,6,6,-0.006043638451976784,-0.006626971785310117,-0.00721030511864345,Elastic Net
2024-12-09,2024-12-10,-0.00023118981061738368,-0.006829621952102642,0.006598432141485259,0.8333333333333333,6,6,-0.00023118981061738368,-0.0006478564772840503,-0.001064523143950717,Elastic Net
2024-12-10,2024-12-11,0.00513640563033665,0.001593779050925125,0.003542626579411525,1.0,6,6,0.00513640563033665,0.004636405630336651,0.00413640563033665,Elastic Net
2024-12-11,2024-12-12,-0.0025541886371521286,-0.0005577197832482292,-0.0019964688539039002,0.6666666666666666,6,6,-0.0025541886371521286,-0.002887521970485462,-0.003220855303818795,Elastic Net
2024-12-12,2024-12-13,-0.0018747102335064493,-0.0039901801605518004,0.00211546992704535,0.8333333333333333,6,6,-0.0018747102335064493,-0.002291376900173116,-0.002708043566839783,Elastic Net
2024-12-13,2024-12-16,0.001774089922765441,0.00044269229577747473,0.0013313976269879663,1.1666666666666665,6,6,0.001774089922765441,0.0011907565894321078,0.0006074232560987745,Elastic Net
2024-12-16,2024-12-17,-0.007758522379202782,-0.005677033938862742,-0.0020814884403400416,1.1666666666666665,6,6,-0.007758522379202782,-0.008341855712536116,-0.008925189045869449,Elastic Net
2024-12-17,2024-12-18,-0.005627398672192882,-0.015370363815879515,0.009742965143686633,1.1666666666666665,6,6,-0.005627398672192882,-0.006210732005526215,-0.006794065338859548,Elastic Net
2024-12-18,2024-12-19,0.003372248179925733,0.0021159803681591,0.0012562678117666332,1.0,6,6,0.003372248179925733,0.002872248179925733,0.002372248179925733,Elastic Net
2024-12-19,2024-12-20,0.00470587785448105,0.0085611551581956,-0.00385527730371455,1.0,6,6,0.00470587785448105,0.00420587785448105,0.00370587785448105,Elastic Net
2024-12-20,2024-12-23,0.006949130560249258,0.005989217863818192,0.0009599126964310667,0.6666666666666666,6,6,0.006949130560249258,0.006615797226915925,0.006282463893582591,Elastic Net
2024-12-23,2024-12-24,-0.00029458770063347487,0.00562159837852205,-0.005916186079155525,0.6666666666666666,6,6,-0.00029458770063347487,-0.0006279210339668081,-0.0009612543673001415,Elastic Net
2024-12-24,2024-12-26,-0.0011038723295761586,7.02749743198667e-05,-0.001174147303896025,0.5,6,6,-0.0011038723295761586,-0.0013538723295761586,-0.0016038723295761586,Elastic Net
2024-12-26,2024-12-27,-0.00124509066507635,-0.004511222886833658,0.0032661322217573084,0.6666666666666666,6,6,-0.00124509066507635,-0.0015784239984096833,-0.0019117573317430168,Elastic Net
2024-12-27,2024-12-30,-0.00022902323421080122,-0.005770028964801841,0.0055410057305910415,1.0,6,6,-0.00022902323421080122,-0.0007290232342108012,-0.0012290232342108012,Elastic Net
2024-12-30,2024-12-31,-0.0005442181655869082,0.00030429556139037505,-0.0008485137269772832,0.8333333333333333,6,6,-0.0005442181655869082,-0.0009608848322535748,-0.0013775514989202414,Elastic Net
2024-12-31,2025-01-02,0.004329500136075525,-0.00015573181564843333,0.004485231951723958,0.6666666666666666,6,6,0.004329500136075525,0.003996166802742192,0.0036628334694088585,Elastic Net
2025-01-02,2025-01-03,0.0033728410380000585,0.005539263536271575,-0.002166422498271517,1.0,6,6,0.0033728410380000585,0.0028728410380000585,0.0023728410380000585,Elastic Net
2025-01-03,2025-01-06,-0.0005993732173184751,-0.0014621304995114,0.0008627572821929249,0.8333333333333333,6,6,-0.0005993732173184751,-0.0010160398839851419,-0.0014327065506518084,Elastic Net
2025-01-06,2025-01-07,0.002272962011239459,0.00333976319612305,-0.0010668011848835915,1.3333333333333333,6,6,0.002272962011239459,0.0016062953445727924,0.0009396286779061256,Elastic Net
2025-01-07,2025-01-08,-0.0009003388256771754,-0.00013268960572867503,-0.0007676492199485001,1.0,6,6,-0.0009003388256771754,-0.0014003388256771754,-0.0019003388256771754,Elastic Net
2025-01-08,2025-01-10,-0.001563137543840317,-0.007487290777797566,0.005924153233957249,0.8333333333333333,6,6,-0.001563137543840317,-0.0019798042105069837,-0.00239647087717365,Elastic Net
2025-01-10,2025-01-13,0.0030189068714914836,0.005656388911205825,-0.002637482039714341,0.8333333333333333,6,6,0.0030189068714914836,0.002602240204824817,0.0021855735381581505,Elastic Net
2025-01-13,2025-01-14,-0.005491763558662533,-0.0019919790623158583,-0.003499784496346675,1.0,6,6,-0.005491763558662533,-0.0059917635586625335,-0.006491763558662533,Elastic Net
2025-01-14,2025-01-15,-0.014947171303850471,0.005107903709005024,-0.020055075012855493,1.1666666666666665,6,6,-0.014947171303850471,-0.015530504637183805,-0.016113837970517138,Elastic Net
2025-01-15,2025-01-16,-0.005863495182866783,-0.004377428213418974,-0.0014860669694478084,0.6666666666666666,6,6,-0.005863495182866783,-0.006196828516200116,-0.00653016184953345,Elastic Net
2025-01-16,2025-01-17,0.005962565868076409,0.010848611978765257,-0.004886046110688849,1.0,6,6,0.005962565868076409,0.0054625658680764085,0.004962565868076409,Elastic Net
2025-01-17,2025-01-21,0.011920351114917677,0.009724185925567291,0.0021961651893503825,1.5,6,6,0.011920351114917677,0.011170351114917676,0.010420351114917677,Elastic Net
2025-01-21,2025-01-22,-0.008173979842575316,-0.00012041500585137518,-0.008053564836723941,1.1666666666666665,6,6,-0.008173979842575316,-0.00875731317590865,-0.009340646509241983,Elastic Net
2025-01-22,2025-01-23,0.0016933117296769665,0.005154436392530925,-0.0034611246628539582,0.6666666666666666,6,6,0.0016933117296769665,0.0013599783963436332,0.0010266450630102997,Elastic Net
2025-01-23,2025-01-24,0.0032638777773133006,-0.0031959617379798497,0.00645983951529315,1.0,6,6,0.0032638777773133006,0.0027638777773133006,0.0022638777773133006,Elastic Net
2025-01-24,2025-01-27,-0.002135536109620276,0.005126902669150308,-0.007262438778770584,0.5,6,6,-0.002135536109620276,-0.002385536109620276,-0.002635536109620276,Elastic Net
2025-01-27,2025-01-28,-0.006816635177489874,-0.0018407331564972084,-0.004975902020992667,1.1666666666666665,6,6,-0.006816635177489874,-0.007399968510823207,-0.007983301844156541,Elastic Net
2025-01-28,2025-01-29,0.00037372445976604184,0.0005043713188219998,-0.00013064685905595798,0.8333333333333333,6,6,0.00037372445976604184,-4.29422069006248e-05,-0.00045960887356729144,Elastic Net
2025-01-29,2025-01-30,-0.0031837290086194764,0.009045680878963432,-0.012229409887582908,0.8333333333333333,6,6,-0.0031837290086194764,-0.003600395675286143,-0.00401706234195281,Elastic Net
2025-01-30,2025-01-31,0.0008178798934372167,-0.0012720328810274083,0.0020899127744646246,0.6666666666666666,6,6,0.0008178798934372167,0.00048454656010388334,0.00015121322677055001,Elastic Net
2025-01-31,2025-02-03,-0.0005716229606406839,-0.0031019665221980837,0.0025303435615574,1.0,6,6,-0.0005716229606406839,-0.001071622960640684,-0.001571622960640684,Elastic Net
2025-02-03,2025-02-04,0.006263434816419468,0.0002670234837889751,0.005996411332630492,0.8333333333333333,6,6,0.006263434816419468,0.005846768149752801,0.005430101483086134,Elastic Net
2025-02-04,2025-02-05,0.002338904695699725,0.006178209943989458,-0.0038393052482897333,0.8333333333333333,6,6,0.002338904695699725,0.0019222380290330582,0.0015055713623663917,Elastic Net
2025-02-05,2025-02-06,0.0121049115218614,0.003002185642591775,0.009102725879269625,0.6666666666666666,6,6,0.0121049115218614,0.011771578188528068,0.011438244855194735,Elastic Net
2025-02-06,2025-02-07,0.0011830713102775829,-0.0046703639500864915,0.0058534352603640755,1.0,6,6,0.0011830713102775829,0.0006830713102775829,0.00018307131027758285,Elastic Net
2025-02-07,2025-02-10,0.0004038280677031987,0.0059071944268638404,-0.005503366359160641,0.8333333333333333,6,6,0.0004038280677031987,-1.283859896346795e-05,-0.0004295052656301346,Elastic Net
2025-02-10,2025-02-11,0.0003107277752000593,0.006192368518351559,-0.005881640743151499,1.1666666666666665,6,6,0.0003107277752000593,-0.00027260555813327396,-0.0008559388914666072,Elastic Net
2025-02-11,2025-02-12,-0.007415510955336358,-0.006125930267174767,-0.0012895806881615918,1.0,6,6,-0.007415510955336358,-0.007915510955336357,-0.008415510955336358,Elastic Net
2025-02-12,2025-02-13,-0.0011567336555085577,0.004031237285211541,-0.005187970940720099,1.5,6,6,-0.0011567336555085577,-0.0019067336555085577,-0.0026567336555085577,Elastic Net
2025-02-13,2025-02-14,0.00031938089421069136,-0.0005234378265162334,0.0008428187207269249,1.1666666666666665,6,6,0.00031938089421069136,-0.0002639524391226419,-0.0008472857724559752,Elastic Net
2025-02-14,2025-02-18,0.008882225826658974,0.011174087067034932,-0.0022918612403759584,0.6666666666666666,6,6,0.008882225826658974,0.008548892493325641,0.008215559159992308,Elastic Net
2025-02-18,2025-02-19,0.002089468458112358,0.0009254322941901661,0.0011640361639221916,1.1666666666666665,6,6,0.002089468458112358,0.0015061351247790248,0.0009228017914456915,Elastic Net
2025-02-19,2025-02-20,0.0022958712990262076,-0.00335309703292815,0.005648968331954358,1.0,6,6,0.0022958712990262076,0.0017958712990262075,0.0012958712990262075,Elastic Net
2025-02-20,2025-02-21,-0.004124828796391649,-0.013445833891725557,0.009321005095333908,1.0,6,6,-0.004124828796391649,-0.00462482879639165,-0.005124828796391649,Elastic Net
2025-02-21,2025-02-24,0.009723263742390482,0.006792535460042983,0.0029307282823475,0.8333333333333333,6,6,0.009723263742390482,0.009306597075723816,0.008889930409057148,Elastic Net
2025-02-24,2025-02-25,-0.014099724546352766,-0.009648113750820565,-0.0044516107955322,1.0,6,6,-0.014099724546352766,-0.014599724546352767,-0.015099724546352767,Elastic Net
2025-02-25,2025-02-26,0.002953678394539701,-0.0016564291536626163,0.0046101075482023164,0.6666666666666666,6,6,0.002953678394539701,0.0026203450612063677,0.0022870117278730347,Elastic Net
2025-02-26,2025-02-27,-0.005500159888554084,-0.006934105503274009,0.0014339456147199245,0.8333333333333333,6,6,-0.005500159888554084,-0.0059168265552207505,-0.006333493221887417,Elastic Net
2025-02-27,2025-02-28,0.0012778237539575505,0.0064384872806985995,-0.0051606635267410494,1.0,6,6,0.0012778237539575505,0.0007778237539575504,0.00027782375395755043,Elastic Net
2025-02-28,2025-03-03,0.003262723548376459,-0.0061502018077807825,0.009412925356157242,1.3333333333333333,6,6,0.003262723548376459,0.0025960568817097926,0.001929390215043126,Elastic Net
2025-03-03,2025-03-04,0.0071692747219622,-0.007994782181104524,0.015164056903066724,0.8333333333333333,6,6,0.0071692747219622,0.006752608055295533,0.006335941388628866,Elastic Net
2025-03-04,2025-03-05,-0.003207434454577475,0.0017809196440588503,-0.004988354098636325,0.8333333333333333,6,6,-0.003207434454577475,-0.0036241011212441417,-0.0040407677879108084,Elastic Net
2025-03-05,2025-03-06,0.001172957660392401,-0.0017515954094014163,0.0029245530697938173,0.8333333333333333,6,6,0.001172957660392401,0.0007562909937257344,0.0003396243270590677,Elastic Net
2025-03-06,2025-03-07,0.008651392530859559,0.008638433562001141,1.2958968858416652e-05,1.1666666666666665,6,6,0.008651392530859559,0.008068059197526225,0.007484725864192892,Elastic Net
2025-03-07,2025-03-10,-0.005760902701328173,-0.017328751026798567,0.01156784832547039,1.1666666666666665,6,6,-0.005760902701328173,-0.006344236034661506,-0.006927569367994839,Elastic Net
2025-03-10,2025-03-11,-0.0011433681698269995,-0.005243924804929665,0.004100556635102667,1.3333333333333333,6,6,-0.0011433681698269995,-0.0018100348364936663,-0.002476701503160333,Elastic Net
2025-03-11,2025-03-12,-0.0023017801764646916,-0.0009261640925667912,-0.0013756160838978998,1.0,6,6,-0.0023017801764646916,-0.0028017801764646916,-0.0033017801764646916,Elastic Net
2025-03-12,2025-03-13,0.014592244205380411,0.010206141164070705,0.004386103041309708,0.8333333333333333,6,6,0.014592244205380411,0.014175577538713745,0.013758910872047078,Elastic Net
2025-03-13,2025-03-14,-0.0011775182704891,0.0073347805293297996,-0.0085122987998189,0.8333333333333333,6,6,-0.0011775182704891,-0.0015941849371557668,-0.002010851603822433,Elastic Net
2025-03-14,2025-03-17,-0.0011012063006025667,0.005639253624490884,-0.00674045992509345,0.6666666666666666,6,6,-0.0011012063006025667,-0.0014345396339359,-0.0017678729672692332,Elastic Net
2025-03-17,2025-03-18,-0.0030838590975239334,-0.005197548005958874,0.0021136889084349413,0.8333333333333333,6,6,-0.0030838590975239334,-0.0035005257641906,-0.003917192430857266,Elastic Net
2025-03-18,2025-03-19,0.005128666207963125,0.010687622000335443,-0.005558955792372317,1.0,6,6,0.005128666207963125,0.004628666207963124,0.004128666207963125,Elastic Net
2025-03-19,2025-03-20,2.6620871031541964e-05,0.0011802195961522417,-0.0011535987251206998,1.0,6,6,2.6620871031541964e-05,-0.00047337912896845805,-0.000973379128968458,Elastic Net
2025-03-20,2025-03-21,0.006783548310678025,0.0018862110448106414,0.004897337265867383,1.0,6,6,0.006783548310678025,0.006283548310678025,0.005783548310678025,Elastic Net
2025-03-21,2025-03-24,0.007939511236340359,0.007785531464941633,0.00015397977139872495,1.3333333333333333,6,6,0.007939511236340359,0.0072728445696736916,0.0066061779030070255,Elastic Net
2025-03-24,2025-03-25,-0.002423379877455108,-0.0028761484424961585,0.00045276856504105007,0.6666666666666666,6,6,-0.002423379877455108,-0.0027567132107884414,-0.0030900465441217745,Elastic Net
2025-03-25,2025-03-26,-0.008454951562636516,-0.006745662579205208,-0.0017092889834313084,1.1666666666666665,6,6,-0.008454951562636516,-0.00903828489596985,-0.009621618229303183,Elastic Net
2025-03-26,2025-03-27,0.0010260456807547245,-0.0013085231150552832,0.0023345687958100086,0.5,6,6,0.0010260456807547245,0.0007760456807547245,0.0005260456807547245,Elastic Net
2025-03-27,2025-03-28,-0.005800986503321117,-0.012812478571654143,0.007011492068333024,0.6666666666666666,6,6,-0.005800986503321117,-0.00613431983665445,-0.006467653169987784,Elastic Net
2025-03-28,2025-03-31,0.0018708509466231335,0.006465536828415658,-0.0045946858817925255,1.3333333333333333,6,6,0.0018708509466231335,0.001204184279956467,0.0005375176132898002,Elastic Net
2025-03-31,2025-04-01,-0.0012799002568593008,-0.006849755981990417,0.005569855725131115,1.5,6,6,-0.0012799002568593008,-0.0020299002568593006,-0.002779900256859301,Elastic Net
2025-04-01,2025-04-02,0.005799486396744233,0.0064399283407866915,-0.0006404419440424584,1.1666666666666665,6,6,0.005799486396744233,0.0052161530634109,0.004632819730077567,Elastic Net
2025-04-02,2025-04-03,-0.006458379255849427,-0.024451188176125484,0.017992808920276056,0.6666666666666666,6,6,-0.006458379255849427,-0.00679171258918276,-0.007125045922516094,Elastic Net
2025-04-03,2025-04-04,-0.009375261530784967,-0.03768781711533544,0.028312555584550474,1.8333333333333333,6,6,-0.009375261530784967,-0.010291928197451634,-0.0112085948641183,Elastic Net
2025-04-04,2025-04-07,0.00047794289938524995,-0.0007899947539064167,0.0012679376532916669,0.6666666666666666,6,6,0.00047794289938524995,0.00014460956605191663,-0.0001887237672814167,Elastic Net
2025-04-07,2025-04-08,0.005585001887623708,-0.007366715061041209,0.012951716948664916,0.8333333333333333,6,6,0.005585001887623708,0.005168335220957041,0.004751668554290375,Elastic Net
2025-04-08,2025-04-09,0.01550930622930895,0.06254255167697888,-0.04703324544766994,1.0,6,6,0.01550930622930895,0.01500930622930895,0.01450930622930895,Elastic Net
2025-04-09,2025-04-10,-0.012804545851200548,-0.02334003451178608,0.010535488660585532,0.8333333333333333,6,6,-0.012804545851200548,-0.013221212517867214,-0.013637879184533882,Elastic Net
2025-04-10,2025-04-11,-0.0029125246057184833,0.0025188375779259583,-0.00543136218364444,0.8333333333333333,6,6,-0.0029125246057184833,-0.00332919127238515,-0.0037458579390518163,Elastic Net
2025-04-11,2025-04-14,0.0032750062434773078,0.008760879666989217,-0.005485873423511908,1.1666666666666665,6,6,0.0032750062434773078,0.0026916729101439745,0.0021083395768106412,Elastic Net
2025-04-14,2025-04-15,-0.004487390969835358,-0.003207707052885125,-0.001279683916950233,1.1666666666666665,6,6,-0.004487390969835358,-0.005070724303168691,-0.005654057636502024,Elastic Net
2025-04-15,2025-04-16,-0.0036412411439674074,-0.011057766911500025,0.007416525767532617,0.8333333333333333,6,6,-0.0036412411439674074,-0.004057907810634074,-0.004474574477300741,Elastic Net
2025-04-16,2025-04-17,0.004880338840913442,0.008340632046991224,-0.003460293206077783,1.6666666666666665,6,6,0.004880338840913442,0.004047005507580108,0.0032136721742467753,Elastic Net
2025-04-17,2025-04-21,-0.003628758436212167,-0.011085331535418772,0.007456573099206608,1.1666666666666665,6,6,-0.003628758436212167,-0.0042120917695455,-0.004795425102878833,Elastic Net
2025-04-21,2025-04-22,0.002967442838089049,0.010696528430139622,-0.007729085592050575,1.1666666666666665,6,6,0.002967442838089049,0.0023841095047557157,0.0018007761714223824,Elastic Net
2025-04-22,2025-04-23,0.002838970087804008,0.0025451578008707414,0.0002938122869332667,1.1666666666666665,6,6,0.002838970087804008,0.002255636754470675,0.0016723034211373416,Elastic Net
2025-04-23,2025-04-24,0.013633005835816794,0.014532603916871226,-0.0008995980810544324,1.5,6,6,0.013633005835816794,0.012883005835816794,0.012133005835816795,Elastic Net
2025-04-24,2025-04-25,-0.0041122062042320325,-0.0007021370565084081,-0.003410069147723625,0.6666666666666666,6,6,-0.0041122062042320325,-0.004445539537565366,-0.0047788728708986995,Elastic Net
2025-04-25,2025-04-28,-0.0017126772925232412,0.0010281632896887334,-0.002740840582211975,0.3333333333333333,6,6,-0.0017126772925232412,-0.001879343959189908,-0.0020460106258565745,Elastic Net
2025-04-28,2025-04-29,-0.003917666505745159,0.00048739926956410814,-0.004405065775309267,0.6666666666666666,6,6,-0.003917666505745159,-0.004250999839078492,-0.004584333172411826,Elastic Net
2025-04-29,2025-04-30,-0.005283455946102268,-0.0006901363050987585,-0.004593319641003509,1.0,6,6,-0.005283455946102268,-0.0057834559461022676,-0.006283455946102268,Elastic Net
2025-04-30,2025-05-01,-0.0025324573446443596,0.0008664858040672001,-0.0033989431487115597,1.1666666666666665,6,6,-0.0025324573446443596,-0.003115790677977693,-0.003699124011311026,Elastic Net
2025-05-01,2025-05-02,0.006257670680201133,0.0105896534650833,-0.004331982784882167,1.0,6,6,0.006257670680201133,0.005757670680201133,0.005257670680201133,Elastic Net
2025-05-02,2025-05-05,0.0030101467694280824,-0.0028921719953969413,0.005902318764825025,0.6666666666666666,6,6,0.0030101467694280824,0.002676813436094749,0.002343480102761416,Elastic Net
2025-05-05,2025-05-06,-0.0032304107152506915,-0.0051557599762202914,0.0019253492609696,0.6666666666666666,6,6,-0.0032304107152506915,-0.003563744048584025,-0.003897077381917358,Elastic Net
2025-05-06,2025-05-07,0.002018751055661367,0.005003155115457649,-0.002984404059796283,0.6666666666666666,6,6,0.002018751055661367,0.0016854177223280338,0.0013520843889947005,Elastic Net
2025-05-07,2025-05-08,0.009945649201693024,0.006885734839131708,0.003059914362561317,1.0,6,6,0.009945649201693024,0.009445649201693024,0.008945649201693023,Elastic Net
2025-05-08,2025-05-09,0.006626670765703108,0.005448423483599508,0.0011782472821036001,1.0,6,6,0.006626670765703108,0.0061266707657031075,0.005626670765703108,Elastic Net
2025-05-09,2025-05-12,0.002798544224009273,0.02205974779709415,-0.019261203573084876,1.0,6,6,0.002798544224009273,0.002298544224009273,0.001798544224009273,Elastic Net
2025-05-12,2025-05-13,0.01006773588075939,0.009200749241499124,0.0008669866392602666,1.1666666666666665,6,6,0.01006773588075939,0.009484402547426057,0.008901069214092724,Elastic Net
2025-05-13,2025-05-14,0.0029837562518541427,-0.0038599313087506414,0.006843687560604784,1.5,6,6,0.0029837562518541427,0.0022337562518541425,0.0014837562518541427,Elastic Net
2025-05-14,2025-05-15,-0.01132228841846345,0.0006303240294581916,-0.011952612447921642,1.0,6,6,-0.01132228841846345,-0.01182228841846345,-0.012322288418463449,Elastic Net
2025-05-15,2025-05-16,-0.0055640375890767995,0.002433975846354325,-0.007998013435431123,0.8333333333333333,6,6,-0.0055640375890767995,-0.005980704255743466,-0.006397370922410133,Elastic Net
2025-05-16,2025-05-19,-0.0028225514989438753,-0.002889575194212025,6.702369526815002e-05,0.8333333333333333,6,6,-0.0028225514989438753,-0.003239218165610542,-0.003655884832277209,Elastic Net
2025-05-19,2025-05-20,-0.0002113413873096197,-0.0005754215319784668,0.0003640801446688471,1.0,6,6,-0.0002113413873096197,-0.0007113413873096197,-0.0012113413873096196,Elastic Net
2025-05-20,2025-05-21,-0.0068161836498763905,-0.013815700283448598,0.006999516633572208,0.6666666666666666,6,6,-0.0068161836498763905,-0.0071495169832097236,-0.0074828503165430575,Elastic Net
2025-05-21,2025-05-22,0.0020807896099748996,-0.0011714385950690417,0.0032522282050439417,1.3333333333333333,6,6,0.0020807896099748996,0.001414122943308233,0.0007474562766415663,Elastic Net
2025-05-22,2025-05-23,-0.0050630972420649505,-0.0058991735171591165,0.0008360762750941666,1.3333333333333333,6,6,-0.0050630972420649505,-0.005729763908731617,-0.0063964305753982835,Elastic Net
2025-05-23,2025-05-27,0.0011239865249713914,0.00880878734856975,-0.007684800823598358,1.1666666666666665,6,6,0.0011239865249713914,0.0005406531916380582,-4.2680141695275106e-05,Elastic Net
2025-05-27,2025-05-28,0.002283670454327341,-4.726693976531669e-05,0.0023309373940926586,0.6666666666666666,6,6,0.002283670454327341,0.001950337120994008,0.0016170037876606746,Elastic Net
2025-05-28,2025-05-29,-0.003500854762935483,0.00024065437323958331,-0.003741509136175066,1.0,6,6,-0.003500854762935483,-0.004000854762935483,-0.0045008547629354825,Elastic Net
2025-05-29,2025-05-30,-0.0069475632849377925,-0.0037040523915045334,-0.003243510893433258,1.0,6,6,-0.0069475632849377925,-0.007447563284937793,-0.007947563284937793,Elastic Net
2025-05-30,2025-06-02,0.003682963791952384,0.004886124366105208,-0.0012031605741528247,1.5,6,6,0.003682963791952384,0.002932963791952384,0.002182963791952384,Elastic Net
2025-06-02,2025-06-03,0.002987583350001167,0.005407727848773666,-0.0024201444987725,1.1666666666666665,6,6,0.002987583350001167,0.002404250016667834,0.0018209166833345006,Elastic Net
2025-06-03,2025-06-04,0.0024221388546507338,0.001012097172261558,0.0014100416823891752,0.8333333333333333,6,6,0.0024221388546507338,0.002005472187984067,0.0015888055213174005,Elastic Net
2025-06-04,2025-06-05,0.0026212684946486085,0.00043214768763174996,0.002189120807016858,0.6666666666666666,6,6,0.0026212684946486085,0.002287935161315275,0.001954601827981942,Elastic Net
2025-06-05,2025-06-06,0.0011891874866794495,0.0054334495398288,-0.00424426205314935,1.1666666666666665,6,6,0.0011891874866794495,0.0006058541533461163,2.2520820012782985e-05,Elastic Net
2025-06-06,2025-06-09,0.008113516186229809,0.007885945453986267,0.00022757073224354175,1.3333333333333333,6,6,0.008113516186229809,0.007446849519563142,0.006780182852896476,Elastic Net
2025-06-09,2025-06-10,3.843526400503427e-05,0.005117117724108608,-0.005078682460103574,1.1666666666666665,6,6,3.843526400503427e-05,-0.000544898069328299,-0.0011282314026616323,Elastic Net
2025-06-10,2025-06-11,0.004208177453330322,0.002110656581527164,0.002097520871803158,0.8333333333333333,6,6,0.004208177453330322,0.003791510786663655,0.003374844119996988,Elastic Net
2025-06-11,2025-06-12,-0.007922886949533341,0.004670427818547841,-0.01259331476808118,1.0,6,6,-0.007922886949533341,-0.008422886949533342,-0.008922886949533342,Elastic Net
2025-06-12,2025-06-13,-0.014318640691825674,-0.01286713257207545,-0.0014515081197502252,0.8333333333333333,6,6,-0.014318640691825674,-0.01473530735849234,-0.015151974025159007,Elastic Net
2025-06-13,2025-06-16,0.005857956492059416,0.005495984890582625,0.00036197160147679176,1.1666666666666665,6,6,0.005857956492059416,0.005274623158726083,0.004691289825392749,Elastic Net
2025-06-16,2025-06-17,-0.0037105743177297166,-0.006886345548286958,0.003175771230557241,0.8333333333333333,6,6,-0.0037105743177297166,-0.004127240984396383,-0.00454390765106305,Elastic Net
2025-06-17,2025-06-18,0.004885860959420759,0.0033522005829163077,0.0015336603765044499,0.8333333333333333,6,6,0.004885860959420759,0.004469194292754092,0.004052527626087425,Elastic Net
2025-06-18,2025-06-20,-0.0061083020368232896,-0.004692666798679625,-0.0014156352381436664,1.0,6,6,-0.0061083020368232896,-0.006608302036823289,-0.00710830203682329,Elastic Net
2025-06-20,2025-06-23,-0.002498644122538084,0.0046218399299679915,-0.007120484052506076,0.8333333333333333,6,6,-0.002498644122538084,-0.0029153107892047505,-0.003331977455871417,Elastic Net
2025-06-23,2025-06-24,0.008990682081636649,0.013104425291338049,-0.0041137432097014,0.5,6,6,0.008990682081636649,0.008740682081636648,0.008490682081636648,Elastic Net
2025-06-24,2025-06-25,-0.0037967965966204074,-0.0037475240303025993,-4.927256631780813e-05,1.0,6,6,-0.0037967965966204074,-0.004296796596620408,-0.0047967965966204075,Elastic Net
2025-06-25,2025-06-26,-0.0011868309458433661,0.002576613325031475,-0.0037634442708748416,1.0,6,6,-0.0011868309458433661,-0.0016868309458433661,-0.002186830945843366,Elastic Net
2025-06-26,2025-06-27,-0.016358366490424076,0.0016010013411803083,-0.01795936783160438,0.8333333333333333,6,6,-0.016358366490424076,-0.01677503315709074,-0.017191699823757407,Elastic Net
2025-06-27,2025-06-30,0.004111552046354892,0.004362367248238025,-0.0002508152018831333,0.5,6,6,0.004111552046354892,0.003861552046354892,0.0036115520463548922,Elastic Net
2025-06-30,2025-07-01,0.0081617546230771,0.010843158704812807,-0.002681404081735708,0.8333333333333333,6,6,0.0081617546230771,0.007745087956410434,0.007328421289743767,Elastic Net
2025-07-01,2025-07-02,0.007590281791822409,0.006341985593529484,0.001248296198292925,1.1666666666666665,6,6,0.007590281791822409,0.0070069484584890755,0.006423615125155742,Elastic Net
2025-07-02,2025-07-03,0.003735040876841425,0.004987576350958583,-0.0012525354741171582,1.1666666666666665,6,6,0.003735040876841425,0.0031517075435080915,0.0025683742101747582,Elastic Net
2025-07-03,2025-07-07,-0.00014284985930357514,-0.005264804449042549,0.005121954589738974,1.1666666666666665,6,6,-0.00014284985930357514,-0.0007261831926369084,-0.0013095165259702417,Elastic Net
2025-07-07,2025-07-08,0.014078871764891773,0.010412771527964592,0.003666100236927183,1.3333333333333333,6,6,0.014078871764891773,0.013412205098225107,0.012745538431558439,Elastic Net
2025-07-08,2025-07-09,-0.000381928113291658,-0.0007460025254898749,0.0003640744121982167,1.3333333333333333,6,6,-0.000381928113291658,-0.0010485947799583246,-0.0017152614466249914,Elastic Net
2025-07-09,2025-07-10,-0.0014611931332655505,0.0021981294242590915,-0.0036593225575246415,0.8333333333333333,6,6,-0.0014611931332655505,-0.0018778597999322172,-0.0022945264665988835,Elastic Net
2025-07-10,2025-07-11,-0.0044915573519124325,-0.006280764729626108,0.0017892073777136751,1.0,6,6,-0.0044915573519124325,-0.004991557351912432,-0.0054915573519124326,Elastic Net
2025-07-11,2025-07-14,-0.0012641775845613334,-0.0016799946379047917,0.0004158170533434583,1.1666666666666665,6,6,-0.0012641775845613334,-0.0018475109178946666,-0.002430844251228,Elastic Net
2025-07-14,2025-07-15,0.0020444609078212653,-0.005754384378839766,0.007798845286661032,1.0,6,6,0.0020444609078212653,0.0015444609078212653,0.0010444609078212653,Elastic Net
2025-07-15,2025-07-16,0.00413304011986825,0.0031112194477740506,0.0010218206720941998,1.0,6,6,0.00413304011986825,0.00363304011986825,0.00313304011986825,Elastic Net
2025-07-16,2025-07-17,-0.002435293383248459,0.001391461830076158,-0.0038267552133246165,0.5,6,6,-0.002435293383248459,-0.002685293383248459,-0.002935293383248459,Elastic Net
2025-07-17,2025-07-18,-0.001845510233421125,-0.0035400347995868326,0.001694524566165708,0.8333333333333333,6,6,-0.001845510233421125,-0.0022621769000877915,-0.0026788435667544582,Elastic Net
2025-07-18,2025-07-21,0.0010000631774100249,0.0008760172682411222,0.0001240459091689027,1.1666666666666665,6,6,0.0010000631774100249,0.0004167298440766916,-0.0001666034892566417,Elastic Net
2025-07-21,2025-07-22,0.0015091107545987335,0.0016374898801524086,-0.000128379125553675,0.8333333333333333,6,6,0.0015091107545987335,0.0010924440879320667,0.0006757774212654002,Elastic Net
2025-07-22,2025-07-23,0.015560512245671908,0.0076357782783429,0.007924733967329008,0.6666666666666666,6,6,0.015560512245671908,0.015227178912338575,0.014893845579005242,Elastic Net
2025-07-23,2025-07-24,-0.003676998098004666,-0.008981681394474533,0.005304683296469867,0.6666666666666666,6,6,-0.003676998098004666,-0.004010331431337999,-0.004343664764671333,Elastic Net
2025-07-24,2025-07-25,0.007028094804188133,0.001121868355568875,0.005906226448619259,1.3333333333333333,6,6,0.007028094804188133,0.006361428137521466,0.0056947614708548,Elastic Net
2025-07-25,2025-07-28,0.0005746264096446923,0.0036657075473032585,-0.0030910811376585663,0.6666666666666666,6,6,0.0005746264096446923,0.00024129307631135893,-9.204025702197439e-05,Elastic Net
2025-07-28,2025-07-29,-0.0006565769907371583,-0.0002987906896532833,-0.0003577863010838751,1.5,6,6,-0.0006565769907371583,-0.0014065769907371582,-0.0021565769907371584,Elastic Net
2025-07-29,2025-07-30,-0.0018552888326030994,-0.005465094171177423,0.0036098053385743246,1.3333333333333333,6,6,-0.0018552888326030994,-0.002521955499269766,-0.0031886221659364325,Elastic Net
2025-07-30,2025-07-31,-0.0016895126434166505,-0.0073526192885574,0.005663106645140749,1.0,6,6,-0.0016895126434166505,-0.0021895126434166505,-0.0026895126434166505,Elastic Net
2025-07-31,2025-08-01,-0.004933081032504734,-0.010663441649095306,0.005730360616590574,1.1666666666666665,6,6,-0.004933081032504734,-0.005516414365838067,-0.0060997476991714004,Elastic Net
2025-08-01,2025-08-04,-0.002242095382215693,0.005254385695340724,-0.007496481077556417,1.1666666666666665,6,6,-0.002242095382215693,-0.0028254287155490263,-0.0034087620488823596,Elastic Net
2025-08-04,2025-08-05,0.006997294657571191,0.0082862707908819,-0.0012889761333107082,1.1666666666666665,6,6,0.006997294657571191,0.006413961324237858,0.005830627990904525,Elastic Net
2025-08-05,2025-08-06,0.003830354696436125,-0.0010929128816127998,0.004923267578048925,1.1666666666666665,6,6,0.003830354696436125,0.003247021363102792,0.0026636880297694586,Elastic Net
2025-08-06,2025-08-07,-0.0065253571311153415,-0.0021173709137225663,-0.004407986217392775,0.8333333333333333,6,6,-0.0065253571311153415,-0.006942023797782008,-0.007358690464448675,Elastic Net
2025-08-07,2025-08-08,-0.0014905074146404655,0.0038819874191698416,-0.005372494833810308,0.6666666666666666,6,6,-0.0014905074146404655,-0.0018238407479737987,-0.002157174081307132,Elastic Net
2025-08-08,2025-08-11,0.005250679045951033,-0.0008794318140912748,0.006130110860042308,0.5,6,6,0.005250679045951033,0.005000679045951033,0.004750679045951034,Elastic Net
2025-08-11,2025-08-12,0.0027251296678463405,0.012166750391768432,-0.00944162072392209,0.6666666666666666,6,6,0.0027251296678463405,0.002391796334513007,0.002058463001179674,Elastic Net
2025-08-12,2025-08-13,0.014139091525444864,0.012225199448964857,0.001913892076480008,1.1666666666666665,6,6,0.014139091525444864,0.013555758192111531,0.012972424858778198,Elastic Net
2025-08-13,2025-08-14,0.007930799246241082,0.005970490256644891,0.0019603089895961915,1.5,6,6,0.007930799246241082,0.007180799246241082,0.006430799246241082,Elastic Net
2025-08-14,2025-08-15,0.002289872653862779,-0.002816080129614959,0.005105952783477738,1.0,6,6,0.002289872653862779,0.001789872653862779,0.001289872653862779,Elastic Net
2025-08-15,2025-08-18,0.003246441205719508,0.002318142532656016,0.0009282986730634916,1.0,6,6,0.003246441205719508,0.002746441205719508,0.002246441205719508,Elastic Net
2025-08-18,2025-08-19,-0.007462759085922182,-0.0016326372108709081,-0.005830121875051275,1.3333333333333333,6,6,-0.007462759085922182,-0.008129425752588848,-0.008796092419255516,Elastic Net
2025-08-19,2025-08-20,-0.0020660544123850917,-0.0020709116594342164,4.857247049125011e-06,1.5,6,6,-0.0020660544123850917,-0.0028160544123850915,-0.0035660544123850917,Elastic Net
2025-08-20,2025-08-21,0.006288055106034833,0.0014232065036516083,0.004864848602383225,1.1666666666666665,6,6,0.006288055106034833,0.005704721772701499,0.005121388439368166,Elastic Net
2025-08-21,2025-08-22,0.006925537257216698,0.011641749780205556,-0.004716212522988859,1.0,6,6,0.006925537257216698,0.006425537257216698,0.005925537257216698,Elastic Net
2025-08-22,2025-08-25,-0.0025000916917229583,-0.0046114832321421,0.0021113915404191415,1.0,6,6,-0.0025000916917229583,-0.0030000916917229583,-0.0035000916917229583,Elastic Net
2025-08-25,2025-08-26,-0.002215072493810578,-0.0023687664262398034,0.00015369393242922508,1.0,6,6,-0.002215072493810578,-0.002715072493810578,-0.003215072493810578,Elastic Net
2025-08-26,2025-08-27,-0.002445973429403909,0.0009712301590031333,-0.0034172035884070416,1.0,6,6,-0.002445973429403909,-0.002945973429403909,-0.003445973429403909,Elastic Net
2025-08-27,2025-08-28,0.001168795427403508,0.0009192457234539831,0.000249549703949525,1.0,6,6,0.001168795427403508,0.000668795427403508,0.000168795427403508,Elastic Net
2025-08-28,2025-08-29,-0.006799722407411425,-0.0033549601547536085,-0.003444762252657816,1.3333333333333333,6,6,-0.006799722407411425,-0.007466389074078092,-0.008133055740744759,Elastic Net
2025-08-29,2025-09-02,0.003719876488883333,-0.001266875489537175,0.004986751978420508,1.3333333333333333,6,6,0.003719876488883333,0.0030532098222166666,0.0023865431555499996,Elastic Net
2025-09-02,2025-09-03,0.004357913604449674,0.0006155256025306495,0.003742388001919025,1.3333333333333333,6,6,0.004357913604449674,0.0036912469377830075,0.003024580271116341,Elastic Net
2025-09-03,2025-09-04,0.009507384068271799,0.008005387312370426,0.0015019967559013747,0.8333333333333333,6,6,0.009507384068271799,0.009090717401605133,0.008674050734938465,Elastic Net
2025-09-04,2025-09-05,-8.647156218305821e-05,-0.0012997242819199916,0.0012132527197369334,0.8333333333333333,6,6,-8.647156218305821e-05,-0.0005031382288497248,-0.0009198048955163915,Elastic Net
2025-09-05,2025-09-08,0.0024948202564491003,0.0022017781528678834,0.0002930421035812167,1.3333333333333333,6,6,0.0024948202564491003,0.0018281535897824337,0.001161486923115767,Elastic Net
2025-09-08,2025-09-09,0.0005289545707970502,0.005926102906715033,-0.005397148335917984,1.0,6,6,0.0005289545707970502,2.895457079705023e-05,-0.0004710454292029498,Elastic Net
2025-09-09,2025-09-10,-0.028687243100939498,0.0008464887765233665,-0.029533731877462856,1.1666666666666665,6,6,-0.028687243100939498,-0.029270576434272833,-0.029853909767606164,Elastic Net
2025-09-10,2025-09-11,-0.0008897713084130587,0.0003996672445854164,-0.0012894385529984755,0.6666666666666666,6,6,-0.0008897713084130587,-0.001223104641746392,-0.0015564379750797252,Elastic Net
2025-09-11,2025-09-12,-0.003496717627752533,-0.0051348374592267996,0.0016381198314742663,1.0,6,6,-0.003496717627752533,-0.003996717627752533,-0.004496717627752533,Elastic Net
2025-09-12,2025-09-15,0.002248915381782335,0.003993898943549259,-0.0017449835617669232,1.0,6,6,0.002248915381782335,0.001748915381782335,0.001248915381782335,Elastic Net
2025-09-15,2025-09-16,0.0009080989973877665,-0.00019649055271721673,0.0011045895501049833,1.0,6,6,0.0009080989973877665,0.00040809899738776653,-9.190100261223348e-05,Elastic Net
2025-09-16,2025-09-17,-0.0037905908259863825,-0.0005230911777492251,-0.0032674996482371585,1.1666666666666665,6,6,-0.0037905908259863825,-0.004373924159319716,-0.004957257492653049,Elastic Net
2025-09-17,2025-09-18,0.011974082581588733,0.016535245598634465,-0.004561163017045733,1.3333333333333333,6,6,0.011974082581588733,0.011307415914922066,0.010640749248255399,Elastic Net
2025-09-18,2025-09-19,0.003492247139540925,0.0026435629381475747,0.00084868420139335,1.3333333333333333,6,6,0.003492247139540925,0.0028255804728742583,0.0021589138062075913,Elastic Net
2025-09-19,2025-09-22,0.008757966260934865,0.00467090677289109,0.004087059488043774,1.3333333333333333,6,6,0.008757966260934865,0.008091299594268199,0.007424632927601532,Elastic Net
2025-09-22,2025-09-23,-0.0014471533300691002,-0.0018396884708882502,0.0003925351408191499,1.3333333333333333,6,6,-0.0014471533300691002,-0.0021138199967357667,-0.0027804866634024332,Elastic Net
2025-09-23,2025-09-24,0.0037805776352367406,0.002405064703336949,0.0013755129318997917,1.0,6,6,0.0037805776352367406,0.0032805776352367406,0.0027805776352367406,Elastic Net
2025-09-24,2025-09-25,-0.003833196462570133,-0.0018174470676724339,-0.0020157493948977003,1.3333333333333333,6,6,-0.003833196462570133,-0.0044998631292368,-0.005166529795903466,Elastic Net
2025-09-25,2025-09-26,-0.0026254980250467914,0.0003414213441180747,-0.002966919369164867,1.3333333333333333,6,6,-0.0026254980250467914,-0.003292164691713458,-0.0039588313583801245,Elastic Net
2025-09-26,2025-09-29,0.0007617628683769664,-0.0025464636456209917,0.003308226513997958,0.8333333333333333,6,6,0.0007617628683769664,0.00034509620171029975,-7.157046495636689e-05,Elastic Net
2025-09-29,2025-09-30,-0.00469416560340935,-0.004061619662813375,-0.000632545940595975,0.8333333333333333,6,6,-0.00469416560340935,-0.005110832270076017,-0.005527498936742684,Elastic Net
2025-09-30,2025-10-01,-0.006120195500318391,0.007781316957238941,-0.013901512457557337,1.0,6,6,-0.006120195500318391,-0.0066201955003183915,-0.007120195500318391,Elastic Net
2025-10-01,2025-10-02,0.00805444595427585,0.006523597630456791,0.001530848323819058,0.5,6,6,0.00805444595427585,0.0078044459542758494,0.007554445954275849,Elastic Net
2025-10-02,2025-10-03,0.002532369453707583,0.0014781227802220498,0.0010542466734855328,0.8333333333333333,6,6,0.002532369453707583,0.002115702787040916,0.0016990361203742495,Elastic Net
2025-10-03,2025-10-06,0.005832510600307492,0.0019839171004766495,0.0038485934998308416,1.0,6,6,0.005832510600307492,0.005332510600307492,0.004832510600307492,Elastic Net
2025-10-06,2025-10-07,0.005557733364693783,0.0021628449440748835,0.0033948884206189,1.6666666666666665,6,6,0.005557733364693783,0.004724400031360449,0.003891066698027116,Elastic Net
2025-10-07,2025-10-08,0.006284496969836849,0.003328192047502925,0.0029563049223339244,1.6666666666666665,6,6,0.006284496969836849,0.005451163636503516,0.004617830303170183,Elastic Net
2025-10-08,2025-10-09,-0.00026484535733490785,0.0020792002260128922,-0.0023440455833478,1.3333333333333333,6,6,-0.00026484535733490785,-0.0009315120240015745,-0.0015981786906682411,Elastic Net
2025-10-09,2025-10-10,-0.009058138162036558,-0.013127487429066892,0.004069349267030333,1.3333333333333333,6,6,-0.009058138162036558,-0.009724804828703224,-0.010391471495369892,Elastic Net
2025-10-10,2025-10-13,-0.003264224605469275,0.006735825961363133,-0.010000050566832407,1.3333333333333333,6,6,-0.003264224605469275,-0.003930891272135942,-0.004597557938802608,Elastic Net
2025-10-13,2025-10-14,-0.01039037704552799,-0.007124874899450859,-0.0032655021460771326,0.6666666666666666,6,6,-0.01039037704552799,-0.010723710378861323,-0.011057043712194656,Elastic Net
2025-10-14,2025-10-15,0.0019032102932137497,0.0059547835068489,-0.00405157321363515,0.8333333333333333,6,6,0.0019032102932137497,0.0014865436265470832,0.0010698769598804165,Elastic Net
2025-10-15,2025-10-16,0.00643834113627551,-0.0015833269159123582,0.008021668052187868,0.6666666666666666,6,6,0.00643834113627551,0.006105007802942177,0.005771674469608843,Elastic Net
2025-10-16,2025-10-17,0.003113305289034717,0.0039829918677752,-0.0008696865787404833,0.6666666666666666,6,6,0.003113305289034717,0.0027799719557013835,0.0024466386223680504,Elastic Net
2025-10-17,2025-10-20,-0.00023606711376685874,0.006539797112606242,-0.0067758642263731,1.0,6,6,-0.00023606711376685874,-0.0007360671137668588,-0.0012360671137668588,Elastic Net
2025-10-20,2025-10-21,-0.0007744428755315426,0.0005677706266139902,-0.0013422135021455331,1.5,6,6,-0.0007744428755315426,-0.0015244428755315426,-0.002274442875531543,Elastic Net
2025-10-21,2025-10-22,0.0012195630841198737,-0.006777742694775967,0.007997305778895842,0.8333333333333333,6,6,0.0012195630841198737,0.0008028964174532071,0.00038622975078654045,Elastic Net
2025-10-22,2025-10-23,0.0028152028414951415,0.004305372957057199,-0.001490170115562058,1.0,6,6,0.0028152028414951415,0.0023152028414951415,0.0018152028414951415,Elastic Net
2025-10-23,2025-10-24,-0.0041833192149737155,0.0010410425390944501,-0.005224361754068167,1.0,6,6,-0.0041833192149737155,-0.004683319214973716,-0.0051833192149737155,Elastic Net
2025-10-24,2025-10-27,-0.00429369093923315,0.00106617258598225,-0.005359863525215399,0.8333333333333333,6,6,-0.00429369093923315,-0.0047103576058998165,-0.005127024272566483,Elastic Net
2025-10-27,2025-10-28,-0.0012133106296221996,-0.003511045299904058,0.0022977346702818587,0.6666666666666666,6,6,-0.0012133106296221996,-0.001546643962955533,-0.0018799772962888664,Elastic Net
2025-10-28,2025-10-29,0.004509739528563116,-0.004454101742994692,0.008963841271557808,1.1666666666666665,6,6,0.004509739528563116,0.003926406195229782,0.003343072861896449,Elastic Net
2025-10-29,2025-10-30,-0.0011978307009701478,-0.007670982197943483,0.006473151496973332,1.1666666666666665,6,6,-0.0011978307009701478,-0.001781164034303481,-0.0023644973676368143,Elastic Net
2025-10-30,2025-10-31,0.0011041263630653664,0.0032209233210301834,-0.0021167969579648166,1.1666666666666665,6,6,0.0011041263630653664,0.0005207930297320331,-6.254030360130017e-05,Elastic Net
2025-10-31,2025-11-03,-0.00021219635560730814,-0.0036675803712171167,0.0034553840156098083,0.6666666666666666,6,6,-0.00021219635560730814,-0.0005455296889406414,-0.0008788630222739748,Elastic Net
2025-11-03,2025-11-04,-0.015417801868654516,-0.0165797472807756,0.001161945412121083,0.6666666666666666,6,6,-0.015417801868654516,-0.01575113520198785,-0.016084468535321184,Elastic Net
2025-11-04,2025-11-05,-0.004581225067879825,0.004195362030292115,-0.00877658709817194,0.8333333333333333,6,6,-0.004581225067879825,-0.004997891734546492,-0.005414558401213159,Elastic Net
2025-11-05,2025-11-06,-0.002770783601057266,-0.005692015069516608,0.0029212314684593415,1.0,6,6,-0.002770783601057266,-0.0032707836010572662,-0.0037707836010572662,Elastic Net
2025-11-06,2025-11-07,-0.003565008718606925,-0.0015559244204950997,-0.0020090842981118247,0.5,6,6,-0.003565008718606925,-0.0038150087186069248,-0.004065008718606925,Elastic Net
2025-11-07,2025-11-10,0.00035071962535700824,0.0026301380424456748,-0.0022794184170886666,1.1666666666666665,6,6,0.00035071962535700824,-0.00023261370797632503,-0.0008159470413096583,Elastic Net
2025-11-10,2025-11-11,-0.009668487475369992,-0.0016289917383724914,-0.0080394957369975,0.8333333333333333,6,6,-0.009668487475369992,-0.010085154142036657,-0.010501820808703325,Elastic Net
2025-11-11,2025-11-12,-0.002824480662857666,0.0012587247429465998,-0.004083205405804266,1.0,6,6,-0.002824480662857666,-0.003324480662857666,-0.0038244806628576662,Elastic Net
2025-11-12,2025-11-13,-0.007547528887032442,-0.010046464399715158,0.0024989355126827165,1.5,6,6,-0.007547528887032442,-0.008297528887032442,-0.009047528887032441,Elastic Net
2025-11-13,2025-11-14,-0.0012157729604317835,-0.001580273778656625,0.0003645008182248414,1.1666666666666665,6,6,-0.0012157729604317835,-0.0017991062937651168,-0.00238243962709845,Elastic Net
2025-11-14,2025-11-17,-0.010192714755982374,-0.011679012845124933,0.0014862980891425584,0.5,6,6,-0.010192714755982374,-0.010442714755982374,-0.010692714755982375,Elastic Net
2025-11-17,2025-11-18,-0.0005641327984050492,-0.005270283327954934,0.004706150529549884,0.8333333333333333,6,6,-0.0005641327984050492,-0.0009807994650717158,-0.0013974661317383823,Elastic Net
2025-11-18,2025-11-19,0.006427521500987042,0.004219469844239966,0.002208051656747075,0.6666666666666666,6,6,0.006427521500987042,0.006094188167653709,0.005760854834320375,Elastic Net
2025-11-19,2025-11-20,-0.01328693990170724,-0.013452468642903998,0.00016552874119675834,0.8333333333333333,6,6,-0.01328693990170724,-0.013703606568373905,-0.014120273235040573,Elastic Net
2025-11-20,2025-11-21,0.0019830011265530583,0.005279936283323024,-0.0032969351567699663,0.8333333333333333,6,6,0.0019830011265530583,0.0015663344598863915,0.001149667793219725,Elastic Net
2025-11-21,2025-11-24,0.0061425048136356806,0.003372346809535542,0.002770158004100138,1.1666666666666665,6,6,0.0061425048136356806,0.005559171480302347,0.004975838146969014,Elastic Net
2025-11-24,2025-11-25,-0.0025071730212953844,0.0037272202939137742,-0.006234393315209159,0.8333333333333333,6,6,-0.0025071730212953844,-0.002923839687962051,-0.003340506354628718,Elastic Net
2025-11-25,2025-11-26,9.344280472039997e-05,0.004564908395951701,-0.004471465591231299,1.3333333333333333,6,6,9.344280472039997e-05,-0.0005732238619462666,-0.0012398905286129334,Elastic Net
2025-11-26,2025-11-28,-0.002162616770547509,0.0026890209048510416,-0.00485163767539855,1.1666666666666665,6,6,-0.002162616770547509,-0.0027459501038808423,-0.0033292834372141756,Elastic Net
2025-11-28,2025-12-01,0.0018398915820697585,-0.001537011548692708,0.0033769031307624665,1.3333333333333333,6,6,0.0018398915820697585,0.001173224915403092,0.0005065582487364252,Elastic Net
2025-12-01,2025-12-02,0.006182953143241017,0.005620787918653883,0.0005621652245871332,1.3333333333333333,6,6,0.006182953143241017,0.00551628647657435,0.004849619809907684,Elastic Net
2025-12-02,2025-12-03,0.009805072513878198,0.010675410286474897,-0.0008703377725966997,1.3333333333333333,6,6,0.009805072513878198,0.009138405847211532,0.008471739180544864,Elastic Net
2025-12-03,2025-12-04,0.0020973200663345253,0.0014317367011143249,0.0006655833652202002,1.1666666666666665,6,6,0.0020973200663345253,0.001513986733001192,0.0009306533996678587,Elastic Net
2025-12-04,2025-12-05,0.0036041434781879083,0.0007506894649675166,0.0028534540132203914,1.0,6,6,0.0036041434781879083,0.0031041434781879083,0.0026041434781879083,Elastic Net
2025-12-05,2025-12-08,0.0018811299444296587,-0.0019610998031724504,0.003842229747602108,1.0,6,6,0.0018811299444296587,0.0013811299444296586,0.0008811299444296586,Elastic Net
2025-12-08,2025-12-09,-0.002158279761832597,-0.0037713423886988726,0.001613062626866275,1.1666666666666665,6,6,-0.002158279761832597,-0.00274161309516593,-0.0033249464284992635,Elastic Net
2025-12-09,2025-12-10,-0.005962041042858343,0.004316553534012741,-0.010278594576871084,1.6666666666666665,6,6,-0.005962041042858343,-0.006795374376191677,-0.00762870770952501,Elastic Net
2025-12-10,2025-12-11,-0.003526066147126466,-0.0016508277616560248,-0.0018752383854704416,0.8333333333333333,6,6,-0.003526066147126466,-0.003942732813793133,-0.0043593994804597995,Elastic Net
2025-12-11,2025-12-12,-0.003954601007632049,-0.0032166488728595077,-0.0007379521347725415,1.3333333333333333,6,6,-0.003954601007632049,-0.004621267674298716,-0.005287934340965382,Elastic Net
2025-12-12,2025-12-15,-0.0009235056168899834,-0.00024058537747600827,-0.0006829202394139749,1.0,6,6,-0.0009235056168899834,-0.0014235056168899834,-0.0019235056168899834,Elastic Net
2025-12-15,2025-12-16,-0.0022441642579356415,-0.005082710728865191,0.0028385464709295496,1.1666666666666665,6,6,-0.0022441642579356415,-0.0028274975912689747,-0.003410830924602308,Elastic Net
2025-12-16,2025-12-17,-0.0116518165297704,-0.009736439254305524,-0.0019153772754648753,1.1666666666666665,6,6,-0.0116518165297704,-0.012235149863103733,-0.012818483196437067,Elastic Net
2025-12-17,2025-12-18,-0.0002682209039751586,0.00045334179100407464,-0.0007215626949792333,1.1666666666666665,6,6,-0.0002682209039751586,-0.0008515542373084919,-0.0014348875706418252,Elastic Net
2025-12-18,2025-12-19,0.014490456118468551,0.010946369241257957,0.003544086877210592,1.1666666666666665,6,6,0.014490456118468551,0.013907122785135218,0.013323789451801885,Elastic Net
2025-12-19,2025-12-22,0.002100699676622691,0.0032246029811765662,-0.001123903304553875,0.8333333333333333,6,6,0.002100699676622691,0.0016840330099560244,0.001267366343289358,Elastic Net
2025-12-22,2025-12-23,-0.0012593640330194153,-0.0016251582863110235,0.0003657942532916082,1.3333333333333333,6,6,-0.0012593640330194153,-0.001926030699686082,-0.0025926973663527486,Elastic Net
2025-12-23,2025-12-24,-0.00548037767919305,0.0018563472093961497,-0.0073367248885892,0.16666666666666666,6,6,-0.00548037767919305,-0.005563711012526383,-0.005647044345859716,Elastic Net
2025-12-24,2025-12-26,-0.00021309828318842507,-1.2093851734850093e-05,-0.0002010044314535749,0.8333333333333333,6,6,-0.00021309828318842507,-0.0006297649498550917,-0.0010464316165217584,Elastic Net
2025-12-26,2025-12-29,4.720846462380831e-05,-0.0009951804921038668,0.001042388956727675,0.8333333333333333,6,6,4.720846462380831e-05,-0.0003694582020428583,-0.0007861248687095249,Elastic Net
2025-12-29,2025-12-30,0.003995377827782199,0.0024410285931838333,0.0015543492345983666,0.8333333333333333,6,6,0.003995377827782199,0.0035787111611155324,0.0031620444944488657,Elastic Net
2025-12-30,2025-12-31,-0.0029207924360580497,-0.0052026224190235585,0.0022818299829655084,1.1666666666666665,6,6,-0.0029207924360580497,-0.003504125769391383,-0.004087459102724716,Elastic Net
2025-12-31,2026-01-02,0.015583679747962133,0.01112558045602514,0.004458099291936991,1.3333333333333333,6,6,0.015583679747962133,0.014917013081295467,0.014250346414628799,Elastic Net
2026-01-02,2026-01-05,0.0033834044216320917,0.0016908420760997581,0.001692562345532333,1.5,6,6,0.0033834044216320917,0.002633404421632092,0.0018834044216320916,Elastic Net
2026-01-05,2026-01-06,0.019801065517785214,0.013528217521399034,0.006272847996386183,0.8333333333333333,6,6,0.019801065517785214,0.019384398851118548,0.018967732184451882,Elastic Net
2026-01-06,2026-01-07,0.004969462791844207,-0.0019608769741329083,0.006930339765977117,0.6666666666666666,6,6,0.004969462791844207,0.004636129458510874,0.00430279612517754,Elastic Net
2026-01-07,2026-01-08,-0.006733908605779567,0.003191368999034992,-0.00992527760481456,0.8333333333333333,6,6,-0.006733908605779567,-0.007150575272446234,-0.007567241939112901,Elastic Net
2026-01-08,2026-01-09,0.0064388894554476255,0.014683222409361592,-0.008244332953913967,1.0,6,6,0.0064388894554476255,0.005938889455447625,0.0054388894554476255,Elastic Net
2026-01-09,2026-01-12,-0.002575954062080033,0.0006462608559520667,-0.0032222149180320997,0.6666666666666666,6,6,-0.002575954062080033,-0.0029092873954133665,-0.0032426207287466996,Elastic Net
2026-01-12,2026-01-13,-0.00222323533178275,0.004671023861642867,-0.006894259193425616,1.0,6,6,-0.00222323533178275,-0.00272323533178275,-0.0032232353317827502,Elastic Net
2026-01-13,2026-01-14,-0.0068897950354686165,-0.0021489877964324163,-0.0047408072390362,0.5,6,6,-0.0068897950354686165,-0.007139795035468617,-0.007389795035468617,Elastic Net
2026-01-14,2026-01-15,-0.0012955030121007168,-0.003048483365612975,0.001752980353512258,0.3333333333333333,6,6,-0.0012955030121007168,-0.0014621696787673836,-0.0016288363454340501,Elastic Net
2026-01-15,2026-01-16,-0.001235883733651667,-0.0029046782328437,0.0016687944991920333,0.6666666666666666,6,6,-0.001235883733651667,-0.0015692170669850004,-0.0019025504003183339,Elastic Net
2026-01-16,2026-01-20,-0.010716128531020698,-0.007365002558261008,-0.0033511259727596913,0.8333333333333333,6,6,-0.010716128531020698,-0.011132795197687364,-0.011549461864354032,Elastic Net
2026-01-20,2026-01-21,0.0008958261978092084,0.0008465218274877001,4.930437032150839e-05,0.6666666666666666,6,6,0.0008958261978092084,0.0005624928644758752,0.00022915953114254178,Elastic Net
2026-01-21,2026-01-22,0.0030123493272521083,0.0050338850988225995,-0.002021535771570491,0.5,6,6,0.0030123493272521083,0.002762349327252108,0.0025123493272521083,Elastic Net
2026-01-22,2026-01-23,-0.007707296997158791,-0.006057718459313016,-0.001649578537845775,0.3333333333333333,6,6,-0.007707296997158791,-0.007873963663825458,-0.008040630330492125,Elastic Net
2026-01-23,2026-01-26,0.007884630185701258,0.006438840408109599,0.001445789777591658,0.5,6,6,0.007884630185701258,0.007634630185701258,0.007384630185701258,Elastic Net
2026-01-26,2026-01-27,0.011345033810016465,-0.001894149420111725,0.01323918323012819,0.8333333333333333,6,6,0.011345033810016465,0.010928367143349799,0.010511700476683131,Elastic Net
2026-01-27,2026-01-28,0.007818918127698792,0.00852359685402659,-0.0007046787263277994,1.0,6,6,0.007818918127698792,0.007318918127698791,0.006818918127698792,Elastic Net
2026-01-28,2026-01-29,-0.004017500848919291,-0.0007885272601105834,-0.0032289735888087075,1.0,6,6,-0.004017500848919291,-0.0045175008489192914,-0.005017500848919291,Elastic Net
2026-01-29,2026-01-30,-0.011400493280715183,-0.005685134414178334,-0.0057153588665368495,0.6666666666666666,6,6,-0.011400493280715183,-0.011733826614048516,-0.01206715994738185,Elastic Net
2026-01-30,2026-02-02,0.0012706837331401327,0.005305997654081575,-0.004035313920941442,0.3333333333333333,6,6,0.0012706837331401327,0.001104017066473466,0.0009373503998067994,Elastic Net
2026-02-02,2026-02-03,-0.018658446000889332,-0.0027959586052088503,-0.015862487395680483,0.5,6,6,-0.018658446000889332,-0.018908446000889333,-0.019158446000889333,Elastic Net
2026-02-03,2026-02-04,-0.015752066962352023,-0.008209394391614966,-0.007542672570737057,0.3333333333333333,6,6,-0.015752066962352023,-0.01591873362901869,-0.016085400295685358,Elastic Net
2026-02-04,2026-02-05,-0.01483101010094189,-0.012446821944522799,-0.002384188156419092,0.6666666666666666,6,6,-0.01483101010094189,-0.015164343434275224,-0.015497676767608557,Elastic Net
2026-02-05,2026-02-06,0.016340357311446622,0.02189497346334238,-0.005554616151895757,0.6666666666666666,6,6,0.016340357311446622,0.016007023978113287,0.015673690644779956,Elastic Net
2026-02-06,2026-02-09,0.015969792639688715,0.006669208290778341,0.009300584348910373,0.8333333333333333,6,6,0.015969792639688715,0.01555312597302205,0.015136459306355382,Elastic Net
2026-02-09,2026-02-10,-0.007260262674684567,-0.0075688432167186,0.00030858054203403314,1.0,6,6,-0.007260262674684567,-0.007760262674684567,-0.008260262674684566,Elastic Net
2026-02-10,2026-02-11,-0.010875202099494202,-0.005731127281362074,-0.005144074818132125,1.0,6,6,-0.010875202099494202,-0.011375202099494202,-0.011875202099494202,Elastic Net
2026-02-11,2026-02-12,0.0013112264676889169,-0.009630024549403307,0.010941251017092224,0.6666666666666666,6,6,0.0013112264676889169,0.0009778931343555836,0.0006445598010222502,Elastic Net
2026-02-12,2026-02-13,0.007285704001301817,0.004188076873405366,0.00309762712789645,0.8333333333333333,6,6,0.007285704001301817,0.00686903733463515,0.006452370667968483,Elastic Net
2026-02-13,2026-02-17,0.0008102157994106084,-0.0024162814990333747,0.003226497298443983,0.5,6,6,0.0008102157994106084,0.0005602157994106084,0.0003102157994106084,Elastic Net
2026-02-17,2026-02-18,0.0034394196296605507,0.005060019814120534,-0.0016206001844599833,0.6666666666666666,6,6,0.0034394196296605507,0.003106086296327217,0.002772752962993884,Elastic Net
2026-02-18,2026-02-19,-0.0038304249083190084,-0.004071845516315166,0.0002414206079961583,0.5,6,6,-0.0038304249083190084,-0.004080424908319009,-0.004330424908319008,Elastic Net
2026-02-19,2026-02-20,0.0012982926492944823,-0.0021614397893680915,0.0034597324386625742,0.6666666666666666,6,6,0.0012982926492944823,0.000964959315961149,0.0006316259826278156,Elastic Net
2026-02-20,2026-02-23,-0.029620452244085143,-0.02390840391189779,-0.005712048332187349,0.6666666666666666,6,6,-0.029620452244085143,-0.029953785577418478,-0.03028711891075181,Elastic Net
2026-02-23,2026-02-24,0.010200188280946165,0.012916325291778982,-0.002716137010832817,0.6666666666666666,6,6,0.010200188280946165,0.009866854947612832,0.009533521614279498,Elastic Net
2026-02-24,2026-02-25,0.010914259312201208,0.009330568250209274,0.001583691061991933,0.6666666666666666,6,6,0.010914259312201208,0.010580925978867875,0.010247592645534542,Elastic Net
2026-02-25,2026-02-26,0.005356861516703267,0.0017428851492650083,0.0036139763674382583,0.8333333333333333,6,6,0.005356861516703267,0.0049401948500366,0.004523528183369934,Elastic Net
2026-02-26,2026-02-27,-0.011188338714577958,-0.005051674567261159,-0.0061366641473168,0.6666666666666666,6,6,-0.011188338714577958,-0.011521672047911291,-0.011855005381244624,Elastic Net
2026-02-27,2026-03-02,0.00732966754651289,0.00195828976616785,0.005371377780345041,0.6666666666666666,6,6,0.00732966754651289,0.006996334213179557,0.006663000879846223,Elastic Net
2026-03-02,2026-03-03,-0.0035474996482996253,-0.008006928187937426,0.004459428539637799,0.16666666666666666,6,6,-0.0035474996482996253,-0.0036308329816329586,-0.003714166314966292,Elastic Net
2026-03-03,2026-03-04,0.015635196409639035,0.011964975465979959,0.003670220943659075,0.6666666666666666,6,6,0.015635196409639035,0.015301863076305702,0.014968529742972369,Elastic Net
2026-03-04,2026-03-05,-0.0003490801478614916,-0.004817685508773183,0.004468605360911692,0.5,6,6,-0.0003490801478614916,-0.0005990801478614916,-0.0008490801478614916,Elastic Net
2026-03-05,2026-03-06,-0.01367861951352839,-0.010051075174561974,-0.003627544338966416,0.8333333333333333,6,6,-0.01367861951352839,-0.014095286180195055,-0.014511952846861723,Elastic Net
2026-03-06,2026-03-09,0.0043898934902197335,0.002449661745499975,0.0019402317447197582,0.6666666666666666,6,6,0.0043898934902197335,0.0040565601568864,0.003723226823553067,Elastic Net
2026-03-09,2026-03-10,0.004146330899478273,-0.0003058331634920334,0.0044521640629703076,1.0,6,6,0.004146330899478273,0.0036463308994782733,0.0031463308994782732,Elastic Net
2026-03-10,2026-03-11,-0.006020265903112832,-0.0031038618783685904,-0.002916404024744242,0.6666666666666666,6,6,-0.006020265903112832,-0.006353599236446165,-0.006686932569779499,Elastic Net
2026-03-11,2026-03-12,-0.006119564098088432,-0.009633826297714067,0.0035142621996256335,0.5,6,6,-0.006119564098088432,-0.006369564098088433,-0.006619564098088433,Elastic Net
2026-03-12,2026-03-13,-0.008286044101370741,-0.00396259640578585,-0.004323447695584892,0.6666666666666666,6,6,-0.008286044101370741,-0.008619377434704074,-0.008952710768037407,Elastic Net
2026-03-13,2026-03-16,0.0019074851577675165,0.004205445880693774,-0.0022979607229262583,0.6666666666666666,6,6,0.0019074851577675165,0.0015741518244341832,0.00124081849110085,Elastic Net
2026-03-16,2026-03-17,0.006482298848523409,0.0026772607845238165,0.0038050380639995914,1.0,6,6,0.006482298848523409,0.005982298848523408,0.005482298848523409,Elastic Net
2026-03-17,2026-03-18,0.003260897017135075,-0.0015897782836394665,0.004850675300774541,0.5,6,6,0.003260897017135075,0.003010897017135075,0.002760897017135075,Elastic Net
2026-03-18,2026-03-19,0.0015192938294835417,0.0019629914795620167,-0.00044369765007847505,0.6666666666666666,6,6,0.0015192938294835417,0.0011859604961502084,0.000852627162816875,Elastic Net
2026-03-19,2026-03-20,-0.002477365421063292,-0.0065140102261055585,0.004036644805042266,0.5,6,6,-0.002477365421063292,-0.0027273654210632917,-0.002977365421063292,Elastic Net
2026-03-20,2026-03-23,0.007012835957441634,0.010335603228054775,-0.003322767270613141,0.8333333333333333,6,6,0.007012835957441634,0.006596169290774967,0.0061795026241083005,Elastic Net
2026-03-23,2026-03-24,-0.009943078512855745,-0.006823355146098682,-0.003119723366757063,0.8333333333333333,6,6,-0.009943078512855745,-0.010359745179522411,-0.010776411846189079,Elastic Net
2026-03-24,2026-03-25,0.004709957938041666,0.006351928252402824,-0.0016419703143611582,0.6666666666666666,6,6,0.004709957938041666,0.004376624604708333,0.004043291271374999,Elastic Net
2026-03-25,2026-03-26,-0.006182993885130558,-0.007851425815848849,0.0016684319307182917,0.6666666666666666,6,6,-0.006182993885130558,-0.006516327218463891,-0.006849660551797225,Elastic Net
2026-03-26,2026-03-27,-0.016196674560465342,-0.013432437419120707,-0.0027642371413446323,0.8333333333333333,6,6,-0.016196674560465342,-0.016613341227132008,-0.017030007893798674,Elastic Net
2026-03-27,2026-03-30,-0.011840303012525765,-0.007224628025379224,-0.004615674987146542,0.8333333333333333,6,6,-0.011840303012525765,-0.012256969679192431,-0.012673636345859099,Elastic Net
2026-03-30,2026-03-31,0.022634154950076042,0.023015434748202626,-0.00038127979812658337,0.5,6,6,0.022634154950076042,0.022384154950076042,0.022134154950076042,Elastic Net
2026-03-31,2026-04-01,0.02945341658419836,0.008376325034754266,0.021077091549444097,0.8333333333333333,6,6,0.02945341658419836,0.029036749917531694,0.028620083250865028,Elastic Net
2026-04-01,2026-04-02,0.0018498829755819828,0.0035722093526529162,-0.0017223263770709334,0.5,6,6,0.0018498829755819828,0.0015998829755819828,0.0013498829755819828,Elastic Net
2026-04-02,2026-04-06,0.002271454262155733,0.002998231221306366,-0.0007267769591506335,0.5,6,6,0.002271454262155733,0.0020214542621557327,0.0017714542621557329,Elastic Net
2026-04-06,2026-04-07,-0.006317123253090315,-0.00046309945673062486,-0.005854023796359691,1.0,6,6,-0.006317123253090315,-0.006817123253090316,-0.007317123253090315,Elastic Net
2026-04-07,2026-04-08,0.01931129512444888,0.01607834784343155,0.0032329472810173317,0.6666666666666666,6,6,0.01931129512444888,0.018977961791115546,0.018644628457782215,Elastic Net
2026-04-08,2026-04-09,-0.005666099969908573,-0.0013318375876766751,-0.004334262382231897,0.8333333333333333,6,6,-0.005666099969908573,-0.0060827666365752394,-0.006499433303241906,Elastic Net
2026-04-09,2026-04-10,0.003957525216038057,-0.0018649085479012417,0.005822433763939299,1.0,6,6,0.003957525216038057,0.003457525216038057,0.002957525216038057,Elastic Net
2026-04-10,2026-04-13,0.0056397188048438835,0.004865943321715133,0.0007737754831287505,0.5,6,6,0.0056397188048438835,0.005389718804843883,0.005139718804843884,Elastic Net
2026-04-13,2026-04-14,0.005857690387133017,0.003658459538211866,0.0021992308489211495,1.3333333333333333,6,6,0.005857690387133017,0.00519102372046635,0.004524357053799684,Elastic Net
2026-04-14,2026-04-15,0.009551798734714574,0.004652057818218291,0.004899740916496283,0.6666666666666666,6,6,0.009551798734714574,0.009218465401381241,0.008885132068047908,Elastic Net
2026-04-15,2026-04-16,0.0015768171111203923,0.0037691354313405746,-0.0021923183202201832,0.5,6,6,0.0015768171111203923,0.0013268171111203923,0.0010768171111203923,Elastic Net
2026-04-16,2026-04-17,0.009921156042531624,0.008934260124577433,0.0009868959179541923,0.6666666666666666,6,6,0.009921156042531624,0.009587822709198291,0.009254489375864958,Elastic Net
2026-04-17,2026-04-20,-0.00030317690616455013,-0.0005267214400898751,0.00022354453392532512,0.5,6,6,-0.00030317690616455013,-0.0005531769061645501,-0.0008031769061645501,Elastic Net
2026-04-20,2026-04-21,0.002303494959728334,0.0009820981334208998,0.0013213968263074334,0.8333333333333333,6,6,0.002303494959728334,0.001886828293061667,0.0014701616263950005,Elastic Net
2026-04-21,2026-04-22,-0.006447945590733766,-0.003314014289189141,-0.003133931301544625,1.0,6,6,-0.006447945590733766,-0.006947945590733766,-0.007447945590733766,Elastic Net
2026-04-22,2026-04-23,-0.01566997315911756,-0.0022141345007567494,-0.01345583865836081,0.6666666666666666,6,6,-0.01566997315911756,-0.016003306492450894,-0.016336639825784226,Elastic Net
2026-04-23,2026-04-24,-0.0023992116685313,-0.0036244540536020833,0.001225242385070783,0.6666666666666666,6,6,-0.0023992116685313,-0.0027325450018646333,-0.0030658783351979664,Elastic Net
2026-04-24,2026-04-27,0.007139544360993425,0.004260993132763308,0.0028785512282301163,0.6666666666666666,6,6,0.007139544360993425,0.006806211027660092,0.006472877694326758,Elastic Net
2026-04-27,2026-04-28,-0.011754312416524318,-0.0051107687644674745,-0.006643543652056841,0.5,6,6,-0.011754312416524318,-0.012004312416524318,-0.012254312416524318,Elastic Net
2026-04-28,2026-04-29,-0.011227242430199416,-0.007140302439276724,-0.0040869399909226915,0.5,6,6,-0.011227242430199416,-0.011477242430199416,-0.011727242430199417,Elastic Net
2026-04-29,2026-04-30,-0.010046910855995798,0.0036722927754226165,-0.013719203631418413,0.5,6,6,-0.010046910855995798,-0.010296910855995798,-0.010546910855995798,Elastic Net
2026-04-30,2026-05-01,0.005886955029703724,0.00468979417416884,0.001197160855534884,1.1666666666666665,6,6,0.005886955029703724,0.005303621696370391,0.0047202883630370574,Elastic Net
2026-05-01,2026-05-04,-0.0029077287058649247,-0.004199263350719716,0.0012915346448547915,0.3333333333333333,6,6,-0.0029077287058649247,-0.0030743953725315912,-0.003241062039198258,Elastic Net
2026-05-04,2026-05-05,0.011357842297455291,0.015251989354861441,-0.00389414705740615,0.8333333333333333,6,6,0.011357842297455291,0.010941175630788625,0.010524508964121958,Elastic Net
2026-05-05,2026-05-06,0.009295553667832291,0.008799021846390857,0.0004965318214414339,0.6666666666666666,6,6,0.009295553667832291,0.008962220334498958,0.008628887001165625,Elastic Net
2026-05-06,2026-05-07,0.0005136861161655413,-0.0025089845874314417,0.0030226707035969835,1.1666666666666665,6,6,0.0005136861161655413,-6.964721716779193e-05,-0.0006529805505011252,Elastic Net
2026-05-07,2026-05-08,0.008706843266027293,0.010437750409157618,-0.0017309071431303247,0.5,6,6,0.008706843266027293,0.008456843266027293,0.008206843266027292,Elastic Net
2026-05-08,2026-05-11,-0.0065847193549182425,-0.0025475226343008913,-0.00403719672061735,0.8333333333333333,6,6,-0.0065847193549182425,-0.007001386021584909,-0.007418052688251576,Elastic Net
2026-05-11,2026-05-12,-0.01153460821711905,-0.006742332773935317,-0.004792275443183733,1.1666666666666665,6,6,-0.01153460821711905,-0.012117941550452383,-0.012701274883785717,Elastic Net
2026-05-12,2026-05-13,-0.003083112717169792,0.0031560059449996245,-0.006239118662169416,1.0,6,6,-0.003083112717169792,-0.003583112717169792,-0.004083112717169792,Elastic Net
2026-05-13,2026-05-14,-0.008896286288592804,0.002263374397768425,-0.011159660686361234,0.5,6,6,-0.008896286288592804,-0.009146286288592804,-0.009396286288592804,Elastic Net
2026-05-14,2026-05-15,-0.015067051815289317,-0.013067073192985182,-0.0019999786223041326,0.6666666666666666,6,6,-0.015067051815289317,-0.01540038514862265,-0.015733718481955983,Elastic Net
2026-05-15,2026-05-18,-0.00911321429947064,-0.0026933195444496165,-0.006419894755021025,0.8333333333333333,6,6,-0.00911321429947064,-0.009529880966137307,-0.009946547632803974,Elastic Net
2026-05-18,2026-05-19,-0.0047244520065368905,-0.003197475216693958,-0.0015269767898429334,0.5,6,6,-0.0047244520065368905,-0.004974452006536891,-0.00522445200653689,Elastic Net
2026-05-19,2026-05-20,0.02388471259981831,0.02043836930618753,0.0034463432936307752,0.8333333333333333,6,6,0.02388471259981831,0.023468045933151643,0.023051379266484977,Elastic Net
2026-05-20,2026-05-21,0.01032930078499129,0.0033944759343462246,0.006934824850645066,0.6666666666666666,6,6,0.01032930078499129,0.009995967451657957,0.009662634118324624,Elastic Net
2026-05-21,2026-05-22,0.004220064856530342,0.0035146857723698335,0.0007053790841605083,0.5,6,6,0.004220064856530342,0.003970064856530342,0.0037200648565303422,Elastic Net
2026-05-22,2026-05-26,0.016549286053168223,0.004125519584231683,0.012423766468936542,0.6666666666666666,6,6,0.016549286053168223,0.01621595271983489,0.015882619386501557,Elastic Net
2026-05-26,2026-05-27,0.0001232307161403417,-0.0008406437213933668,0.0009638744375337085,0.5,6,6,0.0001232307161403417,-0.00012676928385965832,-0.0003767692838596583,Elastic Net
2026-05-27,2026-05-28,0.0092827893192072,0.006082192857719866,0.003200596461487333,0.6666666666666666,6,6,0.0092827893192072,0.008949455985873867,0.008616122652540534,Elastic Net
2026-05-28,2026-05-29,-0.015616792030438597,-0.0015457077439184085,-0.014071084286520192,0.6666666666666666,6,6,-0.015616792030438597,-0.015950125363771932,-0.016283458697105263,Elastic Net
2026-05-29,2026-06-01,-0.01548464442604034,-0.01501480569228539,-0.00046983873375495,0.8333333333333333,6,6,-0.01548464442604034,-0.015901311092707007,-0.016317977759373672,Elastic Net
2026-06-01,2026-06-02,0.006305438378155158,0.005076052477503833,0.0012293859006513252,0.5,6,6,0.006305438378155158,0.006055438378155158,0.005805438378155158,Elastic Net
2026-06-02,2026-06-03,0.014274115466722626,0.0068516282553693734,0.00742248721135325,0.6666666666666666,6,6,0.014274115466722626,0.013940782133389293,0.01360744880005596,Elastic Net
2026-06-03,2026-06-04,-0.00261517904143495,0.0020724228445565323,-0.004687601885991483,1.0,6,6,-0.00261517904143495,-0.00311517904143495,-0.00361517904143495,Elastic Net
2026-06-04,2026-06-05,-0.03166308467555645,-0.02829397342322115,-0.003369111252335308,0.8333333333333333,6,6,-0.03166308467555645,-0.03207975134222312,-0.032496418008889784,Elastic Net
2026-06-05,2026-06-08,0.010303544294101822,0.009687865956610473,0.0006156783374913498,0.16666666666666666,6,6,0.010303544294101822,0.01022021096076849,0.010136877627435155,Elastic Net
2026-06-08,2026-06-09,-0.0018277595771020003,-0.0035466242524911083,0.0017188646753891084,0.16666666666666666,6,6,-0.0018277595771020003,-0.0019110929104353335,-0.001994426243768667,Elastic Net
2026-06-09,2026-06-10,-0.015225775985230717,-0.013051727745056824,-0.002174048240173892,0.8333333333333333,6,6,-0.015225775985230717,-0.015642442651897383,-0.01605910931856405,Elastic Net
2026-06-10,2026-06-11,0.02705767527793853,0.024562997057703956,0.0024946782202345742,0.6666666666666666,6,6,0.02705767527793853,0.026724341944605195,0.026391008611271864,Elastic Net
2026-06-11,2026-06-12,0.0010286360302081588,0.0011169021273061668,-8.82660970980081e-05,1.0,6,6,0.0010286360302081588,0.0005286360302081588,2.8636030208158744e-05,Elastic Net
2026-06-12,2026-06-15,0.021730844376459477,0.012146115376333692,0.009584729000125783,0.5,6,6,0.021730844376459477,0.021480844376459477,0.021230844376459477,Elastic Net
2026-06-15,2026-06-16,-0.004712870725150559,-0.004259186824848983,-0.0004536839003015748,0.8333333333333333,6,6,-0.004712870725150559,-0.005129537391817225,-0.005546204058483892,Elastic Net
2026-06-16,2026-06-17,-0.0019020816812525922,-0.006750788608521166,0.004848706927268574,1.0,6,6,-0.0019020816812525922,-0.002402081681252592,-0.0029020816812525925,Elastic Net
2026-06-17,2026-06-18,0.018515116483427848,0.010642856660046572,0.007872259823381274,0.5,6,6,0.018515116483427848,0.018265116483427848,0.018015116483427848,Elastic Net
2026-06-18,2026-06-22,-0.003026049800305866,-0.0037106201012259993,0.0006845703009201332,0.8333333333333333,6,6,-0.003026049800305866,-0.003442716466972533,-0.0038593831336391996,Elastic Net
2026-06-22,2026-06-23,-0.01991973519820532,-0.012511487005171924,-0.007408248193033399,0.8333333333333333,6,6,-0.01991973519820532,-0.020336401864871987,-0.020753068531538653,Elastic Net
2026-06-23,2026-06-24,-0.0019815363059340996,-0.006795147734990842,0.004813611429056741,0.8333333333333333,6,6,-0.0019815363059340996,-0.0023982029726007663,-0.0028148696392674326,Elastic Net
2026-06-24,2026-06-25,0.002323008350756175,0.0019233048407553501,0.00039970351000082494,0.5,6,6,0.002323008350756175,0.0020730083507561753,0.001823008350756175,Elastic Net
2026-06-25,2026-06-26,-0.030282338820770197,-0.019339582714822966,-0.010942756105947232,1.0,6,6,-0.030282338820770197,-0.030782338820770198,-0.031282338820770195,Elastic Net
2026-06-26,2026-06-29,0.005828944181649591,0.003946316267999599,0.0018826279136499916,1.0,6,6,0.005828944181649591,0.005328944181649592,0.004828944181649591,Elastic Net
2026-06-29,2026-06-30,0.005544942192353224,-0.0006700436073561744,0.0062149857997093995,1.0,6,6,0.005544942192353224,0.005044942192353224,0.004544942192353224,Elastic Net
2026-06-30,2026-07-01,-0.02308135032848529,-0.01565477525426749,-0.0074265750742178,0.8333333333333333,6,6,-0.02308135032848529,-0.023498016995151957,-0.023914683661818623,Elastic Net
2026-07-01,2026-07-02,-0.01586064063987203,-0.004518197461592233,-0.011342443178279798,1.0,6,6,-0.01586064063987203,-0.01636064063987203,-0.01686064063987203,Elastic Net
2026-07-02,2026-07-06,0.01737241379209159,0.01272698695517304,0.0046454268369185495,0.8333333333333333,6,6,0.01737241379209159,0.016955747125424924,0.016539080458758258,Elastic Net
2026-07-06,2026-07-07,-0.025973609119816467,-0.017207465146139182,-0.008766143973677283,0.8333333333333333,6,6,-0.025973609119816467,-0.026390275786483133,-0.0268069424531498,Elastic Net
2026-07-07,2026-07-08,0.00039487964617842446,-0.002452401633069059,0.002847281279247483,1.0,6,6,0.00039487964617842446,-0.00010512035382157555,-0.0006051203538215756,Elastic Net
2026-07-08,2026-07-09,0.014612709982015484,0.009256812108729832,0.00535589787328565,0.8333333333333333,6,6,0.014612709982015484,0.014196043315348818,0.01377937664868215,Elastic Net
2026-07-09,2026-07-10,-0.0020228653192249416,-0.003883532252561358,0.0018606669333364168,0.6666666666666666,6,6,-0.0020228653192249416,-0.002356198652558275,-0.002689531985891608,Elastic Net
2026-07-10,2026-07-13,-0.020299782053618626,-0.018785465443990908,-0.0015143166096277165,1.0,6,6,-0.020299782053618626,-0.020799782053618626,-0.021299782053618627,Elastic Net
2026-07-13,2026-07-14,0.0031659618609691073,-0.002025161037285209,0.005191122898254316,1.1666666666666665,6,6,0.0031659618609691073,0.002582628527635774,0.0019992951943024408,Elastic Net
2026-07-14,2026-07-15,-0.003904317873462317,-0.0032827134375588668,-0.0006216044359034498,1.0,6,6,-0.003904317873462317,-0.004404317873462317,-0.004904317873462316,Elastic Net
2026-07-15,2026-07-16,-0.013538926090991448,-0.01239340554767565,-0.0011455205433158,0.6666666666666666,6,6,-0.013538926090991448,-0.013872259424324782,-0.014205592757658115,Elastic Net
2026-07-16,2026-07-17,-0.0018421037328362412,-0.004495381503455208,0.0026532777706189665,0.16666666666666666,6,6,-0.0018421037328362412,-0.0019254370661695745,-0.0020087703995029078,Elastic Net
2026-07-17,2026-07-20,-0.00023993215811403358,-0.00456214815372405,0.004322215995610016,0.3333333333333333,6,6,-0.00023993215811403358,-0.0004065988247807002,-0.0005732654914473668,Elastic Net
2026-07-20,2026-07-21,0.010328605414921957,0.014909465836814517,-0.004580860421892558,0.6666666666666666,6,6,0.010328605414921957,0.009995272081588624,0.009661938748255291,Elastic Net
2026-07-21,2026-07-22,-0.005569836158330325,-0.003924651017319833,-0.0016451851410104917,0.8333333333333333,6,6,-0.005569836158330325,-0.005986502824996992,-0.006403169491663659,Elastic Net
2026-07-22,2026-07-23,-0.012705116429340316,-0.008293994125396824,-0.004411122303943492,0.8333333333333333,6,6,-0.012705116429340316,-0.013121783096006982,-0.01353844976267365,Elastic Net
2026-07-23,2026-07-24,-0.015178414452324299,-0.011482279662551876,-0.0036961347897724248,0.5,6,6,-0.015178414452324299,-0.0154284144523243,-0.015678414452324298,Elastic Net
2026-07-24,2026-07-27,0.004622894468814625,0.003357814009888083,0.0012650804589265418,0.6666666666666666,6,6,0.004622894468814625,0.004289561135481292,0.003956227802147958,Elastic Net
2026-07-27,2026-07-28,-0.012556323013260923,-0.003969810670656816,-0.008586512342604108,0.8333333333333333,6,6,-0.012556323013260923,-0.012972989679927589,-0.013389656346594257,Elastic Net
2026-07-28,2026-07-29,-0.019124087641248008,-0.02035063125506788,0.0012265436138198752,0.6666666666666666,6,6,-0.019124087641248008,-0.019457420974581342,-0.019790754307914674,Elastic Net
2026-07-29,2026-07-30,0.0014870467924384895,0.012949178087773891,-0.011462131295335399,0.6666666666666666,6,6,0.0014870467924384895,0.0011537134591051562,0.0008203801257718229,Elastic Net
2026-07-30,2026-07-31,0.0038181259803092157,-0.0013495614261267914,0.005167687406436008,0.8333333333333333,6,6,0.0038181259803092157,0.003401459313642549,0.0029847926469758826,Elastic Net
2026-07-31,2026-08-03,0.008693406541649757,0.010903952496688683,-0.002210545955038925,0.5,6,6,0.008693406541649757,0.008443406541649757,0.008193406541649757,Elastic Net
2026-08-03,2026-08-04,0.02640197309309139,0.02866486052954409,-0.0022628874364526994,0.8333333333333333,6,6,0.02640197309309139,0.025985306426424725,0.02556863975975806,Elastic Net
2026-08-04,2026-08-05,-0.010168136368558168,-0.004234550357595908,-0.005933586010962258,0.5,6,6,-0.010168136368558168,-0.010418136368558168,-0.010668136368558168,Elastic Net
2026-08-05,2026-08-06,-0.005432909794371591,-0.0033802922514455077,-0.002052617542926083,0.6666666666666666,6,6,-0.005432909794371591,-0.005766243127704924,-0.006099576461038258,Elastic Net
2026-08-06,2026-08-07,0.007586667156056725,0.009347826377251659,-0.0017611592211949335,0.5,6,6,0.007586667156056725,0.007336667156056725,0.0070866671560567245,Elastic Net
2026-08-07,2026-08-10,-0.015984916011249916,-0.005564549043099775,-0.01042036696815014,0.8333333333333333,6,6,-0.015984916011249916,-0.016401582677916582,-0.016818249344583248,Elastic Net
2026-08-10,2026-08-11,-0.00021936509880453434,-0.0016736347183872082,0.0014542696195826738,0.5,6,6,-0.00021936509880453434,-0.00046936509880453434,-0.0007193650988045343,Elastic Net
2026-08-11,2026-08-12,0.007559294266259949,0.004880457466303666,0.002678836799956283,0.6666666666666666,6,6,0.007559294266259949,0.007225960932926616,0.006892627599593282,Elastic Net
2026-08-12,2026-08-13,0.009815239192605726,0.004888278285397259,0.004926960907208467,0.8333333333333333,6,6,0.009815239192605726,0.00939857252593906,0.008981905859272393,Elastic Net
2026-08-13,2026-08-14,-0.0006211420011809754,-0.0016254422082238162,0.0010043002070428415,0.6666666666666666,6,6,-0.0006211420011809754,-0.0009544753345143088,-0.001287808667847642,Elastic Net
2026-08-14,2026-08-17,-0.0005494210374462078,-0.001777237667614658,0.00122781663016845,0.3333333333333333,6,6,-0.0005494210374462078,-0.0007160877041128745,-0.0008827543707795411,Elastic Net
2026-08-17,2026-08-18,-0.020643931073253234,-0.01654823132602625,-0.004095699747226983,0.3333333333333333,6,6,-0.020643931073253234,-0.0208105977399199,-0.02097726440658657,Elastic Net
2026-08-18,2026-08-19,-0.020816083986311115,-0.007050397259595541,-0.013765686726715574,0.5,6,6,-0.020816083986311115,-0.021066083986311115,-0.021316083986311116,Elastic Net
2026-08-19,2026-08-20,0.009462225223676821,-0.0039000832104749083,0.013362308434151732,0.6666666666666666,6,6,0.009462225223676821,0.009128891890343488,0.008795558557010155,Elastic Net
2026-08-20,2026-08-21,0.0005931760815948506,0.0027148281279542174,-0.0021216520463593668,0.5,6,6,0.0005931760815948506,0.0003431760815948506,9.31760815948506e-05,Elastic Net
2026-08-21,2026-08-24,-0.012959251526489107,-0.009465887546261516,-0.003493363980227591,0.5,6,6,-0.012959251526489107,-0.013209251526489107,-0.013459251526489108,Elastic Net
2026-08-24,2026-08-25,0.00197413946975175,0.0036787803771758084,-0.0017046409074240583,0.6666666666666666,6,6,0.00197413946975175,0.0016408061364184166,0.0013074728030850833,Elastic Net
2026-08-25,2026-08-26,0.013577608486388757,0.007311647363047942,0.006265961123340816,0.6666666666666666,6,6,0.013577608486388757,0.013244275153055424,0.012910941819722091,Elastic Net
2026-08-26,2026-08-27,0.013243874455514358,0.006363565869290483,0.006880308586223875,0.3333333333333333,6,6,0.013243874455514358,0.01307720778884769,0.012910541122181025,Elastic Net
2022-01-03,2022-01-04,-0.019689159522350032,-0.008680519479818866,-0.011008640042531166,1.0,6,6,-0.019689159522350032,-0.020189159522350033,-0.020689159522350033,XGBoost
2022-01-04,2022-01-05,0.0005615483119142833,-0.004132963540925942,0.004694511852840225,0.6666666666666666,6,6,0.0005615483119142833,0.00022821497858094996,-0.00010511835475238336,XGBoost
2022-01-05,2022-01-06,-0.002993971478487141,-0.0009219921677775746,-0.002071979310709567,0.6666666666666666,6,6,-0.002993971478487141,-0.0033273048118204747,-0.0036606381451538077,XGBoost
2022-01-06,2022-01-07,0.008144874440731916,0.0021446320187987165,0.0060002424219331996,0.6666666666666666,6,6,0.008144874440731916,0.007811541107398583,0.007478207774065249,XGBoost
2022-01-07,2022-01-10,-0.0006701577885070418,0.0033097087829678327,-0.003979866571474875,0.8333333333333333,6,6,-0.0006701577885070418,-0.0010868244551737083,-0.001503491121840375,XGBoost
2022-01-10,2022-01-11,-0.002707485164504025,0.0017235060226712582,-0.004430991187175283,1.1666666666666665,6,6,-0.002707485164504025,-0.003290818497837358,-0.0038741518311706915,XGBoost
2022-01-11,2022-01-12,0.0010775485253583252,0.0018906756555921007,-0.0008131271302337751,1.5,6,6,0.0010775485253583252,0.0003275485253583252,-0.0004224514746416748,XGBoost
2022-01-12,2022-01-13,0.0035556921007845084,-0.0023033439104151,0.005859036011199609,1.5,6,6,0.0035556921007845084,0.0028056921007845086,0.0020556921007845084,XGBoost
2022-01-13,2022-01-14,-0.001251736194712683,0.0019192533903730669,-0.0031709895850857497,1.1666666666666665,6,6,-0.001251736194712683,-0.0018350695280460164,-0.00241840286137935,XGBoost
2022-01-14,2022-01-18,0.0011480883241548074,-0.0100797984463992,0.011227886770554007,1.1666666666666665,6,6,0.0011480883241548074,0.0005647549908214741,-1.857834251185915e-05,XGBoost
2022-01-18,2022-01-19,-0.006417015325820641,-0.009403095581189734,0.0029860802553690917,1.1666666666666665,6,6,-0.006417015325820641,-0.0070003486591539744,-0.007583681992487308,XGBoost
2022-01-19,2022-01-20,-0.012147528410576017,-0.009854977322696567,-0.0022925510878794497,1.1666666666666665,6,6,-0.012147528410576017,-0.01273086174390935,-0.013314195077242684,XGBoost
2022-01-20,2022-01-21,-0.0032992571006668914,-0.002840257308751375,-0.00045899979191551664,0.8333333333333333,6,6,-0.0032992571006668914,-0.003715923767333558,-0.004132590434000225,XGBoost
2022-01-21,2022-01-24,0.0026738657013250173,0.0006167626772928497,0.0020571030240321667,1.0,6,6,0.0026738657013250173,0.0021738657013250172,0.0016738657013250172,XGBoost
2022-01-24,2022-01-25,0.006801963030860607,0.006184154127796142,0.0006178089030644666,1.1666666666666665,6,6,0.006801963030860607,0.006218629697527274,0.00563529636419394,XGBoost
2022-01-25,2022-01-26,0.007491918241400742,0.006380491371488557,0.0011114268699121835,1.5,6,6,0.007491918241400742,0.006741918241400742,0.005991918241400742,XGBoost
2022-01-26,2022-01-27,0.0029182827037925003,0.0013504076107623251,0.0015678750930301748,1.3333333333333333,6,6,0.0029182827037925003,0.0022516160371258338,0.001584949370459167,XGBoost
2022-01-27,2022-01-28,0.0013721034283803416,0.0016265985479706415,-0.0002544951195902999,1.3333333333333333,6,6,0.0013721034283803416,0.0007054367617136749,3.877009504700828e-05,XGBoost
2022-01-28,2022-01-31,0.003827058672689225,0.007448057465072432,-0.003620998792383209,1.3333333333333333,6,6,0.003827058672689225,0.0031603920060225585,0.002493725339355892,XGBoost
2022-01-31,2022-02-01,0.009596638750214099,0.012026941744999941,-0.002430302994785842,0.5,6,6,0.009596638750214099,0.009346638750214098,0.009096638750214098,XGBoost
2022-02-01,2022-02-02,0.006224477076316799,0.006922783289987108,-0.0006983062136703082,1.1666666666666665,6,6,0.006224477076316799,0.005641143742983466,0.005057810409650133,XGBoost
2022-02-02,2022-02-03,0.005739397898644714,-0.004897257896953267,0.010636655795597982,1.5,6,6,0.005739397898644714,0.004989397898644714,0.004239397898644713,XGBoost
2022-02-03,2022-02-04,0.0077277503105884745,0.0031869220819125666,0.004540828228675908,1.0,6,6,0.0077277503105884745,0.007227750310588475,0.006727750310588474,XGBoost
2022-02-04,2022-02-07,-0.00017946214947866666,0.0010695686355555918,-0.0012490307850342582,1.5,6,6,-0.00017946214947866666,-0.0009294621494786667,-0.0016794621494786667,XGBoost
2022-02-07,2022-02-08,-0.0026608217996189317,0.0050030468591768665,-0.007663868658795798,1.6666666666666665,6,6,-0.0026608217996189317,-0.003494155132952265,-0.004327488466285598,XGBoost
2022-02-08,2022-02-09,0.007642709546116749,0.0064419733526082075,0.0012007361935085416,1.1666666666666665,6,6,0.007642709546116749,0.007059376212783416,0.006476042879450083,XGBoost
2022-02-09,2022-02-10,0.004185909128433899,-0.005575353452481407,0.009761262580915309,1.1666666666666665,6,6,0.004185909128433899,0.0036025757951005655,0.003019242461767232,XGBoost
2022-02-10,2022-02-11,0.0035268913252873915,-0.004095921372929758,0.0076228126982171495,1.3333333333333333,6,6,0.0035268913252873915,0.002860224658620725,0.0021935579919540584,XGBoost
2022-02-11,2022-02-14,0.0017245262127312914,-0.0021534811576992335,0.003878007370430525,0.6666666666666666,6,6,0.0017245262127312914,0.0013911928793979582,0.001057859546064625,XGBoost
2022-02-14,2022-02-15,-0.006774286327769975,0.0007906948855298667,-0.007564981213299841,1.3333333333333333,6,6,-0.006774286327769975,-0.007440952994436642,-0.00810761966110331,XGBoost
2022-02-15,2022-02-16,-0.0021090416605366582,-0.0022204195237537083,0.00011137786321704999,0.8333333333333333,6,6,-0.0021090416605366582,-0.002525708327203325,-0.0029423749938699917,XGBoost
2022-02-16,2022-02-17,-0.008154810723383782,-0.012429702327158424,0.0042748916037746425,1.3333333333333333,6,6,-0.008154810723383782,-0.008821477390050448,-0.009488144056717116,XGBoost
2022-02-17,2022-02-18,-0.004949840792856524,-0.00293792003686675,-0.0020119207559897746,1.1666666666666665,6,6,-0.004949840792856524,-0.005533174126189857,-0.0061165074595231905,XGBoost
2022-02-18,2022-02-22,-0.001133579471764941,-0.0062797500800287655,0.005146170608263825,0.6666666666666666,6,6,-0.001133579471764941,-0.0014669128050982742,-0.0018002461384316075,XGBoost
2022-02-22,2022-02-23,0.0045865326453211576,-0.003391442003325616,0.007977974648646776,1.0,6,6,0.0045865326453211576,0.004086532645321158,0.0035865326453211575,XGBoost
2022-02-23,2022-02-24,0.0019113989373721334,0.005726009649263624,-0.0038146107118914915,1.0,6,6,0.0019113989373721334,0.0014113989373721334,0.0009113989373721334,XGBoost
2022-02-24,2022-02-25,0.0026322719615503084,0.013090482966695176,-0.010458211005144866,1.3333333333333333,6,6,0.0026322719615503084,0.001965605294883642,0.001298938628216975,XGBoost
2022-02-25,2022-02-28,0.0016872567730676915,-0.0003534150595120749,0.002040671832579767,1.5,6,6,0.0016872567730676915,0.0009372567730676915,0.00018725677306769147,XGBoost
2022-02-28,2022-03-01,-0.008627710644139783,-0.016465145953700532,0.007837435309560749,1.3333333333333333,6,6,-0.008627710644139783,-0.00929437731080645,-0.009961043977473117,XGBoost
2022-03-01,2022-03-02,0.003490619670761601,0.012279737559690116,-0.008789117888928517,1.1666666666666665,6,6,0.003490619670761601,0.002907286337428268,0.0023239530040949346,XGBoost
2022-03-02,2022-03-03,0.002250687333177266,-0.002458857831976449,0.004709545165153716,1.3333333333333333,6,6,0.002250687333177266,0.0015840206665105995,0.0009173539998439328,XGBoost
2022-03-03,2022-03-04,-0.019052255172089257,-0.011574532689238224,-0.0074777224828510335,1.8333333333333333,6,6,-0.019052255172089257,-0.019968921838755923,-0.02088558850542259,XGBoost
2022-03-04,2022-03-07,-0.02543667197220794,-0.024509112327707108,-0.000927559644500833,1.0,6,6,-0.02543667197220794,-0.02593667197220794,-0.02643667197220794,XGBoost
2022-03-07,2022-03-08,-0.0031569574883477496,-0.0007731382497241919,-0.0023838192386235577,0.8333333333333333,6,6,-0.0031569574883477496,-0.0035736241550144163,-0.003990290821681083,XGBoost
2022-03-08,2022-03-09,0.010097946038655374,0.010527818362986132,-0.000429872324330758,1.1666666666666665,6,6,0.010097946038655374,0.00951461270532204,0.008931279371988707,XGBoost
2022-03-09,2022-03-10,-0.011175030074715648,-0.006851170439798984,-0.004323859634916666,0.8333333333333333,6,6,-0.011175030074715648,-0.011591696741382313,-0.012008363408048981,XGBoost
2022-03-10,2022-03-11,-0.0075188754359596655,-0.0048897416989964575,-0.0026291337369632084,0.6666666666666666,6,6,-0.0075188754359596655,-0.007852208769292999,-0.008185542102626332,XGBoost
2022-03-11,2022-03-14,0.003045577762380291,-0.008840422659761898,0.011886000422142192,0.6666666666666666,6,6,0.003045577762380291,0.0027122444290469576,0.0023789110957136246,XGBoost
2022-03-14,2022-03-15,0.004106921902829384,0.006388250873884591,-0.0022813289710552076,1.0,6,6,0.004106921902829384,0.0036069219028293836,0.0031069219028293836,XGBoost
2022-03-15,2022-03-16,0.008933553525810984,0.012493947355776674,-0.0035603938299656915,1.3333333333333333,6,6,0.008933553525810984,0.008266886859144318,0.0076002201924776506,XGBoost
2022-03-16,2022-03-17,-0.0013838164667499325,0.005056541933563575,-0.006440358400313507,1.3333333333333333,6,6,-0.0013838164667499325,-0.002050483133416599,-0.0027171498000832656,XGBoost
2022-03-17,2022-03-18,0.000642422817962317,0.0030228017822726667,-0.0023803789643103493,1.0,6,6,0.000642422817962317,0.00014242281796231703,-0.000357577182037683,XGBoost
2022-03-18,2022-03-21,-0.001910644012763591,0.0011060248291269834,-0.003016668841890575,1.1666666666666665,6,6,-0.001910644012763591,-0.002493977346096924,-0.0030773106794302575,XGBoost
2022-03-21,2022-03-22,-0.0011233932786910666,0.005208853675126942,-0.006332246953818008,0.8333333333333333,6,6,-0.0011233932786910666,-0.0015400599453577334,-0.0019567266120243997,XGBoost
2022-03-22,2022-03-23,-0.0022754704974630837,-0.006473257960352891,0.004197787462889808,0.6666666666666666,6,6,-0.0022754704974630837,-0.002608803830796417,-0.00294213716412975,XGBoost
2022-03-23,2022-03-24,-0.006199954693913252,0.0014720468317011,-0.007672001525614349,1.1666666666666665,6,6,-0.006199954693913252,-0.006783288027246585,-0.007366621360579919,XGBoost
2022-03-24,2022-03-25,-0.0009641629092187908,0.003213464385514192,-0.0041776272947329825,0.6666666666666666,6,6,-0.0009641629092187908,-0.0012974962425521242,-0.0016308295758854575,XGBoost
2022-03-25,2022-03-28,0.006655750050785025,0.002709432962865334,0.003946317087919691,0.6666666666666666,6,6,0.006655750050785025,0.006322416717451692,0.005989083384118358,XGBoost
2022-03-28,2022-03-29,-0.005237093137160275,3.682759396743347e-05,-0.005273920731127708,1.0,6,6,-0.005237093137160275,-0.005737093137160275,-0.006237093137160275,XGBoost
2022-03-29,2022-03-30,0.003261033052233158,-0.0016868062642180414,0.004947839316451199,0.6666666666666666,6,6,0.003261033052233158,0.0029276997188998244,0.0025943663855664914,XGBoost
2022-03-30,2022-03-31,-0.008957395692245749,-0.012805627958039698,0.0038482322657939494,1.0,6,6,-0.008957395692245749,-0.009457395692245749,-0.009957395692245748,XGBoost
2022-03-31,2022-04-01,-0.006375542414322674,-0.004804207438687441,-0.0015713349756352327,0.3333333333333333,6,6,-0.006375542414322674,-0.0065422090809893405,-0.006708875747656007,XGBoost
2022-04-01,2022-04-04,-0.005631731471961182,6.450239189477512e-05,-0.005696233863855958,0.5,6,6,-0.005631731471961182,-0.005881731471961182,-0.006131731471961182,XGBoost
2022-04-04,2022-04-05,-0.004885960158286292,-0.007818957341787933,0.0029329971835016415,0.8333333333333333,6,6,-0.004885960158286292,-0.005302626824952959,-0.0057192934916196255,XGBoost
2022-04-05,2022-04-06,-0.01281168365614244,-0.01008414781367214,-0.0027275358424703,1.1666666666666665,6,6,-0.01281168365614244,-0.013395016989475773,-0.013978350322809106,XGBoost
2022-04-06,2022-04-07,-0.0018031833324427498,0.0010820640041088085,-0.0028852473365515584,1.1666666666666665,6,6,-0.0018031833324427498,-0.002386516665776083,-0.0029698499991094164,XGBoost
2022-04-07,2022-04-08,-0.003359865640310625,-0.0001062100965265414,-0.0032536555437840827,1.3333333333333333,6,6,-0.003359865640310625,-0.004026532306977292,-0.004693198973643958,XGBoost
2022-04-08,2022-04-11,-0.003925861928088257,-0.009390696479383457,0.0054648345512952,1.1666666666666665,6,6,-0.003925861928088257,-0.004509195261421591,-0.005092528594754924,XGBoost
2022-04-11,2022-04-12,0.003710503451530558,0.002680376991539925,0.0010301264599906332,0.6666666666666666,6,6,0.003710503451530558,0.0033771701181972247,0.0030438367848638916,XGBoost
2022-04-12,2022-04-13,-0.006473438049912174,0.00012709533598390015,-0.006600533385896074,0.8333333333333333,6,6,-0.006473438049912174,-0.006890104716578841,-0.0073067713832455075,XGBoost
2022-04-13,2022-04-14,-0.003164893360703167,-0.005051686224442758,0.0018867928637395911,1.0,6,6,-0.003164893360703167,-0.0036648933607031672,-0.004164893360703167,XGBoost
2022-04-14,2022-04-18,-0.001516974482487617,0.002649090139835725,-0.004166064622323341,0.8333333333333333,6,6,-0.001516974482487617,-0.0019336411491542838,-0.00235030781582095,XGBoost
2022-04-18,2022-04-19,-0.0035116066042747327,0.0023937726043834003,-0.005905379208658133,1.1666666666666665,6,6,-0.0035116066042747327,-0.004094939937608066,-0.0046782732709414,XGBoost
2022-04-19,2022-04-20,-0.0035439224020595663,0.0035409988930819743,-0.0070849212951415415,1.1666666666666665,6,6,-0.0035439224020595663,-0.004127255735392899,-0.0047105890687262324,XGBoost
2022-04-20,2022-04-21,0.0035335220053493324,-0.004365604898653358,0.007899126904002692,0.8333333333333333,6,6,0.0035335220053493324,0.0031168553386826657,0.0027001886720159993,XGBoost
2022-04-21,2022-04-22,-0.0021922591855585323,-0.013290591658117917,0.011098332472559383,0.8333333333333333,6,6,-0.0021922591855585323,-0.002608925852225199,-0.003025592518891866,XGBoost
2022-04-22,2022-04-25,-0.00634825375964259,0.0009132361514435834,-0.007261489911086174,0.8333333333333333,6,6,-0.00634825375964259,-0.006764920426309257,-0.0071815870929759235,XGBoost
2022-04-25,2022-04-26,-0.007060305347181058,-0.014153464730458332,0.007093159383277274,0.8333333333333333,6,6,-0.007060305347181058,-0.007476972013847724,-0.007893638680514391,XGBoost
2022-04-26,2022-04-27,-0.005342729806698933,-0.00516110346160505,-0.00018162634509388316,1.0,6,6,-0.005342729806698933,-0.005842729806698933,-0.006342729806698933,XGBoost
2022-04-27,2022-04-28,-0.0032745184222534238,0.012287424674964808,-0.015561943097218233,1.3333333333333333,6,6,-0.0032745184222534238,-0.003941185088920091,-0.004607851755586757,XGBoost
2022-04-28,2022-04-29,0.004783291557016024,-0.012273909144168767,0.017057200701184792,1.1666666666666665,6,6,0.004783291557016024,0.004199958223682691,0.0036166248903493573,XGBoost
2022-04-29,2022-05-02,0.0036727493188699837,0.004803223737978807,-0.0011304744191088243,1.0,6,6,0.0036727493188699837,0.0031727493188699837,0.0026727493188699837,XGBoost
2022-05-02,2022-05-03,0.0019076053530996664,0.003942354879987958,-0.0020347495268882914,1.6666666666666665,6,6,0.0019076053530996664,0.0010742720197663331,0.00024093868643299985,XGBoost
2022-05-03,2022-05-04,0.00022736090582886614,0.01396767712327393,-0.013740316217445066,1.3333333333333333,6,6,0.00022736090582886614,-0.0004393057608378005,-0.0011059724275044671,XGBoost
2022-05-04,2022-05-05,0.0055898430751453385,-0.008606442455324942,0.014196285530470282,1.5,6,6,0.0055898430751453385,0.004839843075145339,0.004089843075145339,XGBoost
2022-05-05,2022-05-06,-0.005016457371620566,-0.003772697716907983,-0.0012437596547125829,1.6666666666666665,6,6,-0.005016457371620566,-0.0058497907049539,-0.006683124038287233,XGBoost
2022-05-06,2022-05-09,0.0063997731492999995,-0.01341055228506394,0.01981032543436394,0.6666666666666666,6,6,0.0063997731492999995,0.0060664398159666665,0.005733106482633333,XGBoost
2022-05-09,2022-05-10,-0.000907137924689134,-0.0023951156670608833,0.00148797774237175,1.1666666666666665,6,6,-0.000907137924689134,-0.0014904712580224673,-0.0020738045913558005,XGBoost
2022-05-10,2022-05-11,-0.006375548156314933,-0.005487896565846282,-0.0008876515904686499,1.0,6,6,-0.006375548156314933,-0.006875548156314934,-0.007375548156314933,XGBoost
2022-05-11,2022-05-12,-0.006579264785733743,-0.001304269103841492,-0.00527499568189225,0.6666666666666666,6,6,-0.006579264785733743,-0.006912598119067076,-0.00724593145240041,XGBoost
2022-05-12,2022-05-13,0.005494610359895833,0.007495028766603507,-0.002000418406707675,1.0,6,6,0.005494610359895833,0.004994610359895834,0.004494610359895833,XGBoost
2022-05-13,2022-05-16,-0.0020995287851394333,-0.0031485867317853833,0.00104905794664595,1.0,6,6,-0.0020995287851394333,-0.0025995287851394333,-0.0030995287851394333,XGBoost
2022-05-16,2022-05-17,0.01402269360975324,0.017318666765836557,-0.0032959731560833166,1.3333333333333333,6,6,0.01402269360975324,0.013356026943086574,0.012689360276419906,XGBoost
2022-05-17,2022-05-18,-0.000128237791352381,-0.020342130834729532,0.020213893043377146,1.1666666666666665,6,6,-0.000128237791352381,-0.0007115711246857143,-0.0012949044580190475,XGBoost
2022-05-18,2022-05-19,0.00818510377938126,-0.007914357169569366,0.016099460948950626,1.1666666666666665,6,6,0.00818510377938126,0.007601770446047927,0.0070184371127145935,XGBoost
2022-05-19,2022-05-20,0.006033119089034408,0.004840591451214341,0.0011925276378200664,1.3333333333333333,6,6,0.006033119089034408,0.005366452422367741,0.004699785755701075,XGBoost
2022-05-20,2022-05-23,0.0026421223163939755,0.014903411324864849,-0.012261289008470875,1.0,6,6,0.0026421223163939755,0.0021421223163939755,0.0016421223163939755,XGBoost
2022-05-23,2022-05-24,-0.0009789629656109745,-0.001123170598158333,0.0001442076325473586,1.5,6,6,-0.0009789629656109745,-0.0017289629656109745,-0.0024789629656109743,XGBoost
2022-05-24,2022-05-25,0.0081442607825479,0.007682151351790734,0.0004621094307571665,1.1666666666666665,6,6,0.0081442607825479,0.007560927449214567,0.006977594115881234,XGBoost
2022-05-25,2022-05-26,-0.004150043902958842,0.005519197475025201,-0.009669241377984042,1.0,6,6,-0.004150043902958842,-0.004650043902958843,-0.005150043902958842,XGBoost
2022-05-26,2022-05-27,-0.004878888498525207,0.003470375119724541,-0.00834926361824975,1.1666666666666665,6,6,-0.004878888498525207,-0.00546222183185854,-0.006045555165191873,XGBoost
2022-05-27,2022-05-31,-0.0023018681967363324,-0.007437100122279924,0.005135231925543592,1.0,6,6,-0.0023018681967363324,-0.0028018681967363324,-0.0033018681967363324,XGBoost
2022-05-31,2022-06-01,0.006606210092521991,-0.0002812003542098998,0.006887410446731891,1.3333333333333333,6,6,0.006606210092521991,0.005939543425855324,0.005272876759188658,XGBoost
2022-06-01,2022-06-02,-0.008973068208843133,0.004615726974232949,-0.013588795183076083,1.5,6,6,-0.008973068208843133,-0.009723068208843133,-0.010473068208843132,XGBoost
2022-06-02,2022-06-03,0.007758400049673566,0.000535708329003225,0.007222691720670341,1.3333333333333333,6,6,0.007758400049673566,0.007091733383006899,0.006425066716340233,XGBoost
2022-06-03,2022-06-06,-0.0042157161406315095,-0.002650046550863608,-0.0015656695897679012,1.5,6,6,-0.0042157161406315095,-0.004965716140631509,-0.005715716140631509,XGBoost
2022-06-06,2022-06-07,0.0021055110392522503,0.0065405484025252165,-0.004435037363272966,1.0,6,6,0.0021055110392522503,0.0016055110392522503,0.0011055110392522503,XGBoost
2022-06-07,2022-06-08,-0.005725065298494566,-0.007580541398447875,0.0018554760999533082,1.5,6,6,-0.005725065298494566,-0.006475065298494566,-0.007225065298494567,XGBoost
2022-06-08,2022-06-09,0.0002096017044419668,-0.014066362995518281,0.014275964699960248,1.3333333333333333,6,6,0.0002096017044419668,-0.00045706496222469985,-0.0011237316288913665,XGBoost
2022-06-09,2022-06-10,-0.012405572800221466,-0.020930080778551546,0.008524507978330082,1.5,6,6,-0.012405572800221466,-0.013155572800221466,-0.013905572800221465,XGBoost
2022-06-10,2022-06-13,-0.009651463744510223,-0.021960494015267173,0.01230903027075695,1.1666666666666665,6,6,-0.009651463744510223,-0.010234797077843557,-0.01081813041117689,XGBoost
2022-06-13,2022-06-14,0.003531005619453425,0.00233520571852625,0.001195799900927175,1.3333333333333333,6,6,0.003531005619453425,0.0028643389527867585,0.0021976722861200915,XGBoost
2022-06-14,2022-06-15,0.001339683040665492,0.006924951505667041,-0.005585268465001549,1.3333333333333333,6,6,0.001339683040665492,0.0006730163739988253,6.349707332158668e-06,XGBoost
2022-06-15,2022-06-16,-0.01911888278713023,-0.021169621159711213,0.0020507383725809833,1.5,6,6,-0.01911888278713023,-0.01986888278713023,-0.02061888278713023,XGBoost
2022-06-16,2022-06-17,-0.004042678188787816,-0.004762740065432633,0.0007200618766448168,0.8333333333333333,6,6,-0.004042678188787816,-0.004459344855454483,-0.00487601152212115,XGBoost
2022-06-17,2022-06-21,0.007418820086700633,0.015112177193715725,-0.007693357107015091,1.1666666666666665,6,6,0.007418820086700633,0.0068354867533673,0.006252153420033967,XGBoost
2022-06-21,2022-06-22,-0.010145792233886416,-0.006000990448431825,-0.004144801785454592,1.3333333333333333,6,6,-0.010145792233886416,-0.010812458900553082,-0.01147912556721975,XGBoost
2022-06-22,2022-06-23,-0.012105338566289987,-0.005718045660167299,-0.006387292906122691,1.0,6,6,-0.012105338566289987,-0.012605338566289988,-0.013105338566289988,XGBoost
2022-06-23,2022-06-24,0.010789751576163199,0.019271882719121527,-0.008482131142958323,0.8333333333333333,6,6,0.010789751576163199,0.010373084909496533,0.009956418242829865,XGBoost
2022-06-24,2022-06-27,-0.0004466935528747994,0.0016142844884171666,-0.0020609780412919666,0.8333333333333333,6,6,-0.0004466935528747994,-0.000863360219541466,-0.0012800268862081326,XGBoost
2022-06-27,2022-06-28,0.0009843756458572832,-0.007237160589601825,0.008221536235459109,1.1666666666666665,6,6,0.0009843756458572832,0.00040104231252394997,-0.0001822910208093833,XGBoost
2022-06-28,2022-06-29,0.004551979435176175,0.0033567420481146752,0.0011952373870615,1.0,6,6,0.004551979435176175,0.004051979435176175,0.003551979435176175,XGBoost
2022-06-29,2022-06-30,-0.0012082171885745405,-0.007093343321524824,0.005885126132950284,1.3333333333333333,6,6,-0.0012082171885745405,-0.0018748838552412072,-0.0025415505219078737,XGBoost
2022-06-30,2022-07-01,0.0010063782335891164,0.007037503743915315,-0.0060311255103262,1.6666666666666665,6,6,0.0010063782335891164,0.00017304490025578313,-0.0006602884330775501,XGBoost
2022-07-01,2022-07-05,-0.0007824659255120086,-0.0009888587937562582,0.00020639286824425008,1.5,6,6,-0.0007824659255120086,-0.0015324659255120086,-0.0022824659255120086,XGBoost
2022-07-05,2022-07-06,-0.00021248896900169967,-0.00011063340534397492,-0.00010185556365772483,0.8333333333333333,6,6,-0.00021248896900169967,-0.0006291556356683663,-0.001045822302335033,XGBoost
2022-07-06,2022-07-07,0.0048729418276923665,0.010819176509965582,-0.005946234682273216,1.0,6,6,0.0048729418276923665,0.004372941827692366,0.0038729418276923664,XGBoost
2022-07-07,2022-07-08,0.0013204819206440418,0.0001782216495027167,0.001142260271141325,1.8333333333333333,6,6,0.0013204819206440418,0.0004038152539773751,-0.0005128514126892915,XGBoost
2022-07-08,2022-07-11,0.002493198273984033,-0.004620059370989583,0.007113257644973616,1.1666666666666665,6,6,0.002493198273984033,0.0019098649406506995,0.0013265316073173663,XGBoost
2022-07-11,2022-07-12,-0.0018329318101468998,-0.00045538195885153326,-0.0013775498512953663,1.0,6,6,-0.0018329318101468998,-0.0023329318101469,-0.0028329318101468996,XGBoost
2022-07-12,2022-07-13,-0.0023071642176587166,-0.0026972215312430752,0.000390057313584358,1.1666666666666665,6,6,-0.0023071642176587166,-0.00289049755099205,-0.003473830884325383,XGBoost
2022-07-13,2022-07-14,0.0011135665527821415,-0.0022949700341556084,0.0034085365869377503,1.1666666666666665,6,6,0.0011135665527821415,0.0005302332194488083,-5.310011388452501e-05,XGBoost
2022-07-14,2022-07-15,0.019051833954779995,0.027442880604429655,-0.008391046649649658,1.3333333333333333,6,6,0.019051833954779995,0.01838516728811333,0.017718500621446663,XGBoost
2022-07-15,2022-07-18,-0.005303108405857058,-0.00674638046091645,0.0014432720550593917,1.6666666666666665,6,6,-0.005303108405857058,-0.0061364417391903915,-0.006969775072523724,XGBoost
2022-07-18,2022-07-19,-0.014425352274991962,0.007647832400538132,-0.022073184675530093,1.5,6,6,-0.014425352274991962,-0.015175352274991963,-0.015925352274991963,XGBoost
2022-07-19,2022-07-20,-0.004650089955476791,-0.002201865454054367,-0.002448224501422425,0.6666666666666666,6,6,-0.004650089955476791,-0.004983423288810124,-0.005316756622143458,XGBoost
2022-07-20,2022-07-21,0.0016827398152471167,0.0040844699486044245,-0.002401730133357308,0.16666666666666666,6,6,0.0016827398152471167,0.0015994064819137834,0.00151607314858045,XGBoost
2022-07-21,2022-07-22,-0.0019288412235784831,-0.002423570017672608,0.0004947287940941249,1.1666666666666665,6,6,-0.0019288412235784831,-0.0025121745569118164,-0.0030955078902451497,XGBoost
2022-07-22,2022-07-25,0.002889503731452292,0.0018089910359328832,0.0010805126955194084,1.5,6,6,0.002889503731452292,0.002139503731452292,0.0013895037314522918,XGBoost
2022-07-25,2022-07-26,0.0009364379281131083,-0.007339474117582425,0.008275912045695534,1.1666666666666665,6,6,0.0009364379281131083,0.00035310459477977505,-0.00023022873855355823,XGBoost
2022-07-26,2022-07-27,0.009120800048380766,0.012934862871627567,-0.0038140628232468,1.3333333333333333,6,6,0.009120800048380766,0.0084541333817141,0.007787466715047433,XGBoost
2022-07-27,2022-07-28,-0.013647742348649341,-0.0028724617260505584,-0.010775280622598783,1.3333333333333333,6,6,-0.013647742348649341,-0.014314409015316007,-0.014981075681982675,XGBoost
2022-07-28,2022-07-29,0.011841761676304498,0.006672054885380025,0.005169706790924474,1.3333333333333333,6,6,0.011841761676304498,0.011175095009637832,0.010508428342971164,XGBoost
2022-07-29,2022-08-01,-0.002185263544709451,0.0009150484894309332,-0.0031003120341403833,1.1666666666666665,6,6,-0.002185263544709451,-0.0027685968780427842,-0.0033519302113761175,XGBoost
2022-08-01,2022-08-02,-0.0005456541648289833,-0.005464285428087008,0.0049186312632580245,1.3333333333333333,6,6,-0.0005456541648289833,-0.00121232083149565,-0.0018789874981623165,XGBoost
2022-08-02,2022-08-03,0.01215525783950915,0.009966693491763934,0.002188564347745217,1.3333333333333333,6,6,0.01215525783950915,0.011488591172842485,0.010821924506175817,XGBoost
2022-08-03,2022-08-04,-0.009086938958344566,-0.009366748090784041,0.0002798091324394751,1.5,6,6,-0.009086938958344566,-0.009836938958344567,-0.010586938958344566,XGBoost
2022-08-04,2022-08-05,-0.0018534990869785491,0.0011983764049412003,-0.00305187549191975,1.5,6,6,-0.0018534990869785491,-0.002603499086978549,-0.003353499086978549,XGBoost
2022-08-05,2022-08-08,-0.001470790700709758,-0.0006223297117348249,-0.0008484609889749333,0.8333333333333333,6,6,-0.001470790700709758,-0.0018874573673764248,-0.0023041240340430915,XGBoost
2022-08-08,2022-08-09,-0.0015883667609074405,-0.0027557911581212076,0.001167424397213767,1.3333333333333333,6,6,-0.0015883667609074405,-0.0022550334275741072,-0.0029217000942407738,XGBoost
2022-08-09,2022-08-10,0.0031988726794227916,0.013330573991805098,-0.010131701312382307,1.3333333333333333,6,6,0.0031988726794227916,0.002532206012756125,0.0018655393460894583,XGBoost
2022-08-10,2022-08-11,-0.005286117423421833,-0.0018322659006843166,-0.003453851522737517,1.1666666666666665,6,6,-0.005286117423421833,-0.005869450756755166,-0.0064527840900885,XGBoost
2022-08-11,2022-08-12,-0.0029207333327436265,0.006043453935961924,-0.008964187268705551,1.1666666666666665,6,6,-0.0029207333327436265,-0.0035040666660769598,-0.004087399999410293,XGBoost
2022-08-12,2022-08-15,0.00022887149089713318,0.0011190604455145249,-0.0008901889546173916,1.3333333333333333,6,6,0.00022887149089713318,-0.00043779517576953347,-0.0011044618424362002,XGBoost
2022-08-15,2022-08-16,-0.0058275299900316735,-0.00030546645138402516,-0.005522063538647651,1.1666666666666665,6,6,-0.0058275299900316735,-0.006410863323365007,-0.00699419665669834,XGBoost
2022-08-16,2022-08-17,-0.0017026614750318074,-0.003303572329351559,0.0016009108543197509,1.3333333333333333,6,6,-0.0017026614750318074,-0.002369328141698474,-0.0030359948083651406,XGBoost
2022-08-17,2022-08-18,-0.0065482419037019915,0.0006945065390957,-0.007242748442797691,1.5,6,6,-0.0065482419037019915,-0.007298241903701991,-0.008048241903701991,XGBoost
2022-08-18,2022-08-19,-0.003515271442106859,-0.010247527934223483,0.006732256492116624,0.8333333333333333,6,6,-0.003515271442106859,-0.003931938108773525,-0.004348604775440192,XGBoost
2022-08-19,2022-08-22,-0.006116258308265499,-0.013097658182383433,0.0069813998741179335,0.8333333333333333,6,6,-0.006116258308265499,-0.006532924974932166,-0.006949591641598833,XGBoost
2022-08-22,2022-08-23,-0.001253855443684758,-0.0009267983337580334,-0.000327057109926725,0.8333333333333333,6,6,-0.001253855443684758,-0.0016705221103514249,-0.0020871887770180916,XGBoost
2022-08-23,2022-08-24,-0.0023267323667090245,0.0003202052101835833,-0.0026469375768926086,1.3333333333333333,6,6,-0.0023267323667090245,-0.002993399033375691,-0.003660065700042358,XGBoost
2022-08-24,2022-08-25,8.973467317836869e-05,0.00793888080572195,-0.00784914613254358,1.0,6,6,8.973467317836869e-05,-0.0004102653268216313,-0.0009102653268216313,XGBoost
2022-08-25,2022-08-26,-0.003707846574100082,-0.01738047047066976,0.013672623896569674,1.3333333333333333,6,6,-0.003707846574100082,-0.0043745132407667486,-0.0050411799074334155,XGBoost
2022-08-26,2022-08-29,-0.005757847110539199,-0.004725328459068541,-0.0010325186514706583,1.0,6,6,-0.005757847110539199,-0.0062578471105392,-0.006757847110539199,XGBoost
2022-08-29,2022-08-30,-0.00012022784264304159,-0.008042073865121058,0.007921846022478016,1.0,6,6,-0.00012022784264304159,-0.0006202278426430416,-0.0011202278426430416,XGBoost
2022-08-30,2022-08-31,-0.0017529914577495997,-0.004652449928742867,0.0028994584709932667,1.1666666666666665,6,6,-0.0017529914577495997,-0.002336324791082933,-0.0029196581244162662,XGBoost
2022-08-31,2022-09-01,-0.003507238136609491,-0.00013545036691647524,-0.003371787769693016,1.3333333333333333,6,6,-0.003507238136609491,-0.004173904803276157,-0.004840571469942824,XGBoost
2022-09-01,2022-09-02,0.005027209130463933,-0.0007347988048672165,0.005762007935331149,0.5,6,6,0.005027209130463933,0.004777209130463933,0.004527209130463934,XGBoost
2022-09-02,2022-09-06,0.003313446854358583,-0.0029303917487480914,0.006243838603106675,1.3333333333333333,6,6,0.003313446854358583,0.0026467801876919163,0.0019801135210252493,XGBoost
2022-09-06,2022-09-07,-0.0032042561259325916,0.002907403833947683,-0.006111659959880274,1.3333333333333333,6,6,-0.0032042561259325916,-0.003870922792599258,-0.004537589459265925,XGBoost
2022-09-07,2022-09-08,0.0009081827665302502,0.003986462033813209,-0.0030782792672829577,0.8333333333333333,6,6,0.0009081827665302502,0.0004915160998635835,7.484943319691691e-05,XGBoost
2022-09-08,2022-09-09,0.000386905756249225,0.006605294241940132,-0.006218388485690908,0.8333333333333333,6,6,0.000386905756249225,-2.9760910417441617e-05,-0.00044642757708410826,XGBoost
2022-09-09,2022-09-12,-0.002416318755549058,0.0027778634744163497,-0.005194182229965408,1.5,6,6,-0.002416318755549058,-0.0031663187555490578,-0.003916318755549058,XGBoost
2022-09-12,2022-09-13,0.0017671812390263435,-0.01947680021903493,0.02124398145806127,1.0,6,6,0.0017671812390263435,0.0012671812390263435,0.0007671812390263434,XGBoost
2022-09-13,2022-09-14,0.006162154539357942,0.005385778002922258,0.0007763765364356835,0.8333333333333333,6,6,0.006162154539357942,0.005745487872691276,0.005328821206024609,XGBoost
2022-09-14,2022-09-15,-0.001399530388732942,-0.0049687078995708745,0.0035691775108379325,1.0,6,6,-0.001399530388732942,-0.001899530388732942,-0.002399530388732942,XGBoost
2022-09-15,2022-09-16,-0.0066039966111510326,-0.005214196218805399,-0.0013898003923456335,1.1666666666666665,6,6,-0.0066039966111510326,-0.007187329944484366,-0.007770663277817699,XGBoost
2022-09-16,2022-09-19,0.0025536529110175496,0.004291352571477533,-0.001737699660459983,1.1666666666666665,6,6,0.0025536529110175496,0.0019703195776842163,0.001386986244350883,XGBoost
2022-09-19,2022-09-20,0.0004551189704767912,-0.004372230422155916,0.0048273493926327075,1.3333333333333333,6,6,0.0004551189704767912,-0.00021154769618987547,-0.0008782143628565421,XGBoost
2022-09-20,2022-09-21,-0.004186053405520701,-0.011541209229835207,0.007355155824314508,1.5,6,6,-0.004186053405520701,-0.0049360534055207005,-0.0056860534055207,XGBoost
2022-09-21,2022-09-22,-0.008521204016741417,-0.008178369842629941,-0.000342834174111475,1.1666666666666665,6,6,-0.008521204016741417,-0.00910453735007475,-0.009687870683408083,XGBoost
2022-09-22,2022-09-23,-0.009300752726971182,-0.014036205213249216,0.004735452486278033,1.3333333333333333,6,6,-0.009300752726971182,-0.009967419393637848,-0.010634086060304516,XGBoost
2022-09-23,2022-09-26,-0.006391046060026533,-0.009014412044455517,0.002623365984428983,1.1666666666666665,6,6,-0.006391046060026533,-0.0069743793933598665,-0.0075577127266932,XGBoost
2022-09-26,2022-09-27,0.003228710954536674,-0.003431441873203375,0.006660152827740049,0.8333333333333333,6,6,0.003228710954536674,0.0028120442878700074,0.002395377621203341,XGBoost
2022-09-27,2022-09-28,-0.00372681534300465,0.00725063027584635,-0.010977445618850999,0.8333333333333333,6,6,-0.00372681534300465,-0.004143482009671316,-0.004560148676337983,XGBoost
2022-09-28,2022-09-29,0.003232837117193392,-0.008357357598970683,0.011590194716164076,1.1666666666666665,6,6,0.003232837117193392,0.0026495037838600586,0.0020661704505267253,XGBoost
2022-09-29,2022-09-30,0.009454958570453307,-0.007981576390739958,0.017436534961193264,1.0,6,6,0.009454958570453307,0.008954958570453307,0.008454958570453308,XGBoost
2022-09-30,2022-10-03,-0.001819145908481176,0.013328566663865416,-0.015147712572346591,0.8333333333333333,6,6,-0.001819145908481176,-0.0022358125751478428,-0.0026524792418145095,XGBoost
2022-10-03,2022-10-04,-0.015248727033655606,0.006658286325855158,-0.021907013359510764,0.8333333333333333,6,6,-0.015248727033655606,-0.015665393700322272,-0.016082060366988938,XGBoost
2022-10-04,2022-10-05,0.002048660680072192,-0.0006752074671277833,0.0027238681471999752,1.0,6,6,0.002048660680072192,0.001548660680072192,0.001048660680072192,XGBoost
2022-10-05,2022-10-06,-0.0056924533894351,-0.007488904992709049,0.00179645160327395,1.5,6,6,-0.0056924533894351,-0.0064424533894350995,-0.0071924533894351,XGBoost
2022-10-06,2022-10-07,0.00015281656616634976,-0.010225074259390584,0.010377890825556933,1.0,6,6,0.00015281656616634976,-0.00034718343383365025,-0.0008471834338336503,XGBoost
2022-10-07,2022-10-10,0.0005758345480207081,-0.0006546870621511745,0.0012305216101718833,1.1666666666666665,6,6,0.0005758345480207081,-7.4987853126251384e-06,-0.0005908321186459584,XGBoost
2022-10-10,2022-10-11,-0.012885253764561733,-0.010035194853482383,-0.00285005891107935,1.6666666666666665,6,6,-0.012885253764561733,-0.013718587097895066,-0.0145519204312284,XGBoost
2022-10-11,2022-10-12,-0.0012284701895421148,0.002955952227930225,-0.00418442241747234,1.0,6,6,-0.0012284701895421148,-0.0017284701895421148,-0.002228470189542115,XGBoost
2022-10-12,2022-10-13,-2.3942312030009356e-06,0.011013738599403624,-0.011016132830606625,0.8333333333333333,6,6,-2.3942312030009356e-06,-0.0004190608978696676,-0.0008357275645363342,XGBoost
2022-10-13,2022-10-14,-0.003233224349221866,-0.006486070713522774,0.0032528463643009082,0.8333333333333333,6,6,-0.003233224349221866,-0.003649891015888533,-0.004066557682555199,XGBoost
2022-10-14,2022-10-17,-0.0016699937987252416,0.009402420436790425,-0.011072414235515667,1.0,6,6,-0.0016699937987252416,-0.0021699937987252416,-0.0026699937987252416,XGBoost
2022-10-17,2022-10-18,-0.004873154248789965,0.0010668062508784998,-0.0059399604996684665,1.0,6,6,-0.004873154248789965,-0.005373154248789966,-0.005873154248789965,XGBoost
2022-10-18,2022-10-19,0.011047843230816241,0.0022685688784747165,0.008779274352341524,0.8333333333333333,6,6,0.011047843230816241,0.010631176564149575,0.010214509897482908,XGBoost
2022-10-19,2022-10-20,-0.0038824520978874007,-0.0031058738478690418,-0.0007765782500183587,1.3333333333333333,6,6,-0.0038824520978874007,-0.004549118764554067,-0.005215785431220734,XGBoost
2022-10-20,2022-10-21,-0.0011041595207176235,0.014922478234302807,-0.01602663775502043,1.1666666666666665,6,6,-0.0011041595207176235,-0.0016874928540509568,-0.00227082618738429,XGBoost
2022-10-21,2022-10-24,0.0021739034128843166,0.004369676726747,-0.002195773313862683,1.0,6,6,0.0021739034128843166,0.0016739034128843166,0.0011739034128843166,XGBoost
2022-10-24,2022-10-25,0.004747656468078642,0.006060643352463492,-0.00131298688438485,1.1666666666666665,6,6,0.004747656468078642,0.004164323134745309,0.0035809898014119755,XGBoost
2022-10-25,2022-10-26,0.021755991457831678,0.006303493026675933,0.015452498431155749,1.5,6,6,0.021755991457831678,0.021005991457831677,0.020255991457831676,XGBoost
2022-10-26,2022-10-27,-0.007506282431122216,-0.0041037006901707244,-0.003402581740951491,1.1666666666666665,6,6,-0.007506282431122216,-0.008089615764455549,-0.008672949097788882,XGBoost
2022-10-27,2022-10-28,0.010750681103255033,0.024320486925184376,-0.013569805821929341,0.6666666666666666,6,6,0.010750681103255033,0.0104173477699217,0.010084014436588367,XGBoost
2022-10-28,2022-10-31,0.0051587827194021245,-0.001015659715892575,0.006174442435294699,0.8333333333333333,6,6,0.0051587827194021245,0.004742116052735458,0.004325449386068791,XGBoost
2022-10-31,2022-11-01,0.004136257186137766,0.0018311379267290499,0.0023051192594087163,1.3333333333333333,6,6,0.004136257186137766,0.003469590519471099,0.0028029238528044327,XGBoost
2022-11-01,2022-11-02,0.003376698644550465,-0.006743338723184316,0.010120037367734784,1.1666666666666665,6,6,0.003376698644550465,0.002793365311217132,0.0022100319778837986,XGBoost
2022-11-02,2022-11-03,-0.000117534225869283,-0.0035737513675815754,0.0034562171417122922,1.0,6,6,-0.000117534225869283,-0.000617534225869283,-0.001117534225869283,XGBoost
2022-11-03,2022-11-04,0.005348097141934124,0.012696054473757224,-0.007347957331823099,0.6666666666666666,6,6,0.005348097141934124,0.005014763808600791,0.004681430475267457,XGBoost
2022-11-04,2022-11-07,0.0027790687158779246,0.007778462273225033,-0.004999393557347108,1.5,6,6,0.0027790687158779246,0.002029068715877925,0.0012790687158779246,XGBoost
2022-11-07,2022-11-08,-0.0023863088733715163,0.000983181777158075,-0.0033694906505295917,1.1666666666666665,6,6,-0.0023863088733715163,-0.0029696422067048496,-0.003552975540038183,XGBoost
2022-11-08,2022-11-09,-0.001187027898126216,-0.007190237030893408,0.006003209132767191,1.0,6,6,-0.001187027898126216,-0.001687027898126216,-0.002187027898126216,XGBoost
2022-11-09,2022-11-10,0.005827694282341367,0.02027866210687945,-0.014450967824538082,1.0,6,6,0.005827694282341367,0.0053276942823413664,0.004827694282341367,XGBoost
2022-11-10,2022-11-11,-0.006689263982221143,0.001323328261633408,-0.00801259224385455,1.6666666666666665,6,6,-0.006689263982221143,-0.0075225973155544764,-0.008355930648887809,XGBoost
2022-11-11,2022-11-14,0.009124086877327514,-0.0004323330447853028,0.009556419922112815,0.8333333333333333,6,6,0.009124086877327514,0.008707420210660849,0.008290753543994181,XGBoost
2022-11-14,2022-11-15,-0.001639201451316408,3.2656570068766546e-05,-0.0016718580213851747,1.3333333333333333,6,6,-0.001639201451316408,-0.0023058681179830747,-0.002972534784649741,XGBoost
2022-11-15,2022-11-16,-0.0008351556842420913,-0.0030820874356035834,0.002246931751361492,1.1666666666666665,6,6,-0.0008351556842420913,-0.0014184890175754246,-0.002001822350908758,XGBoost
2022-11-16,2022-11-17,-0.001120459288292758,0.0021765943681644412,-0.0032970536564571997,1.1666666666666665,6,6,-0.001120459288292758,-0.0017037926216260913,-0.0022871259549594246,XGBoost
2022-11-17,2022-11-18,-0.00532935873598625,0.002173999429018383,-0.007503358165004633,1.0,6,6,-0.00532935873598625,-0.005829358735986251,-0.0063293587359862504,XGBoost
2022-11-18,2022-11-21,-0.0048521106609523,-0.005662516104913175,0.0008104054439608752,0.8333333333333333,6,6,-0.0048521106609523,-0.005268777327618966,-0.005685443994285633,XGBoost
2022-11-21,2022-11-22,0.0069245463445434755,0.010588196071610215,-0.0036636497270667416,0.8333333333333333,6,6,0.0069245463445434755,0.006507879677876809,0.006091213011210142,XGBoost
2022-11-22,2022-11-23,0.0005122154375025748,0.0023144513976290334,-0.001802235960126458,1.3333333333333333,6,6,0.0005122154375025748,-0.0001544512291640919,-0.0008211178958307585,XGBoost
2022-11-23,2022-11-25,-0.0014072740130086749,-0.00012080955325381661,-0.0012864644597548583,1.5,6,6,-0.0014072740130086749,-0.0021572740130086747,-0.002907274013008675,XGBoost
2022-11-25,2022-11-28,-0.008599224363722926,-0.011765273675689431,0.003166049311966509,1.1666666666666665,6,6,-0.008599224363722926,-0.009182557697056259,-0.009765891030389592,XGBoost
2022-11-28,2022-11-29,0.005285205076620425,0.0036390571829252503,0.0016461478936951749,0.8333333333333333,6,6,0.005285205076620425,0.004868538409953758,0.004451871743287091,XGBoost
2022-11-29,2022-11-30,0.008554609157600868,0.02041598568134124,-0.011861376523740374,1.3333333333333333,6,6,0.008554609157600868,0.007887942490934201,0.0072212758242675345,XGBoost
2022-11-30,2022-12-01,-0.0012351651017416666,-0.002089363682830525,0.0008541985810888586,1.1666666666666665,6,6,-0.0012351651017416666,-0.0018184984350749999,-0.002401831768408333,XGBoost
2022-12-01,2022-12-02,-0.0005126753581085335,-0.0009929068024127834,0.0004802314443042501,1.3333333333333333,6,6,-0.0005126753581085335,-0.0011793420247752,-0.0018460086914418668,XGBoost
2022-12-02,2022-12-05,0.00018868355120638418,-0.006291667398037675,0.0064803509492440585,1.0,6,6,0.00018868355120638418,-0.00031131644879361584,-0.0008113164487936158,XGBoost
2022-12-05,2022-12-06,3.283922600276707e-05,-0.008981247361743414,0.009014086587746183,1.0,6,6,3.283922600276707e-05,-0.00046716077399723294,-0.000967160773997233,XGBoost
2022-12-06,2022-12-07,-0.0015758393312327917,-0.003273035706877042,0.0016971963756442499,1.0,6,6,-0.0015758393312327917,-0.0020758393312327915,-0.002575839331232792,XGBoost
2022-12-07,2022-12-08,0.005313968301514708,0.006953118142614092,-0.0016391498410993832,0.5,6,6,0.005313968301514708,0.005063968301514708,0.004813968301514707,XGBoost
2022-12-08,2022-12-09,-0.002452030833978991,-0.004421663422780567,0.001969632588801575,0.8333333333333333,6,6,-0.002452030833978991,-0.0028686975006456577,-0.0032853641673123244,XGBoost
2022-12-09,2022-12-12,0.0010764531690947998,0.006561928183930441,-0.0054854750148356415,1.0,6,6,0.0010764531690947998,0.0005764531690947998,7.645316909479978e-05,XGBoost
2022-12-12,2022-12-13,-0.00020200763911603346,0.0013334872274153413,-0.0015354948665313747,1.1666666666666665,6,6,-0.00020200763911603346,-0.0007853409724493667,-0.0013686743057827,XGBoost
2022-12-13,2022-12-14,-0.0013864528491791413,-0.002645515412690433,0.001259062563511292,1.0,6,6,-0.0013864528491791413,-0.0018864528491791413,-0.0023864528491791413,XGBoost
2022-12-14,2022-12-15,-0.004716713312781258,-0.01549088326505764,0.010774169952276383,1.1666666666666665,6,6,-0.004716713312781258,-0.005300046646114592,-0.005883379979447925,XGBoost
2022-12-15,2022-12-16,-0.0011319719658918078,-0.005320254778615267,0.004188282812723459,1.0,6,6,-0.0011319719658918078,-0.0016319719658918078,-0.002131971965891808,XGBoost
2022-12-16,2022-12-19,-0.00785576750711145,-0.006382188902801416,-0.0014735786043100333,1.0,6,6,-0.00785576750711145,-0.00835576750711145,-0.00885576750711145,XGBoost
2022-12-19,2022-12-20,-0.004648191416865142,-0.0017639187553295415,-0.0028842726615356,1.0,6,6,-0.004648191416865142,-0.005148191416865141,-0.005648191416865142,XGBoost
2022-12-20,2022-12-21,-0.008261160345986066,0.007826521389109149,-0.016087681735095213,0.6666666666666666,6,6,-0.008261160345986066,-0.0085944936793194,-0.008927827012652732,XGBoost
2022-12-21,2022-12-22,-0.00233070879624079,-0.00971323819170519,0.0073825293954644005,0.6666666666666666,6,6,-0.00233070879624079,-0.0026640421295741233,-0.0029973754629074563,XGBoost
2022-12-22,2022-12-23,-0.00044429673064939976,0.0011264593075628916,-0.0015707560382122914,0.8333333333333333,6,6,-0.00044429673064939976,-0.0008609633973160664,-0.001277630063982733,XGBoost
2022-12-23,2022-12-27,-0.005933817435862191,-0.0021801563921801832,-0.003753661043682008,1.0,6,6,-0.005933817435862191,-0.0064338174358621915,-0.006933817435862191,XGBoost
2022-12-27,2022-12-28,6.852928679893346e-05,-0.006562002948947699,0.006630532235746633,0.8333333333333333,6,6,6.852928679893346e-05,-0.0003481373798677332,-0.0007648040465343998,XGBoost
2022-12-28,2022-12-29,0.005899291552320416,0.009557927970750732,-0.0036586364184303167,1.1666666666666665,6,6,0.005899291552320416,0.005315958218987083,0.0047326248856537495,XGBoost
2022-12-29,2022-12-30,-0.0010079196272406834,-0.0002479415487437581,-0.0007599780784969249,1.5,6,6,-0.0010079196272406834,-0.0017579196272406834,-0.0025079196272406834,XGBoost
2022-12-30,2023-01-03,0.006362719297591451,0.001755295265431884,0.004607424032159567,1.3333333333333333,6,6,0.006362719297591451,0.005696052630924784,0.005029385964258118,XGBoost
2023-01-03,2023-01-04,-0.005487009277855875,-0.00012098880009949993,-0.005366020477756374,1.5,6,6,-0.005487009277855875,-0.0062370092778558745,-0.006987009277855874,XGBoost
2023-01-04,2023-01-05,0.004590013406255191,0.00046344237024313313,0.004126571036012058,0.6666666666666666,6,6,0.004590013406255191,0.004256680072921858,0.003923346739588524,XGBoost
2023-01-05,2023-01-06,-0.0006323882341574324,0.013841074661243648,-0.014473462895401079,0.8333333333333333,6,6,-0.0006323882341574324,-0.0010490549008240991,-0.0014657215674907657,XGBoost
2023-01-06,2023-01-09,-0.0022404818709111257,-0.0033865498033904423,0.0011460679324793166,0.8333333333333333,6,6,-0.0022404818709111257,-0.0026571485375777924,-0.0030738152042444587,XGBoost
2023-01-09,2023-01-10,0.001511624421792825,0.0030061382803890915,-0.0014945138585962664,0.5,6,6,0.001511624421792825,0.001261624421792825,0.001011624421792825,XGBoost
2023-01-10,2023-01-11,0.003344224427568083,0.0066616172339977325,-0.0033173928064296502,0.6666666666666666,6,6,0.003344224427568083,0.0030108910942347497,0.0026775577609014166,XGBoost
2023-01-11,2023-01-12,0.005729574716990591,0.006970445745472842,-0.00124087102848225,1.0,6,6,0.005729574716990591,0.005229574716990591,0.004729574716990591,XGBoost
2023-01-12,2023-01-13,-0.0031603744323343086,-0.0003445605966668914,-0.0028158138356674167,1.3333333333333333,6,6,-0.0031603744323343086,-0.003827041099000975,-0.004493707765667642,XGBoost
2023-01-13,2023-01-17,0.004184854027889592,-0.0024608375588902583,0.006645691586779851,1.0,6,6,0.004184854027889592,0.0036848540278895917,0.0031848540278895917,XGBoost
2023-01-17,2023-01-18,-0.0029531054033482083,-0.0074447025148129745,0.004491597111464766,1.5,6,6,-0.0029531054033482083,-0.003703105403348208,-0.004453105403348208,XGBoost
2023-01-18,2023-01-19,-0.0035694730697401838,-0.005050869909122966,0.0014813968393827834,0.8333333333333333,6,6,-0.0035694730697401838,-0.00398613973640685,-0.004402806403073517,XGBoost
2023-01-19,2023-01-20,0.008310216464013783,0.013130132469584674,-0.004819916005570891,1.0,6,6,0.008310216464013783,0.007810216464013782,0.007310216464013783,XGBoost
2023-01-20,2023-01-23,-0.003577420056585992,0.006534969890658399,-0.010112389947244392,1.0,6,6,-0.003577420056585992,-0.004077420056585992,-0.0045774200565859915,XGBoost
2023-01-23,2023-01-24,-0.0016602508885400335,-0.003391904695665583,0.00173165380712555,0.8333333333333333,6,6,-0.0016602508885400335,-0.0020769175552067002,-0.002493584221873367,XGBoost
2023-01-24,2023-01-25,-0.0019744866182114275,-0.000358325466336994,-0.001616161151874433,0.8333333333333333,6,6,-0.0019744866182114275,-0.0023911532848780942,-0.002807819951544761,XGBoost
2023-01-25,2023-01-26,0.0028863529925273407,0.0036009997380248996,-0.0007146467454975585,0.3333333333333333,6,6,0.0028863529925273407,0.002719686325860674,0.0025530196591940072,XGBoost
2023-01-26,2023-01-27,0.007091746314177382,6.421891704091586e-06,0.007085324422473292,0.6666666666666666,6,6,0.007091746314177382,0.006758412980844049,0.006425079647510715,XGBoost
2023-01-27,2023-01-30,0.001997743885572284,-0.0035687052477113494,0.005566449133283633,0.8333333333333333,6,6,0.001997743885572284,0.0015810772189056173,0.0011644105522389508,XGBoost
2023-01-30,2023-01-31,-0.0020433674178933514,0.0051688498008026,-0.00721221721869595,1.1666666666666665,6,6,-0.0020433674178933514,-0.0026267007512266846,-0.003210034084560018,XGBoost
2023-01-31,2023-02-01,0.0011828053883110247,0.0026204341241847662,-0.0014376287358737418,0.8333333333333333,6,6,0.0011828053883110247,0.0007661387216443581,0.00034947205497769143,XGBoost
2023-02-01,2023-02-02,-0.005664868568037424,-0.004083793679723649,-0.001581074888313775,1.1666666666666665,6,6,-0.005664868568037424,-0.006248201901370758,-0.006831535234704091,XGBoost
2023-02-02,2023-02-03,0.0006454919384287912,-0.0013417552682086502,0.0019872472066374412,1.0,6,6,0.0006454919384287912,0.00014549193842879114,-0.00035450806157120887,XGBoost
2023-02-03,2023-02-06,0.004867367763450901,-0.0012582816622653831,0.006125649425716284,0.5,6,6,0.004867367763450901,0.0046173677634509,0.0043673677634509,XGBoost
2023-02-06,2023-02-07,0.006512317082336883,0.00803355203168385,-0.0015212349493469667,0.8333333333333333,6,6,0.006512317082336883,0.006095650415670216,0.00567898374900355,XGBoost
2023-02-07,2023-02-08,0.0056248417088745,-0.0019352607242090745,0.007560102433083575,0.8333333333333333,6,6,0.0056248417088745,0.005208175042207833,0.004791508375541167,XGBoost
2023-02-08,2023-02-09,-0.001511980560526917,-0.0046792801332680165,0.0031672995727410995,1.0,6,6,-0.001511980560526917,-0.002011980560526917,-0.002511980560526917,XGBoost
2023-02-09,2023-02-10,-0.006283149435718059,0.0005622090323268749,-0.006845358468044934,1.1666666666666665,6,6,-0.006283149435718059,-0.006866482769051392,-0.007449816102384725,XGBoost
2023-02-10,2023-02-13,0.0064906039799490995,0.010335366878815339,-0.0038447628988662417,0.16666666666666666,6,6,0.0064906039799490995,0.006407270646615766,0.006323937313282433,XGBoost
2023-02-13,2023-02-14,0.004334061838696733,0.0023986369436073,0.0019354248950894332,0.8333333333333333,6,6,0.004334061838696733,0.003917395172030066,0.0035007285053633994,XGBoost
2023-02-14,2023-02-15,0.002725662338729633,0.0020393155067897914,0.0006863468319398415,0.5,6,6,0.002725662338729633,0.002475662338729633,0.002225662338729633,XGBoost
2023-02-15,2023-02-16,-0.0035797990994300083,-0.006966967478931465,0.003387168379501458,1.0,6,6,-0.0035797990994300083,-0.004079799099430008,-0.004579799099430008,XGBoost
2023-02-16,2023-02-17,-5.586765478444154e-05,0.0012907399897814668,-0.0013466076445659081,0.6666666666666666,6,6,-5.586765478444154e-05,-0.00038920098811777486,-0.0007225343214511082,XGBoost
2023-02-17,2023-02-21,-0.00022013716387989926,-0.010405163292636242,0.010185026128756342,0.8333333333333333,6,6,-0.00022013716387989926,-0.0006368038305465659,-0.0010534704972132325,XGBoost
2023-02-21,2023-02-22,0.0005261664835589255,-0.0026992446101585417,0.003225411093717467,0.8333333333333333,6,6,0.0005261664835589255,0.0001094998168922589,-0.00030716684977440773,XGBoost
2023-02-22,2023-02-23,4.913687019892439e-05,0.0031130073467429747,-0.00306387047654405,0.5,6,6,4.913687019892439e-05,-0.0002008631298010756,-0.0004508631298010756,XGBoost
2023-02-23,2023-02-24,0.001583297111220093,-0.006590692923674124,0.008173990034894215,1.0,6,6,0.001583297111220093,0.001083297111220093,0.000583297111220093,XGBoost
2023-02-24,2023-02-27,-0.002121767186212358,-0.001102387257051975,-0.0010193799291603831,0.8333333333333333,6,6,-0.002121767186212358,-0.002538433852879025,-0.0029551005195456916,XGBoost
2023-02-27,2023-02-28,-0.0014391653940479747,-0.004411136649396316,0.0029719712553483413,0.8333333333333333,6,6,-0.0014391653940479747,-0.0018558320607146412,-0.002272498727381308,XGBoost
2023-02-28,2023-03-01,-0.00583010040996264,-0.0018567341039884497,-0.003973366305974191,0.8333333333333333,6,6,-0.00583010040996264,-0.0062467670766293065,-0.006663433743295973,XGBoost
2023-03-01,2023-03-02,-0.004480806699379699,0.0023216788538553247,-0.006802485553235024,1.0,6,6,-0.004480806699379699,-0.004980806699379699,-0.005480806699379699,XGBoost
2023-03-02,2023-03-03,-0.001058177956766333,0.005609813075696017,-0.006667991032462349,1.1666666666666665,6,6,-0.001058177956766333,-0.0016415112900996663,-0.002224844623433,XGBoost
2023-03-03,2023-03-06,0.0039920364755537,0.0024986119479245166,0.0014934245276291833,1.0,6,6,0.0039920364755537,0.0034920364755536997,0.0029920364755536997,XGBoost
2023-03-06,2023-03-07,-0.0006577280800585581,-0.009457097868248292,0.008799369788189732,0.6666666666666666,6,6,-0.0006577280800585581,-0.0009910614133918914,-0.0013243947467252246,XGBoost
2023-03-07,2023-03-08,0.001880385418750025,0.0021470228155432,-0.00026663739679317505,0.6666666666666666,6,6,0.001880385418750025,0.0015470520854166917,0.0012137187520833582,XGBoost
2023-03-08,2023-03-09,0.0032817027045812255,-0.009901259608392174,0.013182962312973397,0.8333333333333333,6,6,0.0032817027045812255,0.0028650360379145587,0.0024483693712478924,XGBoost
2023-03-09,2023-03-10,0.0020607302531280656,0.0009396085530229996,0.0011211217001050665,1.0,6,6,0.0020607302531280656,0.0015607302531280656,0.0010607302531280656,XGBoost
2023-03-10,2023-03-13,0.01677520932055605,0.004249648365795017,0.012525560954761032,0.6666666666666666,6,6,0.01677520932055605,0.016441875987222715,0.016108542653889384,XGBoost
2023-03-13,2023-03-14,0.00032962822504792555,0.008120414764308775,-0.00779078653926085,0.8333333333333333,6,6,0.00032962822504792555,-8.703844161874109e-05,-0.0005037051082854077,XGBoost
2023-03-14,2023-03-15,0.003759083729457266,-0.0024007919033701085,0.006159875632827374,1.0,6,6,0.003759083729457266,0.003259083729457266,0.002759083729457266,XGBoost
2023-03-15,2023-03-16,0.002829711339893525,0.008241553057641366,-0.005411841717747843,1.0,6,6,0.002829711339893525,0.002329711339893525,0.0018297113398935251,XGBoost
2023-03-16,2023-03-17,0.004225439030389248,-0.0038475127903149662,0.008072951820704215,0.8333333333333333,6,6,0.004225439030389248,0.003808772363722581,0.003392105697055914,XGBoost
2023-03-17,2023-03-20,-0.004910453413418409,0.0004272185936625497,-0.005337672007080958,1.3333333333333333,6,6,-0.004910453413418409,-0.005577120080085076,-0.006243786746751742,XGBoost
2023-03-20,2023-03-21,-0.007283006364782654,0.003184010139250641,-0.010467016504033293,1.0,6,6,-0.007283006364782654,-0.007783006364782654,-0.008283006364782654,XGBoost
2023-03-21,2023-03-22,0.004219192799828141,-0.00997500308919716,0.0141941958890253,0.5,6,6,0.004219192799828141,0.003969192799828141,0.0037191927998281413,XGBoost
2023-03-22,2023-03-23,0.008224408508960467,0.005434686111766516,0.00278972239719395,0.5,6,6,0.008224408508960467,0.007974408508960466,0.007724408508960466,XGBoost
2023-03-23,2023-03-24,0.00023590777499891686,0.00017876056534315015,5.7147209655766936e-05,0.6666666666666666,6,6,0.00023590777499891686,-9.742555833441646e-05,-0.0004307588916677498,XGBoost
2023-03-24,2023-03-27,-0.005675728239205791,0.000727367964388617,-0.0064030962035944074,0.5,6,6,-0.005675728239205791,-0.005925728239205791,-0.006175728239205791,XGBoost
2023-03-27,2023-03-28,0.0014666759300826914,-0.0011647060931045583,0.0026313820231872497,0.5,6,6,0.0014666759300826914,0.0012166759300826914,0.0009666759300826914,XGBoost
2023-03-28,2023-03-29,0.008545167394247426,0.014248045494601583,-0.005702878100354157,0.5,6,6,0.008545167394247426,0.008295167394247425,0.008045167394247425,XGBoost
2023-03-29,2023-03-30,0.0021275888250603995,0.003276602676965425,-0.0011490138519050254,0.8333333333333333,6,6,0.0021275888250603995,0.0017109221583937327,0.0012942554917270662,XGBoost
2023-03-30,2023-03-31,0.004213667975583001,0.008070419005220965,-0.003856751029637967,0.6666666666666666,6,6,0.004213667975583001,0.003880334642249667,0.003547001308916334,XGBoost
2023-03-31,2023-04-03,-0.0044232757233542514,0.002390046710357983,-0.006813322433712233,1.3333333333333333,6,6,-0.0044232757233542514,-0.005089942390020918,-0.0057566090566875845,XGBoost
2023-04-03,2023-04-04,0.001487864151898808,-0.0039726144048559744,0.005460478556754783,0.8333333333333333,6,6,0.001487864151898808,0.0010711974852321412,0.0006545308185654747,XGBoost
2023-04-04,2023-04-05,0.002235229391496225,0.00010253695302296683,0.002132692438473258,0.8333333333333333,6,6,0.002235229391496225,0.001818562724829558,0.0014018960581628915,XGBoost
2023-04-05,2023-04-06,-0.002244074771520042,-0.00024865421075329167,-0.00199542056076675,0.6666666666666666,6,6,-0.002244074771520042,-0.0025774081048533753,-0.0029107414381867084,XGBoost
2023-04-06,2023-04-10,0.0033737007316360754,0.0034692264272505,-9.552569561442474e-05,0.5,6,6,0.0033737007316360754,0.0031237007316360756,0.0028737007316360754,XGBoost
2023-04-10,2023-04-11,-0.00922775666276349,-0.0011699992954041752,-0.008057757367359317,1.0,6,6,-0.00922775666276349,-0.00972775666276349,-0.010227756662763491,XGBoost
2023-04-11,2023-04-12,-0.004634014101890499,-0.004661836269977341,2.7822168086841638e-05,1.0,6,6,-0.004634014101890499,-0.005134014101890499,-0.005634014101890499,XGBoost
2023-04-12,2023-04-13,-0.0024790202450408996,0.0026078274225247917,-0.005086847667565691,0.8333333333333333,6,6,-0.0024790202450408996,-0.0028956869117075664,-0.0033123535783742327,XGBoost
2023-04-13,2023-04-14,0.003840902280590284,0.002021891561784884,0.0018190107188054,0.8333333333333333,6,6,0.003840902280590284,0.003424235613923617,0.0030075689472569504,XGBoost
2023-04-14,2023-04-17,-0.008486388943035831,-0.0019042474579647247,-0.006582141485071108,0.8333333333333333,6,6,-0.008486388943035831,-0.008903055609702497,-0.009319722276369164,XGBoost
2023-04-17,2023-04-18,0.0012838008829982915,0.0012262938413156667,5.750704168262506e-05,0.8333333333333333,6,6,0.0012838008829982915,0.0008671342163316249,0.00045046754966495827,XGBoost
2023-04-18,2023-04-19,-0.004668176256152766,-0.0032373078101067747,-0.0014308684460459919,0.6666666666666666,6,6,-0.004668176256152766,-0.005001509589486099,-0.005334842922819433,XGBoost
2023-04-19,2023-04-20,-0.0023219871314475162,-0.005505481056189816,0.0031834939247423,0.8333333333333333,6,6,-0.0023219871314475162,-0.002738653798114183,-0.0031553204647808497,XGBoost
2023-04-20,2023-04-21,-0.005249127935269175,-0.004217935483376667,-0.0010311924518925084,0.6666666666666666,6,6,-0.005249127935269175,-0.005582461268602508,-0.005915794601935842,XGBoost
2023-04-21,2023-04-24,0.0011557975287788,0.0011259469700442,2.9850558734599976e-05,0.6666666666666666,6,6,0.0011557975287788,0.0008224641954454666,0.0004891308621121333,XGBoost
2023-04-24,2023-04-25,-0.007384677723507066,-0.011494106265144724,0.004109428541637658,0.5,6,6,-0.007384677723507066,-0.007634677723507066,-0.007884677723507066,XGBoost
2023-04-25,2023-04-26,0.00013955209951456546,-0.00640989767735795,0.0065494497768725166,0.6666666666666666,6,6,0.00013955209951456546,-0.00019378123381876786,-0.0005271145671521012,XGBoost
2023-04-26,2023-04-27,0.00030422483660645823,0.004771405333419966,-0.004467180496813508,0.5,6,6,0.00030422483660645823,5.4224836606458224e-05,-0.00019577516339354178,XGBoost
2023-04-27,2023-04-28,6.051058785540818e-05,0.0067297129957712915,-0.0066692024079158824,0.3333333333333333,6,6,6.051058785540818e-05,-0.00010615607881125848,-0.00027282274547792514,XGBoost
2023-04-28,2023-05-01,0.0041926008869426,-0.00030060105541598317,0.004493201942358583,0.6666666666666666,6,6,0.0041926008869426,0.003859267553609267,0.003525934220275934,XGBoost
2023-05-01,2023-05-02,-0.004828520494378201,-0.007841128695494824,0.003012608201116624,1.0,6,6,-0.004828520494378201,-0.005328520494378201,-0.005828520494378201,XGBoost
2023-05-02,2023-05-03,0.003846118345689525,-0.0009602249872854249,0.004806343332974949,0.6666666666666666,6,6,0.003846118345689525,0.0035127850123561916,0.0031794516790228586,XGBoost
2023-05-03,2023-05-04,-0.003211411702025108,-0.007390601690912641,0.0041791899888875324,0.6666666666666666,6,6,-0.003211411702025108,-0.0035447450353584416,-0.0038780783686917747,XGBoost
2023-05-04,2023-05-05,0.002011030552626666,0.012759546476589698,-0.010748515923963035,0.8333333333333333,6,6,0.002011030552626666,0.001594363885959999,0.0011776972192933325,XGBoost
2023-05-05,2023-05-08,0.000594159694161192,0.00030902970203628343,0.00028512999212490823,0.5,6,6,0.000594159694161192,0.000344159694161192,9.415969416119198e-05,XGBoost
2023-05-08,2023-05-09,-0.0007693093293324503,-0.0022581423443931003,0.0014888330150606495,0.8333333333333333,6,6,-0.0007693093293324503,-0.001185975995999117,-0.0016026426626657836,XGBoost
2023-05-09,2023-05-10,-0.0005707889949494082,0.0004061020576247419,-0.00097689105257415,1.0,6,6,-0.0005707889949494082,-0.001070788994949408,-0.001570788994949408,XGBoost
2023-05-10,2023-05-11,-0.0008274988060673001,-0.0035223620548016916,0.002694863248734391,0.5,6,6,-0.0008274988060673001,-0.0010774988060673002,-0.0013274988060673,XGBoost
2023-05-11,2023-05-12,-0.0028529237083815997,-0.0041490196373638825,0.0012960959289822832,0.8333333333333333,6,6,-0.0028529237083815997,-0.0032695903750482665,-0.003686257041714933,XGBoost
2023-05-12,2023-05-15,0.0052619449830070076,0.0061192052648977825,-0.0008572602818907749,0.6666666666666666,6,6,0.0052619449830070076,0.0049286116496736745,0.004595278316340341,XGBoost
2023-05-15,2023-05-16,0.0035434894719771504,-0.002386456580511633,0.005929946052488783,0.6666666666666666,6,6,0.0035434894719771504,0.003210156138643817,0.002876822805310484,XGBoost
2023-05-16,2023-05-17,0.00037450065060990086,0.007678248101341575,-0.007303747450731674,0.6666666666666666,6,6,0.00037450065060990086,4.1167317276567534e-05,-0.0002921660160567658,XGBoost
2023-05-17,2023-05-18,-0.002611782031589442,0.0035556487336716,-0.006167430765261042,0.6666666666666666,6,6,-0.002611782031589442,-0.0029451153649227755,-0.0032784486982561085,XGBoost
2023-05-18,2023-05-19,-0.003163206466974942,-0.001982962514189275,-0.0011802439527856666,0.8333333333333333,6,6,-0.003163206466974942,-0.0035798731336416085,-0.003996539800308275,XGBoost
2023-05-19,2023-05-22,0.006210223539914974,0.0022250708127294332,0.0039851527271855414,0.6666666666666666,6,6,0.006210223539914974,0.005876890206581641,0.005543556873248307,XGBoost
2023-05-22,2023-05-23,-0.007288057028025408,-0.0039703397739700086,-0.0033177172540554004,0.6666666666666666,6,6,-0.007288057028025408,-0.007621390361358741,-0.007954723694692075,XGBoost
2023-05-23,2023-05-24,0.00019994317385130781,-0.004198527065701725,0.0043984702395530335,0.8333333333333333,6,6,0.00019994317385130781,-0.00021672349281535883,-0.0006333901594820254,XGBoost
2023-05-24,2023-05-25,0.007692670647155616,0.004493603774291624,0.0031990668728639916,0.6666666666666666,6,6,0.007692670647155616,0.007359337313822283,0.007026003980488949,XGBoost
2023-05-25,2023-05-26,0.007323485761805026,0.013131658720466658,-0.005808172958661633,1.0,6,6,0.007323485761805026,0.006823485761805026,0.006323485761805026,XGBoost
2023-05-26,2023-05-30,0.00183370374913325,0.003690109899305133,-0.0018564061501718829,0.6666666666666666,6,6,0.00183370374913325,0.0015003704157999166,0.0011670370824665832,XGBoost
2023-05-30,2023-05-31,0.004127888048173974,0.001903973187474658,0.0022239148606993165,0.5,6,6,0.004127888048173974,0.003877888048173974,0.003627888048173974,XGBoost
2023-05-31,2023-06-01,-0.0029496843875241336,0.002555761873437116,-0.00550544626096125,0.8333333333333333,6,6,-0.0029496843875241336,-0.0033663510541908004,-0.003783017720857467,XGBoost
2023-06-01,2023-06-02,0.002784853019985541,0.009655311655416516,-0.006870458635430975,1.0,6,6,0.002784853019985541,0.002284853019985541,0.0017848530199855409,XGBoost
2023-06-02,2023-06-05,0.008429444136860323,-0.0011555735764647336,0.009585017713325058,0.8333333333333333,6,6,0.008429444136860323,0.008012777470193657,0.007596110803526989,XGBoost
2023-06-05,2023-06-06,-6.247957871137455e-05,0.0020019159898913164,-0.002064395568602691,1.1666666666666665,6,6,-6.247957871137455e-05,-0.0006458129120447078,-0.0012291462453780412,XGBoost
2023-06-06,2023-06-07,-0.0004204911884636334,0.002777690777764975,-0.003198181966228609,0.5,6,6,-0.0004204911884636334,-0.0006704911884636334,-0.0009204911884636334,XGBoost
2023-06-07,2023-06-08,-0.0033569687338651163,0.0005279277181945583,-0.003884896452059675,0.8333333333333333,6,6,-0.0033569687338651163,-0.003773635400531783,-0.00419030206719845,XGBoost
2023-06-08,2023-06-09,-0.00042696665856295827,0.0007404864603143333,-0.0011674531188772916,0.6666666666666666,6,6,-0.00042696665856295827,-0.0007602999918962915,-0.001093633325229625,XGBoost
2023-06-09,2023-06-12,-0.0056258140777911,0.005577808033809849,-0.01120362211160095,1.0,6,6,-0.0056258140777911,-0.0061258140777911,-0.0066258140777911,XGBoost
2023-06-12,2023-06-13,0.0011913589034914245,0.006384189833514683,-0.005192830930023259,1.3333333333333333,6,6,0.0011913589034914245,0.0005246922368247578,-0.00014197442984190882,XGBoost
2023-06-13,2023-06-14,-0.013605485817728035,-0.0037925105779379417,-0.00981297523979009,0.3333333333333333,6,6,-0.013605485817728035,-0.013772152484394702,-0.013938819151061368,XGBoost
2023-06-14,2023-06-15,-0.00033000387780514166,0.005646267557989432,-0.005976271435794575,1.3333333333333333,6,6,-0.00033000387780514166,-0.0009966705444718082,-0.001663337211138475,XGBoost
2023-06-15,2023-06-16,0.0026758440560922326,-0.0007164534537165582,0.0033922975098087914,0.8333333333333333,6,6,0.0026758440560922326,0.002259177389425566,0.0018425107227588993,XGBoost
2023-06-16,2023-06-20,0.009459964253752718,-0.0027800629081005668,0.012240027161853283,1.0,6,6,0.009459964253752718,0.008959964253752718,0.008459964253752717,XGBoost
2023-06-20,2023-06-21,0.002960088950162266,-0.004228404593783058,0.007188493543945324,1.0,6,6,0.002960088950162266,0.002460088950162266,0.001960088950162266,XGBoost
2023-06-21,2023-06-22,0.00113801250544005,-0.0013248535759494582,0.002462866081389508,0.8333333333333333,6,6,0.00113801250544005,0.0007213458387733833,0.00030467917210671666,XGBoost
2023-06-22,2023-06-23,-0.004273129647358442,-0.006599527633398158,0.002326397986039716,0.8333333333333333,6,6,-0.004273129647358442,-0.004689796314025108,-0.005106462980691775,XGBoost
2023-06-23,2023-06-26,0.0029447930494324996,0.0017739454659096003,0.0011708475835228997,0.5,6,6,0.0029447930494324996,0.0026947930494324998,0.0024447930494324996,XGBoost
2023-06-26,2023-06-27,0.005805015431240949,0.00976832934420251,-0.003963313912961558,0.8333333333333333,6,6,0.005805015431240949,0.005388348764574283,0.004971682097907616,XGBoost
2023-06-27,2023-06-28,0.002207267201558034,-0.0027748675236425996,0.004982134725200633,1.1666666666666665,6,6,0.002207267201558034,0.0016239338682247006,0.0010406005348913673,XGBoost
2023-06-28,2023-06-29,0.0039018717169572413,0.00484218358106435,-0.0009403118641071083,0.8333333333333333,6,6,0.0039018717169572413,0.0034852050502905746,0.003068538383623908,XGBoost
2023-06-29,2023-06-30,-0.000176223533771525,0.0050912470401590585,-0.005267470573930583,1.0,6,6,-0.000176223533771525,-0.000676223533771525,-0.001176223533771525,XGBoost
2023-06-30,2023-07-03,0.0037274905277538753,0.0024220930599627333,0.0013053974677911416,1.3333333333333333,6,6,0.0037274905277538753,0.0030608238610872088,0.0023941571944205422,XGBoost
2023-07-03,2023-07-05,-0.00019618601651832511,-0.005414998623583674,0.00521881260706535,1.0,6,6,-0.00019618601651832511,-0.0006961860165183251,-0.001196186016518325,XGBoost
2023-07-05,2023-07-06,-0.0024025811663207085,-0.006964541450559074,0.004561960284238367,0.5,6,6,-0.0024025811663207085,-0.0026525811663207083,-0.0029025811663207085,XGBoost
2023-07-06,2023-07-07,0.001106559726192675,-2.4508368839749883e-05,0.001131068095032425,0.6666666666666666,6,6,0.001106559726192675,0.0007732263928593418,0.0004398930595260084,XGBoost
2023-07-07,2023-07-10,-0.0011244694224782996,0.003848488907193291,-0.004972958329671592,0.6666666666666666,6,6,-0.0011244694224782996,-0.001457802755811633,-0.0017911360891449662,XGBoost
2023-07-10,2023-07-11,-0.0024448959181186097,0.0021179169887971918,-0.0045628129069158006,0.8333333333333333,6,6,-0.0024448959181186097,-0.0028615625847852764,-0.003278229251451943,XGBoost
2023-07-11,2023-07-12,0.004105211426984559,0.004301632413818009,-0.00019642098683345013,0.8333333333333333,6,6,0.004105211426984559,0.003688544760317892,0.0032718780936512254,XGBoost
2023-07-12,2023-07-13,0.0006806639521364919,0.0007381100633408086,-5.7446111204316865e-05,1.1666666666666665,6,6,0.0006806639521364919,9.733061880315863e-05,-0.00048600271453017464,XGBoost
2023-07-13,2023-07-14,0.003869832419679575,0.0021133633788709416,0.0017564690408086335,0.8333333333333333,6,6,0.003869832419679575,0.0034531657530129083,0.0030364990863462416,XGBoost
2023-07-14,2023-07-17,-0.004935654948720257,0.002005258676071183,-0.006940913624791441,1.1666666666666665,6,6,-0.004935654948720257,-0.00551898828205359,-0.006102321615386924,XGBoost
2023-07-17,2023-07-18,-0.006603670080046274,0.0004069460927618252,-0.007010616172808099,0.5,6,6,-0.006603670080046274,-0.006853670080046274,-0.007103670080046275,XGBoost
2023-07-18,2023-07-19,0.00259062688638455,0.0038551067060098167,-0.0012644798196252663,1.1666666666666665,6,6,0.00259062688638455,0.0020072935530512166,0.0014239602197178834,XGBoost
2023-07-19,2023-07-20,-0.0048372130187685665,-0.0007253301659979755,-0.004111882852770591,0.8333333333333333,6,6,-0.0048372130187685665,-0.005253879685435233,-0.0056705463521019,XGBoost
2023-07-20,2023-07-21,-0.0021861930961989836,0.0023872128187632916,-0.0045734059149622735,0.6666666666666666,6,6,-0.0021861930961989836,-0.002519526429532317,-0.00285285976286565,XGBoost
2023-07-21,2023-07-24,0.005387093638315025,0.005891165156704174,-0.00050407151838915,0.8333333333333333,6,6,0.005387093638315025,0.004970426971648358,0.004553760304981691,XGBoost
2023-07-24,2023-07-25,0.0010048310869390923,-0.0007275883414976663,0.001732419428436758,1.1666666666666665,6,6,0.0010048310869390923,0.000421497753605759,-0.00016183557972757425,XGBoost
2023-07-25,2023-07-26,-0.005004089181615474,0.0021280722288474496,-0.007132161410462925,1.1666666666666665,6,6,-0.005004089181615474,-0.005587422514948807,-0.006170755848282141,XGBoost
2023-07-26,2023-07-27,-0.003395222967754283,-0.004028093601235617,0.0006328706334813334,0.6666666666666666,6,6,-0.003395222967754283,-0.0037285563010876163,-0.00406188963442095,XGBoost
2023-07-27,2023-07-28,-0.0037460382863277178,0.005048998393383291,-0.008795036679711009,0.6666666666666666,6,6,-0.0037460382863277178,-0.004079371619661051,-0.004412704952994385,XGBoost
2023-07-28,2023-07-31,0.004999033773897958,0.005188133919839383,-0.00018910014594142517,0.8333333333333333,6,6,0.004999033773897958,0.004582367107231291,0.004165700440564624,XGBoost
2023-07-31,2023-08-01,0.0010485998686513,-0.002010893610415283,0.003059493479066583,0.8333333333333333,6,6,0.0010485998686513,0.0006319332019846334,0.0002152665353179668,XGBoost
2023-08-01,2023-08-02,-0.005509857706289824,-0.010057289454812384,0.004547431748522558,1.0,6,6,-0.005509857706289824,-0.006009857706289824,-0.006509857706289824,XGBoost
2023-08-02,2023-08-03,0.010845781956495774,0.001837012879474333,0.009008769077021441,0.8333333333333333,6,6,0.010845781956495774,0.010429115289829108,0.01001244862316244,XGBoost
2023-08-03,2023-08-04,0.0038153292081707564,-0.0007749967630327501,0.0045903259712035075,0.8333333333333333,6,6,0.0038153292081707564,0.0033986625415040896,0.0029819958748374233,XGBoost
2023-08-04,2023-08-07,-0.0034577769822272003,0.0014126399340383244,-0.004870416916265525,0.8333333333333333,6,6,-0.0034577769822272003,-0.003874443648893867,-0.004291110315560533,XGBoost
2023-08-07,2023-08-08,-0.0054905344020683994,-0.0037987122835120833,-0.0016918221185563168,0.6666666666666666,6,6,-0.0054905344020683994,-0.0058238677354017325,-0.006157201068735066,XGBoost
2023-08-08,2023-08-09,-0.004187834467786566,-0.004449980000540784,0.00026214553275421664,1.0,6,6,-0.004187834467786566,-0.0046878344677865665,-0.005187834467786566,XGBoost
2023-08-09,2023-08-10,-0.00037896371704587494,-0.000223184810577625,-0.00015577890646825,1.0,6,6,-0.00037896371704587494,-0.0008789637170458749,-0.001378963717045875,XGBoost
2023-08-10,2023-08-11,-0.00012495174890696714,0.0006258451115404749,-0.0007507968604474417,0.6666666666666666,6,6,-0.00012495174890696714,-0.00045828508224030046,-0.0007916184155736338,XGBoost
2023-08-11,2023-08-14,0.00048716987847569163,0.0021122499783754497,-0.0016250800998997583,0.5,6,6,0.00048716987847569163,0.00023716987847569162,-1.2830121524308382e-05,XGBoost
2023-08-14,2023-08-15,6.0799148639831616e-06,-0.004851577011650258,0.004857656926514242,0.6666666666666666,6,6,6.0799148639831616e-06,-0.00032725341846935016,-0.0006605867518026835,XGBoost
2023-08-15,2023-08-16,-0.0042352628524684,-0.006670453320348116,0.002435190467879716,0.8333333333333333,6,6,-0.0042352628524684,-0.0046519295191350665,-0.005068596185801733,XGBoost
2023-08-16,2023-08-17,0.00297990185287995,0.0004431856714030248,0.002536716181476925,1.0,6,6,0.00297990185287995,0.00247990185287995,0.00197990185287995,XGBoost
2023-08-17,2023-08-18,-0.0006852914386269002,0.0013313671344854748,-0.002016658573112375,1.0,6,6,-0.0006852914386269002,-0.0011852914386269002,-0.0016852914386269002,XGBoost
2023-08-18,2023-08-21,-0.0008970755247328834,0.00039176178534213325,-0.0012888373100750166,0.5,6,6,-0.0008970755247328834,-0.0011470755247328835,-0.0013970755247328835,XGBoost
2023-08-21,2023-08-22,0.0017910170978030582,-0.0023633703214701084,0.004154387419273166,0.5,6,6,0.0017910170978030582,0.0015410170978030582,0.0012910170978030582,XGBoost
2023-08-22,2023-08-23,0.00037208232812603365,0.0022768867589893667,-0.001904804430863333,1.0,6,6,0.00037208232812603365,-0.00012791767187396636,-0.0006279176718739664,XGBoost
2023-08-23,2023-08-24,0.0029531652513250664,-0.006182830726429725,0.009135995977754791,0.8333333333333333,6,6,0.0029531652513250664,0.0025364985846583997,0.002119831917991733,XGBoost
2023-08-24,2023-08-25,-0.0033661593994986673,0.004423273757391825,-0.007789433156890492,1.1666666666666665,6,6,-0.0033661593994986673,-0.003949492732832001,-0.004532826066165334,XGBoost
2023-08-25,2023-08-28,-0.0006174772396718169,0.0035010310039573335,-0.00411850824362915,0.8333333333333333,6,6,-0.0006174772396718169,-0.0010341439063384834,-0.0014508105730051501,XGBoost
2023-08-28,2023-08-29,-0.0010818070429918576,0.004983331779204783,-0.006065138822196641,0.6666666666666666,6,6,-0.0010818070429918576,-0.001415140376325191,-0.0017484737096585242,XGBoost
2023-08-29,2023-08-30,-0.002134436685802475,-0.0015980290630309,-0.000536407622771575,0.8333333333333333,6,6,-0.002134436685802475,-0.002551103352469142,-0.002967770019135808,XGBoost
2023-08-30,2023-08-31,-0.004958395725925517,-0.003858841644752341,-0.001099554081173175,0.8333333333333333,6,6,-0.004958395725925517,-0.0053750623925921835,-0.00579172905925885,XGBoost
2023-08-31,2023-09-01,-0.001900423723615817,0.0036515980219469332,-0.00555202174556275,0.8333333333333333,6,6,-0.001900423723615817,-0.002317090390282484,-0.00273375705694915,XGBoost
2023-09-01,2023-09-05,-0.0006502492358209579,-0.0020117104908429165,0.0013614612550219584,0.5,6,6,-0.0006502492358209579,-0.0009002492358209579,-0.001150249235820958,XGBoost
2023-09-05,2023-09-06,-0.004699457018499565,-0.004396732641059583,-0.00030272437743998344,1.0,6,6,-0.004699457018499565,-0.005199457018499566,-0.005699457018499565,XGBoost
2023-09-06,2023-09-07,-0.008558159964903285,-0.00939974376211881,0.0008415837972155252,0.6666666666666666,6,6,-0.008558159964903285,-0.008891493298236618,-0.009224826631569951,XGBoost
2023-09-07,2023-09-08,-0.0029533307795484333,-0.0015850793448463501,-0.0013682514347020832,0.8333333333333333,6,6,-0.0029533307795484333,-0.0033699974462151,-0.003786664112881767,XGBoost
2023-09-08,2023-09-11,0.004013274475689825,0.0036005986348792082,0.0004126758408106166,0.8333333333333333,6,6,0.004013274475689825,0.0035966078090231583,0.0031799411423564915,XGBoost
2023-09-11,2023-09-12,0.0005338079915938831,0.0003487903250573081,0.000185017666536575,0.8333333333333333,6,6,0.0005338079915938831,0.0001171413249272165,-0.00029952534173945014,XGBoost
2023-09-12,2023-09-13,-0.0023971307740996667,0.00010006623265831655,-0.002497197006757983,1.5,6,6,-0.0023971307740996667,-0.003147130774099667,-0.0038971307740996667,XGBoost
2023-09-13,2023-09-14,-0.0049142472825876166,0.0032591131306412,-0.008173360413228817,0.3333333333333333,6,6,-0.0049142472825876166,-0.005080913949254283,-0.00524758061592095,XGBoost
2023-09-14,2023-09-15,-0.003727233880065241,-0.005902496021424309,0.0021752621413590667,0.6666666666666666,6,6,-0.003727233880065241,-0.004060567213398574,-0.004393900546731908,XGBoost
2023-09-15,2023-09-18,0.000840422431482258,-0.000610966681100325,0.0014513891125825832,0.3333333333333333,6,6,0.000840422431482258,0.0006737557648155913,0.0005070890981489246,XGBoost
2023-09-18,2023-09-19,-0.005606513182153817,-0.00564003402316505,3.352084101123319e-05,0.5,6,6,-0.005606513182153817,-0.005856513182153817,-0.006106513182153817,XGBoost
2023-09-19,2023-09-20,-0.001517540097103325,-0.0056226499796843575,0.0041051098825810334,0.5,6,6,-0.001517540097103325,-0.001767540097103325,-0.002017540097103325,XGBoost
2023-09-20,2023-09-21,0.0027805390795322496,-0.005926955139840225,0.008707494219372475,0.3333333333333333,6,6,0.0027805390795322496,0.002613872412865583,0.002447205746198916,XGBoost
2023-09-21,2023-09-22,-0.0014799885596871083,-0.002597175840026616,0.0011171872803395085,1.1666666666666665,6,6,-0.0014799885596871083,-0.0020633218930204414,-0.0026466552263537746,XGBoost
2023-09-22,2023-09-25,0.0039055623102809993,0.004458884188001899,-0.0005533218777208999,0.6666666666666666,6,6,0.0039055623102809993,0.0035722289769476658,0.0032388956436143327,XGBoost
2023-09-25,2023-09-26,0.002071304391523183,-0.0041913734320263,0.006262677823549483,0.3333333333333333,6,6,0.002071304391523183,0.0019046377248565164,0.00173797105818985,XGBoost
2023-09-26,2023-09-27,0.004189587491820308,0.0029155477886755746,0.001274039703144733,0.8333333333333333,6,6,0.004189587491820308,0.0037729208251536415,0.0033562541584869748,XGBoost
2023-09-27,2023-09-28,0.0021470338290263584,0.0029221120041676,-0.0007750781751412416,1.1666666666666665,6,6,0.0021470338290263584,0.0015637004956930252,0.0009803671623596919,XGBoost
2023-09-28,2023-09-29,-0.004269672946386532,0.00011390797974923346,-0.004383580926135767,1.0,6,6,-0.004269672946386532,-0.0047696729463865325,-0.005269672946386532,XGBoost
2023-09-29,2023-10-02,0.0007831141669318923,-0.00018770465138172494,0.0009708188183136164,0.3333333333333333,6,6,0.0007831141669318923,0.0006164475002652256,0.00044978083359855893,XGBoost
2023-10-02,2023-10-03,-0.0005013136183611995,-0.004805334710237932,0.0043040210918767335,0.5,6,6,-0.0005013136183611995,-0.0007513136183611995,-0.0010013136183611995,XGBoost
2023-10-03,2023-10-04,-0.001874648422757808,-0.0007772222800165746,-0.0010974261427412332,0.6666666666666666,6,6,-0.001874648422757808,-0.0022079817560911414,-0.0025413150894244745,XGBoost
2023-10-04,2023-10-05,-0.0022774688460295497,-0.002370358551188158,9.288970515860823e-05,0.3333333333333333,6,6,-0.0022774688460295497,-0.0024441355126962163,-0.0026108021793628832,XGBoost
2023-10-05,2023-10-06,-0.001708506912457033,0.0037029015858952912,-0.005411408498352324,0.6666666666666666,6,6,-0.001708506912457033,-0.0020418402457903664,-0.0023751735791236995,XGBoost
2023-10-06,2023-10-09,0.002179490318468617,0.004631768475286224,-0.002452278156817608,0.8333333333333333,6,6,0.002179490318468617,0.0017628236518019503,0.0013461569851352837,XGBoost
2023-10-09,2023-10-10,0.0016200659116436583,0.0031326819592077918,-0.0015126160475641332,1.0,6,6,0.0016200659116436583,0.0011200659116436583,0.0006200659116436583,XGBoost
2023-10-10,2023-10-11,-0.003248637883173025,-0.0027580184541253494,-0.0004906194290476749,1.3333333333333333,6,6,-0.003248637883173025,-0.003915304549839692,-0.004581971216506359,XGBoost
2023-10-11,2023-10-12,-5.030136179486695e-05,-0.0019187638341744582,0.0018684624723795916,1.0,6,6,-5.030136179486695e-05,-0.000550301361794867,-0.001050301361794867,XGBoost
2023-10-12,2023-10-13,-0.002980611769761741,-0.002542183757494275,-0.0004384280122674668,0.8333333333333333,6,6,-0.002980611769761741,-0.003397278436428408,-0.003813945103095074,XGBoost
2023-10-13,2023-10-16,0.005461561848602508,0.007407774683581542,-0.0019462128349790333,1.0,6,6,0.005461561848602508,0.0049615618486025075,0.004461561848602508,XGBoost
2023-10-16,2023-10-17,0.002588222075591209,0.0012680498178216917,0.0013201722577695168,0.8333333333333333,6,6,0.002588222075591209,0.002171555408924542,0.0017548887422578756,XGBoost
2023-10-17,2023-10-18,0.009598817189448631,-0.0019168876469401583,0.011515704836388793,0.6666666666666666,6,6,0.009598817189448631,0.009265483856115298,0.008932150522781965,XGBoost
2023-10-18,2023-10-19,0.003934601827267626,-0.0014858609925160748,0.0054204628197837,0.8333333333333333,6,6,0.003934601827267626,0.0035179351606009594,0.0031012684939342927,XGBoost
2023-10-19,2023-10-20,-0.009523524442423359,-0.010468981633706317,0.0009454571912829584,0.5,6,6,-0.009523524442423359,-0.009773524442423359,-0.010023524442423359,XGBoost
2023-10-20,2023-10-23,-0.0005308552182571743,-0.002305340690585125,0.00177448547232795,0.6666666666666666,6,6,-0.0005308552182571743,-0.0008641885515905075,-0.0011975218849238408,XGBoost
2023-10-23,2023-10-24,0.0021317745215450913,0.0037808927618742994,-0.0016491182403292086,1.0,6,6,0.0021317745215450913,0.0016317745215450913,0.0011317745215450913,XGBoost
2023-10-24,2023-10-25,-0.003674914779338958,-0.007272976924905774,0.0035980621455668164,0.6666666666666666,6,6,-0.003674914779338958,-0.0040082481126722915,-0.0043415814460056245,XGBoost
2023-10-25,2023-10-26,-0.002967650488104566,-0.004942839182205991,0.0019751886941014253,0.8333333333333333,6,6,-0.002967650488104566,-0.0033843171547712327,-0.0038009838214378994,XGBoost
2023-10-26,2023-10-27,0.015421635980551506,0.00795879818264274,0.007462837797908765,0.8333333333333333,6,6,0.015421635980551506,0.01500496931388484,0.014588302647218172,XGBoost
2023-10-27,2023-10-30,0.0037166499177594334,0.009026365430991575,-0.005309715513232142,0.8333333333333333,6,6,0.0037166499177594334,0.0032999832510927666,0.0028833165844261,XGBoost
2023-10-30,2023-10-31,0.006686028593695641,0.004875388174723458,0.001810640418972183,0.8333333333333333,6,6,0.006686028593695641,0.006269361927028975,0.005852695260362308,XGBoost
2023-10-31,2023-11-01,-0.001783755561704251,0.003452841974374192,-0.005236597536078442,0.6666666666666666,6,6,-0.001783755561704251,-0.0021170888950375845,-0.0024504222283709175,XGBoost
2023-11-01,2023-11-02,-0.0032607120090755674,0.01055197515828569,-0.013812687167361257,0.5,6,6,-0.0032607120090755674,-0.0035107120090755676,-0.0037607120090755674,XGBoost
2023-11-02,2023-11-03,0.0005805710429126339,0.005392775066106575,-0.004812204023193941,0.8333333333333333,6,6,0.0005805710429126339,0.0001639043762459673,-0.00025276229042069933,XGBoost
2023-11-03,2023-11-06,0.00043997107353737513,-0.0006338941775197999,0.0010738652510571749,0.8333333333333333,6,6,0.00043997107353737513,2.330440687070849e-05,-0.00039336225979595815,XGBoost
2023-11-06,2023-11-07,-0.0015934845717217828,-0.0008416168917992164,-0.0007518676799225664,0.5,6,6,-0.0015934845717217828,-0.0018434845717217828,-0.002093484571721783,XGBoost
2023-11-07,2023-11-08,0.0030760256514982915,-0.00018957969728918326,0.0032656053487874746,0.16666666666666666,6,6,0.0030760256514982915,0.0029926923181649583,0.002909358984831625,XGBoost
2023-11-08,2023-11-09,0.0007204005500689498,-0.0036933795540533415,0.0044137801041222915,0.8333333333333333,6,6,0.0007204005500689498,0.0003037338834022831,-0.00011293278326438352,XGBoost
2023-11-09,2023-11-10,-0.0045819768650382665,0.003165240238492183,-0.0077472171035304505,1.0,6,6,-0.0045819768650382665,-0.005081976865038267,-0.0055819768650382665,XGBoost
2023-11-10,2023-11-13,-4.346578421812503e-05,-0.002326198669805442,0.002282732885587316,1.0,6,6,-4.346578421812503e-05,-0.000543465784218125,-0.001043465784218125,XGBoost
2023-11-13,2023-11-14,0.004508165901911174,0.014940819372558058,-0.010432653470646883,0.8333333333333333,6,6,0.004508165901911174,0.004091499235244507,0.0036748325685778405,XGBoost
2023-11-14,2023-11-15,-0.0017480502895177994,0.0056487350838676075,-0.007396785373385407,0.8333333333333333,6,6,-0.0017480502895177994,-0.002164716956184466,-0.0025813836228511327,XGBoost
2023-11-15,2023-11-16,0.011309640677943099,-0.00020459316932624984,0.011514233847269349,1.3333333333333333,6,6,0.011309640677943099,0.010642974011276432,0.009976307344609765,XGBoost
2023-11-16,2023-11-17,-0.0030233774397840584,-0.00013365840934488328,-0.002889719030439175,0.6666666666666666,6,6,-0.0030233774397840584,-0.003356710773117392,-0.003690044106450725,XGBoost
2023-11-17,2023-11-20,-0.0015027533475816576,0.0023519832380304584,-0.003854736585612116,0.5,6,6,-0.0015027533475816576,-0.0017527533475816576,-0.0020027533475816574,XGBoost
2023-11-20,2023-11-21,0.0019055063385743163,-0.0013893889475628085,0.0032948952861371244,1.0,6,6,0.0019055063385743163,0.0014055063385743163,0.0009055063385743163,XGBoost
2023-11-21,2023-11-22,-7.573813989711651e-05,0.0012490763018507083,-0.0013248144417478248,1.5,6,6,-7.573813989711651e-05,-0.0008257381398971166,-0.0015757381398971166,XGBoost
2023-11-22,2023-11-24,-0.00045144762923507805,0.00155300556981863,-0.002004453199053708,0.6666666666666666,6,6,-0.00045144762923507805,-0.0007847809625684114,-0.0011181142959017446,XGBoost
2023-11-24,2023-11-27,0.0005471770970567917,-0.00014099348138256669,0.0006881705784393584,1.1666666666666665,6,6,0.0005471770970567917,-3.6156236276541596e-05,-0.0006194895696098749,XGBoost
2023-11-27,2023-11-28,-0.004302183253095875,-0.0037223142615875997,-0.0005798689915082749,1.3333333333333333,6,6,-0.004302183253095875,-0.004968849919762542,-0.005635516586429208,XGBoost
2023-11-28,2023-11-29,0.005317233517624691,0.006282040132350458,-0.0009648066147257667,0.6666666666666666,6,6,0.005317233517624691,0.004983900184291358,0.004650566850958024,XGBoost
2023-11-29,2023-11-30,-0.0007068989632363421,0.004689090043361558,-0.0053959890065979005,0.6666666666666666,6,6,-0.0007068989632363421,-0.0010402322965696754,-0.0013735656299030089,XGBoost
2023-11-30,2023-12-01,0.0009579582160524414,0.003400984658185958,-0.002443026442133517,0.8333333333333333,6,6,0.0009579582160524414,0.0005412915493857748,0.00012462488271910814,XGBoost
2023-12-01,2023-12-04,-0.004524066086835075,-0.002662248637776375,-0.0018618174490586995,0.8333333333333333,6,6,-0.004524066086835075,-0.004940732753501742,-0.005357399420168408,XGBoost
2023-12-04,2023-12-05,-0.0029030163844703245,-0.0030198430875831663,0.00011682670311284176,0.8333333333333333,6,6,-0.0029030163844703245,-0.0033196830511369913,-0.0037363497178036576,XGBoost
2023-12-05,2023-12-06,-0.002379091587142917,-0.0042950119430318,0.001915920355888883,0.8333333333333333,6,6,-0.002379091587142917,-0.0027957582538095838,-0.00321242492047625,XGBoost
2023-12-06,2023-12-07,0.0032755100322353664,0.0025214845812650665,0.0007540254509703002,1.1666666666666665,6,6,0.0032755100322353664,0.002692176698902033,0.0021088433655687,XGBoost
2023-12-07,2023-12-08,0.0045591316533086755,0.006015644843905417,-0.0014565131905967413,1.0,6,6,0.0045591316533086755,0.004059131653308675,0.0035591316533086755,XGBoost
2023-12-08,2023-12-11,-0.005554262197723808,-0.0007248285948193082,-0.004829433602904499,0.8333333333333333,6,6,-0.005554262197723808,-0.0059709288643904745,-0.006387595531057141,XGBoost
2023-12-11,2023-12-12,0.007657214630892605,-0.002599694430093458,0.010256909060986065,0.8333333333333333,6,6,0.007657214630892605,0.007240547964225939,0.006823881297559272,XGBoost
2023-12-12,2023-12-13,-0.006763794737422384,0.0032143977110921833,-0.009978192448514568,0.5,6,6,-0.006763794737422384,-0.007013794737422384,-0.007263794737422384,XGBoost
2023-12-13,2023-12-14,-0.0007650073587072575,0.002853038427997624,-0.003618045786704882,0.8333333333333333,6,6,-0.0007650073587072575,-0.001181674025373924,-0.0015983406920405908,XGBoost
2023-12-14,2023-12-15,0.0007614745995327922,0.005347038837165933,-0.004585564237633141,0.8333333333333333,6,6,0.0007614745995327922,0.00034480793286612553,-7.185873380054111e-05,XGBoost
2023-12-15,2023-12-18,-0.0054698304783923155,-0.0019607060760995832,-0.003509124402292733,0.8333333333333333,6,6,-0.0054698304783923155,-0.005886497145058982,-0.006303163811725649,XGBoost
2023-12-18,2023-12-19,-0.0021617330477885503,0.005275328035649483,-0.007437061083438034,0.6666666666666666,6,6,-0.0021617330477885503,-0.002495066381121884,-0.002828399714455217,XGBoost
2023-12-19,2023-12-20,0.00031035324942833343,-0.00711809344524405,0.007428446694672383,0.8333333333333333,6,6,0.00031035324942833343,-0.00010631341723833321,-0.0005229800839049998,XGBoost
2023-12-20,2023-12-21,-0.0017396355031978742,0.004375619512842517,-0.006115255016040391,0.8333333333333333,6,6,-0.0017396355031978742,-0.002156302169864541,-0.0025729688365312073,XGBoost
2023-12-21,2023-12-22,0.009435068891437484,0.001736111038631725,0.0076989578528057585,0.8333333333333333,6,6,0.009435068891437484,0.009018402224770818,0.00860173555810415,XGBoost
2023-12-22,2023-12-26,0.008504408271551899,0.008252373900258224,0.00025203437129367326,0.3333333333333333,6,6,0.008504408271551899,0.008337741604885231,0.008171074938218566,XGBoost
2023-12-26,2023-12-27,0.0011944332638885,0.0018564379809396334,-0.0006620047170511332,0.8333333333333333,6,6,0.0011944332638885,0.0007777665972218333,0.0003610999305551667,XGBoost
2023-12-27,2023-12-28,-0.0031395999570935,-0.0013481041650269833,-0.0017914957920665165,0.5,6,6,-0.0031395999570935,-0.0033895999570935,-0.0036395999570935,XGBoost
2023-12-28,2023-12-29,0.0002290893789465835,-0.0008360941311420331,0.0010651835100886167,0.5,6,6,0.0002290893789465835,-2.09106210534165e-05,-0.0002709106210534165,XGBoost
2023-12-29,2024-01-02,-0.0029676925228495077,0.0005669275243294333,-0.0035346200471789413,0.8333333333333333,6,6,-0.0029676925228495077,-0.0033843591895161744,-0.003801025856182841,XGBoost
2024-01-02,2024-01-03,-0.0028808196719174836,-0.005441965053533808,0.002561145381616325,0.6666666666666666,6,6,-0.0028808196719174836,-0.003214153005250817,-0.00354748633858415,XGBoost
2024-01-03,2024-01-04,-0.0019462436092697497,-0.0015624768547600916,-0.00038376675450965805,0.8333333333333333,6,6,-0.0019462436092697497,-0.0023629102759364163,-0.002779576942603083,XGBoost
2024-01-04,2024-01-05,0.0035066435509943667,0.003176625753798367,0.0003300177971959998,0.8333333333333333,6,6,0.0035066435509943667,0.0030899768843277,0.002673310217661033,XGBoost
2024-01-05,2024-01-08,0.001776190777381725,0.0051854957006997,-0.003409304923317975,0.5,6,6,0.001776190777381725,0.001526190777381725,0.001276190777381725,XGBoost
2024-01-08,2024-01-09,0.0008697217071433662,-0.00299258169858545,0.0038623034057288157,0.6666666666666666,6,6,0.0008697217071433662,0.0005363883738100329,0.00020305504047669952,XGBoost
2024-01-09,2024-01-10,-0.007694288080201716,-0.0044544453356279495,-0.003239842744573766,0.5,6,6,-0.007694288080201716,-0.007944288080201716,-0.008194288080201716,XGBoost
2024-01-10,2024-01-11,-0.002589797978693775,-0.0014336127351970498,-0.0011561852434967248,0.6666666666666666,6,6,-0.002589797978693775,-0.0029231313120271084,-0.0032564646453604414,XGBoost
2024-01-11,2024-01-12,0.002911674222922233,0.0033493005526833417,-0.0004376263297611086,0.6666666666666666,6,6,0.002911674222922233,0.0025783408895888997,0.0022450075562555666,XGBoost
2024-01-12,2024-01-16,0.008444532414390093,-0.004596128946023241,0.013040661360413333,0.5,6,6,0.008444532414390093,0.008194532414390093,0.007944532414390092,XGBoost
2024-01-16,2024-01-17,-0.0016051963200817002,-0.00413261732311955,0.00252742100303785,0.6666666666666666,6,6,-0.0016051963200817002,-0.0019385296534150335,-0.002271862986748367,XGBoost
2024-01-17,2024-01-18,0.005914927706494941,0.008556967132209617,-0.002642039425714675,0.8333333333333333,6,6,0.005914927706494941,0.005498261039828274,0.0050815943731616076,XGBoost
2024-01-18,2024-01-19,4.491065386314896e-05,0.006688498663124775,-0.006643588009261624,0.6666666666666666,6,6,4.491065386314896e-05,-0.00028842267947018437,-0.0006217560128035177,XGBoost
2024-01-19,2024-01-22,0.00037718186621184984,0.0011357422696230332,-0.0007585604034111833,0.3333333333333333,6,6,0.00037718186621184984,0.00021051519954518318,4.384853287851652e-05,XGBoost
2024-01-22,2024-01-23,-0.0014449411279521401,0.0013285173469707754,-0.0027734584749229156,0.8333333333333333,6,6,-0.0014449411279521401,-0.0018616077946188069,-0.0022782744612854736,XGBoost
2024-01-23,2024-01-24,0.00821607603042415,0.001759537586270733,0.006456538444153417,0.3333333333333333,6,6,0.00821607603042415,0.008049409363757483,0.007882742697090817,XGBoost
2024-01-24,2024-01-25,-0.012321769681383703,-0.0016377666654325482,-0.010684003015951156,1.0,6,6,-0.012321769681383703,-0.012821769681383703,-0.013321769681383704,XGBoost
2024-01-25,2024-01-26,-0.0001369310007521586,-0.0008221174254035828,0.0006851864246514247,1.1666666666666665,6,6,-0.0001369310007521586,-0.0007202643340854919,-0.0013035976674188252,XGBoost
2024-01-26,2024-01-29,-0.001360574934397125,0.0005027232184677417,-0.0018632981528648666,0.8333333333333333,6,6,-0.001360574934397125,-0.0017772416010637918,-0.002193908267730458,XGBoost
2024-01-29,2024-01-30,-0.0025059648757306163,-0.004340270532417707,0.001834305656687091,0.6666666666666666,6,6,-0.0025059648757306163,-0.00283929820906395,-0.003172631542397283,XGBoost
2024-01-30,2024-01-31,0.007966015828072381,0.0010167235809597072,0.006949292247112675,0.3333333333333333,6,6,0.007966015828072381,0.007799349161405715,0.007632682494739048,XGBoost
2024-01-31,2024-02-01,0.0072696596059298926,0.0041896166004473,0.0030800430054825916,1.1666666666666665,6,6,0.0072696596059298926,0.006686326272596559,0.006102992939263226,XGBoost
2024-02-01,2024-02-02,-0.0007730345420251747,-0.0011188346115060996,0.0003458000694809251,0.8333333333333333,6,6,-0.0007730345420251747,-0.0011897012086918412,-0.001606367875358508,XGBoost
2024-02-02,2024-02-05,-0.002223620117285,-0.001378298964823875,-0.0008453211524611249,1.0,6,6,-0.002223620117285,-0.002723620117285,-0.003223620117285,XGBoost
2024-02-05,2024-02-06,0.0005454159506446058,0.0015394001055319807,-0.000993984154887375,0.8333333333333333,6,6,0.0005454159506446058,0.0001287492839779392,-0.00028791738268872744,XGBoost
2024-02-06,2024-02-07,0.007283238274488824,0.00352510429064315,0.003758133983845674,0.8333333333333333,6,6,0.007283238274488824,0.006866571607822157,0.006449904941155491,XGBoost
2024-02-07,2024-02-08,0.002471626786484431,-6.09097028333751e-05,0.0025325364893178065,0.3333333333333333,6,6,0.002471626786484431,0.0023049601198177646,0.0021382934531510977,XGBoost
2024-02-08,2024-02-09,0.003167427077767192,0.0010230609908083333,0.002144366086958858,0.5,6,6,0.003167427077767192,0.002917427077767192,0.002667427077767192,XGBoost
2024-02-09,2024-02-12,-0.0038792445269051493,0.0008443683715413584,-0.004723612898446508,0.6666666666666666,6,6,-0.0038792445269051493,-0.004212577860238482,-0.004545911193571816,XGBoost
2024-02-12,2024-02-13,0.0007014023178660502,-0.010177563995163383,0.010878966313029434,0.5,6,6,0.0007014023178660502,0.00045140231786605016,0.00020140231786605015,XGBoost
2024-02-13,2024-02-14,-0.004214066512774125,0.0013885689636058333,-0.005602635476379958,0.8333333333333333,6,6,-0.004214066512774125,-0.004630733179440792,-0.0050473998461074586,XGBoost
2024-02-14,2024-02-15,0.0030574721358064836,0.005619780905994517,-0.0025623087701880333,0.3333333333333333,6,6,0.0030574721358064836,0.002890805469139817,0.00272413880247315,XGBoost
2024-02-15,2024-02-16,-0.00023080239115062519,-0.0014643322696701665,0.0012335298785195415,0.16666666666666666,6,6,-0.00023080239115062519,-0.0003141357244839585,-0.0003974690578172919,XGBoost
2024-02-16,2024-02-20,-0.01011353820537544,-0.005506106897980432,-0.004607431307395008,0.6666666666666666,6,6,-0.01011353820537544,-0.010446871538708774,-0.010780204872042107,XGBoost
2024-02-20,2024-02-21,0.003222726112624142,0.0025527499345201336,0.0006699761781040082,0.6666666666666666,6,6,0.003222726112624142,0.0028893927792908087,0.0025560594459574757,XGBoost
2024-02-21,2024-02-22,0.002964932871477821,0.005403262889508712,-0.0024383300180308917,0.3333333333333333,6,6,0.002964932871477821,0.0027982662048111544,0.0026315995381444874,XGBoost
2024-02-22,2024-02-23,6.652235083755813e-05,0.002731624301890833,-0.0026651019510532748,0.6666666666666666,6,6,6.652235083755813e-05,-0.0002668109824957752,-0.0006001443158291085,XGBoost
2024-02-23,2024-02-26,-4.042598986531719e-05,-0.0009947687928928335,0.0009543428030275163,1.0,6,6,-4.042598986531719e-05,-0.0005404259898653172,-0.0010404259898653173,XGBoost
2024-02-26,2024-02-27,0.0033982978395383245,0.0010479125153498416,0.002350385324188483,0.6666666666666666,6,6,0.0033982978395383245,0.003064964506204991,0.002731631172871658,XGBoost
2024-02-27,2024-02-28,0.00046573278173092474,0.0009972481373496833,-0.0005315153556187584,0.8333333333333333,6,6,0.00046573278173092474,4.90661150642581e-05,-0.00036760055160240854,XGBoost
2024-02-28,2024-02-29,0.002887087531114791,0.0028853247160698326,1.7628150449582698e-06,0.3333333333333333,6,6,0.002887087531114791,0.0027204208644481245,0.0025537541977814575,XGBoost
2024-02-29,2024-03-01,0.0046516028110476,0.0035104820138430505,0.00114112079720455,0.8333333333333333,6,6,0.0046516028110476,0.004234936144380933,0.0038182694777142666,XGBoost
2024-03-01,2024-03-04,0.010215654457310083,0.00508595923110855,0.005129695226201533,1.0,6,6,0.010215654457310083,0.009715654457310083,0.009215654457310082,XGBoost
2024-03-04,2024-03-05,-0.00581602647036085,-0.008094889956231541,0.0022788634858706912,1.0,6,6,-0.00581602647036085,-0.00631602647036085,-0.00681602647036085,XGBoost
2024-03-05,2024-03-06,0.0074000252935403415,0.007299518630536291,0.00010050666300405009,0.5,6,6,0.0074000252935403415,0.007150025293540341,0.006900025293540342,XGBoost
2024-03-06,2024-03-07,0.012550158206926591,0.010462648753092784,0.002087509453833808,0.3333333333333333,6,6,0.012550158206926591,0.012383491540259924,0.012216824873593258,XGBoost
2024-03-07,2024-03-08,0.0036403198111923246,-0.0027902225012559254,0.006430542312448249,1.1666666666666665,6,6,0.0036403198111923246,0.0030569864778589913,0.002473653144525658,XGBoost
2024-03-08,2024-03-11,-0.004431259389545158,-0.0003767675124141752,-0.004054491877130983,0.5,6,6,-0.004431259389545158,-0.004681259389545158,-0.004931259389545159,XGBoost
2024-03-11,2024-03-12,-0.002815688045777409,0.0040447486040373,-0.0068604366498147065,0.8333333333333333,6,6,-0.002815688045777409,-0.0032323547124440757,-0.0036490213791107425,XGBoost
2024-03-12,2024-03-13,-0.0016070359475938254,-0.005152185336462266,0.003545149388868441,0.8333333333333333,6,6,-0.0016070359475938254,-0.002023702614260492,-0.0024403692809271587,XGBoost
2024-03-13,2024-03-14,4.1461254308967346e-05,-0.0013888517772322334,0.001430313031541201,0.3333333333333333,6,6,4.1461254308967346e-05,-0.00012520541235769932,-0.000291872079024366,XGBoost
2024-03-14,2024-03-15,0.002621653747131196,0.000720822863013275,0.0019008308841179215,0.6666666666666666,6,6,0.002621653747131196,0.0022883204137978627,0.0019549870804645296,XGBoost
2024-03-15,2024-03-18,-0.007350138072138359,-0.0015330442323626997,-0.005817093839775658,1.0,6,6,-0.007350138072138359,-0.007850138072138359,-0.008350138072138358,XGBoost
2024-03-18,2024-03-19,-0.0018660226255355335,0.0004703992662327247,-0.002336421891768258,0.5,6,6,-0.0018660226255355335,-0.0021160226255355335,-0.0023660226255355337,XGBoost
2024-03-19,2024-03-20,0.002695244649487425,0.00677920970876085,-0.004083965059273425,0.8333333333333333,6,6,0.002695244649487425,0.0022785779828207583,0.0018619113161540918,XGBoost
2024-03-20,2024-03-21,-0.0022728304218225257,0.0023628004851876916,-0.004635630907010216,0.3333333333333333,6,6,-0.0022728304218225257,-0.002439497088489192,-0.002606163755155859,XGBoost
2024-03-21,2024-03-22,0.005755278695101308,-0.002039737544561209,0.0077950162396625165,0.8333333333333333,6,6,0.005755278695101308,0.005338612028434641,0.004921945361767975,XGBoost
2024-03-22,2024-03-25,-0.0024284772826260372,-0.004343544995748675,0.0019150677131226377,0.5,6,6,-0.0024284772826260372,-0.0026784772826260374,-0.0029284772826260372,XGBoost
2024-03-25,2024-03-26,-0.0010423435348082333,-0.0014850607344755915,0.00044271719966735825,0.16666666666666666,6,6,-0.0010423435348082333,-0.0011256768681415666,-0.0012090102014749,XGBoost
2024-03-26,2024-03-27,0.0005010197923422579,0.00762440286732485,-0.007123383074982591,0.5,6,6,0.0005010197923422579,0.0002510197923422579,1.0197923422578838e-06,XGBoost
2024-03-27,2024-03-28,0.001082671215456675,0.0014524657778417,-0.000369794562385025,0.5,6,6,0.001082671215456675,0.000832671215456675,0.000582671215456675,XGBoost
2024-03-28,2024-04-01,0.006067886677254916,0.0014230055104932,0.0046448811667617156,0.6666666666666666,6,6,0.006067886677254916,0.005734553343921583,0.005401220010588249,XGBoost
2024-04-01,2024-04-02,0.0012481192742537046,-0.00326644971590865,0.004514568990162353,0.8333333333333333,6,6,0.0012481192742537046,0.000831452607587038,0.00041478594092037133,XGBoost
2024-04-02,2024-04-03,-0.006196149774958807,-0.00977035543686214,0.003574205661903333,0.6666666666666666,6,6,-0.006196149774958807,-0.00652948310829214,-0.006862816441625474,XGBoost
2024-04-03,2024-04-04,-0.0005866549568843155,-0.004705321063042283,0.004118666106157966,1.0,6,6,-0.0005866549568843155,-0.0010866549568843155,-0.0015866549568843155,XGBoost
2024-04-04,2024-04-05,0.005674833481568425,0.003910897394957192,0.0017639360866112334,1.1666666666666665,6,6,0.005674833481568425,0.005091500148235091,0.004508166814901758,XGBoost
2024-04-05,2024-04-08,0.002533212728512433,0.0001809282092923081,0.002352284519220125,1.0,6,6,0.002533212728512433,0.002033212728512433,0.001533212728512433,XGBoost
2024-04-08,2024-04-09,-0.0008558426963679497,0.00024341220854411658,-0.0010992549049120665,1.0,6,6,-0.0008558426963679497,-0.0013558426963679497,-0.0018558426963679498,XGBoost
2024-04-09,2024-04-10,0.0009628556126029348,-0.004256158915892833,0.0052190145284957655,1.0,6,6,0.0009628556126029348,0.0004628556126029348,-3.714438739706519e-05,XGBoost
2024-04-10,2024-04-11,0.004988848553599559,0.004520491050298666,0.0004683575033008918,1.0,6,6,0.004988848553599559,0.004488848553599559,0.003988848553599559,XGBoost
2024-04-11,2024-04-12,-0.0023161091379506832,-0.008667383840264359,0.006351274702313674,0.8333333333333333,6,6,-0.0023161091379506832,-0.00273277580461735,-0.0031494424712840167,XGBoost
2024-04-12,2024-04-15,0.00011224156281891665,-0.0009032187709065835,0.0010154603337255,0.8333333333333333,6,6,0.00011224156281891665,-0.00030442510384775,-0.0007210917705144167,XGBoost
2024-04-15,2024-04-16,0.00283920799625495,-0.0004339898553811581,0.0032731978516361082,0.8333333333333333,6,6,0.00283920799625495,0.002422541329588283,0.0020058746629216164,XGBoost
2024-04-16,2024-04-17,-0.003573662273807967,-0.0016441693991636416,-0.001929492874644325,1.0,6,6,-0.003573662273807967,-0.004073662273807967,-0.004573662273807967,XGBoost
2024-04-17,2024-04-18,-0.007301165038854283,-0.004409100596241283,-0.002892064442613,1.1666666666666665,6,6,-0.007301165038854283,-0.007884498372187616,-0.00846783170552095,XGBoost
2024-04-18,2024-04-19,-0.004783564881525333,-0.0036024870725411915,-0.0011810778089841418,1.0,6,6,-0.004783564881525333,-0.005283564881525333,-0.005783564881525333,XGBoost
2024-04-19,2024-04-22,0.0016078050326018333,0.003438099629006916,-0.001830294596405083,1.0,6,6,0.0016078050326018333,0.0011078050326018332,0.0006078050326018332,XGBoost
2024-04-22,2024-04-23,0.0043244927004274574,0.0017064828816591832,0.0026180098187682747,0.6666666666666666,6,6,0.0043244927004274574,0.003991159367094124,0.003657826033760791,XGBoost
2024-04-23,2024-04-24,0.0009641671540434502,0.0019250882962173746,-0.0009609211421739244,0.8333333333333333,6,6,0.0009641671540434502,0.0005475004873767836,0.00013083382071011696,XGBoost
2024-04-24,2024-04-25,0.0055649103896578,-0.00042230640736689164,0.00598721679702469,0.5,6,6,0.0055649103896578,0.0053149103896578,0.0050649103896578,XGBoost
2024-04-25,2024-04-26,-0.005983632312313558,-0.003880368131325941,-0.002103264180987617,0.8333333333333333,6,6,-0.005983632312313558,-0.006400298978980225,-0.006816965645646891,XGBoost
2024-04-26,2024-04-29,0.003852384781378483,0.005266327436569792,-0.001413942655191308,1.3333333333333333,6,6,0.003852384781378483,0.0031857181147118166,0.00251905144804515,XGBoost
2024-04-29,2024-04-30,-0.006281563779616624,-0.011977739694480918,0.0056961759148642915,0.6666666666666666,6,6,-0.006281563779616624,-0.006614897112949957,-0.006948230446283291,XGBoost
2024-04-30,2024-05-01,0.0027100280410903,0.001607582672956667,0.0011024453681336332,0.6666666666666666,6,6,0.0027100280410903,0.0023766947077569667,0.0020433613744236336,XGBoost
2024-05-01,2024-05-02,-0.0016892565055849503,0.007837102300966674,-0.009526358806551624,1.1666666666666665,6,6,-0.0016892565055849503,-0.0022725898389182836,-0.002855923172251617,XGBoost
2024-05-02,2024-05-03,-0.007464253636054515,0.003397839757640208,-0.010862093393694724,0.8333333333333333,6,6,-0.007464253636054515,-0.007880920302721181,-0.008297586969387849,XGBoost
2024-05-03,2024-05-06,0.007330848383988483,0.005447435841457434,0.0018834125425310495,0.5,6,6,0.007330848383988483,0.007080848383988483,0.006830848383988484,XGBoost
2024-05-06,2024-05-07,0.0006720663594265168,-0.00087888310555025,0.0015509494649767665,0.6666666666666666,6,6,0.0006720663594265168,0.00033873302609318347,5.399692759850143e-06,XGBoost
2024-05-07,2024-05-08,-0.004705389925058741,-0.0002034842551293832,-0.004501905669929358,0.5,6,6,-0.004705389925058741,-0.0049553899250587416,-0.005205389925058741,XGBoost
2024-05-08,2024-05-09,0.0004180733185893113,0.002467876484261436,-0.002049803165672125,0.6666666666666666,6,6,0.0004180733185893113,8.4739985255978e-05,-0.0002485933480773553,XGBoost
2024-05-09,2024-05-10,0.0007791126557766584,0.0013548405802898665,-0.0005757279245132083,0.6666666666666666,6,6,0.0007791126557766584,0.0004457793224433251,0.0001124459891099918,XGBoost
2024-05-10,2024-05-13,0.0005035588103786167,0.00200986719304825,-0.0015063083826696332,0.6666666666666666,6,6,0.0005035588103786167,0.0001702254770452834,-0.00016310785628804992,XGBoost
2024-05-13,2024-05-14,0.0088265598977353,0.008854778536987198,-2.8218639251900105e-05,0.6666666666666666,6,6,0.0088265598977353,0.008493226564401967,0.008159893231068634,XGBoost
2024-05-14,2024-05-15,0.0018732641576983588,0.006695802184536758,-0.0048225380268384,0.8333333333333333,6,6,0.0018732641576983588,0.0014565974910316923,0.0010399308243650256,XGBoost
2024-05-15,2024-05-16,0.005616945032480867,0.003975250220609409,0.001641694811871458,0.8333333333333333,6,6,0.005616945032480867,0.0052002783658142,0.004783611699147533,XGBoost
2024-05-16,2024-05-17,0.00023449758338949997,0.0008874091954371835,-0.0006529116120476833,0.5,6,6,0.00023449758338949997,-1.5502416610500033e-05,-0.00026550241661050004,XGBoost
2024-05-17,2024-05-20,0.013602466927178031,0.00739081164784499,0.006211655279333041,0.6666666666666666,6,6,0.013602466927178031,0.013269133593844698,0.012935800260511365,XGBoost
2024-05-20,2024-05-21,-0.005083236055972491,8.76879741868418e-05,-0.005170924030159334,1.0,6,6,-0.005083236055972491,-0.005583236055972491,-0.006083236055972491,XGBoost
2024-05-21,2024-05-22,0.005780001056049317,0.0016244435685691665,0.004155557487480151,0.6666666666666666,6,6,0.005780001056049317,0.005446667722715984,0.00511333438938265,XGBoost
2024-05-22,2024-05-23,-0.0021755440656794,-0.008845650441834382,0.006670106376154983,0.8333333333333333,6,6,-0.0021755440656794,-0.0025922107323460668,-0.0030088773990127335,XGBoost
2024-05-23,2024-05-24,7.125143921891649e-05,0.002222205910978283,-0.0021509544717593664,1.0,6,6,7.125143921891649e-05,-0.0004287485607810835,-0.0009287485607810835,XGBoost
2024-05-24,2024-05-28,0.0021228490637916833,-0.000901164956736933,0.0030240140205286168,0.8333333333333333,6,6,0.0021228490637916833,0.0017061823971250166,0.00128951573045835,XGBoost
2024-05-28,2024-05-29,0.0002934223378031585,-0.005969316346964025,0.006262738684767183,1.0,6,6,0.0002934223378031585,-0.00020657766219684152,-0.0007065776621968415,XGBoost
2024-05-29,2024-05-30,-0.007555802515411167,-0.0043130267483029745,-0.0032427757671081915,1.3333333333333333,6,6,-0.007555802515411167,-0.008222469182077833,-0.008889135848744501,XGBoost
2024-05-30,2024-05-31,-0.0035561352763219672,0.003814591112736883,-0.00737072638905885,0.8333333333333333,6,6,-0.0035561352763219672,-0.003972801942988634,-0.004389468609655301,XGBoost
2024-05-31,2024-06-03,0.0018121146403211586,0.001029474029417892,0.0007826406109032665,0.8333333333333333,6,6,0.0018121146403211586,0.0013954479736544918,0.0009787813069878253,XGBoost
2024-06-03,2024-06-04,-0.002757144675195575,8.374691932154185e-05,-0.002840891594517117,0.6666666666666666,6,6,-0.002757144675195575,-0.0030904780085289083,-0.0034238113418622413,XGBoost
2024-06-04,2024-06-05,0.006230166809270116,0.007079347376934358,-0.0008491805676642417,0.6666666666666666,6,6,0.006230166809270116,0.005896833475936783,0.005563500142603449,XGBoost
2024-06-05,2024-06-06,-0.0030653286125958247,-0.0012122483617988333,-0.0018530802507969915,0.6666666666666666,6,6,-0.0030653286125958247,-0.0033986619459291582,-0.0037319952792624913,XGBoost
2024-06-06,2024-06-07,-0.0033369956958123077,-0.003665133743146566,0.0003281380473342581,0.6666666666666666,6,6,-0.0033369956958123077,-0.003670329029145641,-0.004003662362478975,XGBoost
2024-06-07,2024-06-10,0.00517806142783235,0.002840460641782675,0.0023376007860496754,0.8333333333333333,6,6,0.00517806142783235,0.004761394761165683,0.004344728094499016,XGBoost
2024-06-10,2024-06-11,-0.0054953053285672175,-0.0023892689340671747,-0.0031060363945000424,0.8333333333333333,6,6,-0.0054953053285672175,-0.005911971995233884,-0.006328638661900551,XGBoost
2024-06-11,2024-06-12,-0.00982461473763569,0.001587947959234925,-0.011412562696870616,0.6666666666666666,6,6,-0.00982461473763569,-0.010157948070969022,-0.010491281404302355,XGBoost
2024-06-12,2024-06-13,0.00035582927222412497,0.00016768611210870796,0.0001881431601154168,0.6666666666666666,6,6,0.00035582927222412497,2.2495938890791645e-05,-0.0003108373944425417,XGBoost
2024-06-13,2024-06-14,-0.0019144750328572333,-0.003315879648740025,0.0014014046158827916,0.6666666666666666,6,6,-0.0019144750328572333,-0.0022478083661905666,-0.0025811416995239,XGBoost
2024-06-14,2024-06-17,-0.00020756735005533333,0.0055257187107517584,-0.005733286060807092,0.6666666666666666,6,6,-0.00020756735005533333,-0.0005409006833886666,-0.000874234016722,XGBoost
2024-06-17,2024-06-18,-0.003690443543975542,0.0013056357260667587,-0.004996079270042301,1.1666666666666665,6,6,-0.003690443543975542,-0.004273776877308875,-0.004857110210642208,XGBoost
2024-06-18,2024-06-20,0.0036953782230807336,0.00028570595168488316,0.00340967227139585,0.8333333333333333,6,6,0.0036953782230807336,0.003278711556414067,0.0028620448897474,XGBoost
2024-06-20,2024-06-21,0.0036396825521679494,0.0016698085034818249,0.0019698740486861245,0.8333333333333333,6,6,0.0036396825521679494,0.0032230158855012826,0.002806349218834616,XGBoost
2024-06-21,2024-06-24,-0.01801091496109982,-0.006540794247952408,-0.011470120713147416,1.1666666666666665,6,6,-0.01801091496109982,-0.018594248294433152,-0.019177581627766487,XGBoost
2024-06-24,2024-06-25,-0.0021879570161484002,-0.0028975575588241253,0.0007096005426757248,0.8333333333333333,6,6,-0.0021879570161484002,-0.002604623682815067,-0.0030212903494817337,XGBoost
2024-06-25,2024-06-26,0.00016301690849600823,0.0004077783268444917,-0.00024476141834848316,1.1666666666666665,6,6,0.00016301690849600823,-0.00042031642483732505,-0.0010036497581706583,XGBoost
2024-06-26,2024-06-27,0.004635450746895391,0.003123918395204366,0.0015115323516910252,0.8333333333333333,6,6,0.004635450746895391,0.0042187840802287244,0.0038021174135620577,XGBoost
2024-06-27,2024-06-28,0.014514966370471316,0.0004120265883972833,0.01410293978207403,0.6666666666666666,6,6,0.014514966370471316,0.014181633037137983,0.01384829970380465,XGBoost
2024-06-28,2024-07-01,-0.0003818050887532663,0.0023127259674970996,-0.0026945310562503664,0.6666666666666666,6,6,-0.0003818050887532663,-0.0007151384220865995,-0.0010484717554199328,XGBoost
2024-07-01,2024-07-02,-0.00037078697886576656,0.0017479983771003745,-0.0021187853559661413,0.8333333333333333,6,6,-0.00037078697886576656,-0.0007874536455324332,-0.0012041203121990998,XGBoost
2024-07-02,2024-07-03,0.0032357061579213575,0.002466399575948366,0.0007693065819729916,0.3333333333333333,6,6,0.0032357061579213575,0.003069039491254691,0.002902372824588024,XGBoost
2024-07-03,2024-07-05,0.004841023858204874,0.006401104154232032,-0.0015600802960271587,0.16666666666666666,6,6,0.004841023858204874,0.0047576905248715405,0.004674357191538208,XGBoost
2024-07-05,2024-07-08,-0.004903594796328415,-0.0022126219629541996,-0.0026909728333742162,0.6666666666666666,6,6,-0.004903594796328415,-0.005236928129661748,-0.005570261462995082,XGBoost
2024-07-08,2024-07-09,-0.0014126357732216002,-0.001466300442081142,5.3664668859541625e-05,0.5,6,6,-0.0014126357732216002,-0.0016626357732216002,-0.0019126357732216002,XGBoost
2024-07-09,2024-07-10,-0.00010813905911669146,0.004597949175433759,-0.004706088234550449,0.5,6,6,-0.00010813905911669146,-0.00035813905911669146,-0.0006081390591166915,XGBoost
2024-07-10,2024-07-11,-0.0028728865692432912,-0.005339814293170924,0.002466927723927634,0.5,6,6,-0.0028728865692432912,-0.0031228865692432915,-0.0033728865692432912,XGBoost
2024-07-11,2024-07-12,0.00133646541221555,0.003943338169484082,-0.002606872757268533,0.6666666666666666,6,6,0.00133646541221555,0.0010031320788822166,0.0006697987455488832,XGBoost
2024-07-12,2024-07-15,-0.0035407922985098914,0.0003917067796831756,-0.0039324990781930665,0.8333333333333333,6,6,-0.0035407922985098914,-0.003957458965176558,-0.004374125631843225,XGBoost
2024-07-15,2024-07-16,-0.0010022242399608666,0.004193126861345933,-0.0051953511013068,0.6666666666666666,6,6,-0.0010022242399608666,-0.0013355575732942,-0.0016688909066275332,XGBoost
2024-07-16,2024-07-17,-0.021981427922456824,-0.011752353972666116,-0.010229073949790708,0.6666666666666666,6,6,-0.021981427922456824,-0.02231476125579016,-0.02264809458912349,XGBoost
2024-07-17,2024-07-18,-0.007582436161298116,-0.009957119451383167,0.00237468329008505,0.6666666666666666,6,6,-0.007582436161298116,-0.00791576949463145,-0.008249102827964783,XGBoost
2024-07-18,2024-07-19,0.009031292074932177,0.0008243200499438667,0.008206972024988308,0.5,6,6,0.009031292074932177,0.008781292074932176,0.008531292074932176,XGBoost
2024-07-19,2024-07-22,0.002141997959049868,0.005546805001344258,-0.003404807042294391,0.8333333333333333,6,6,0.002141997959049868,0.001725331292383201,0.0013086646257165345,XGBoost
2024-07-22,2024-07-23,0.005236655242755975,-0.0005338396516472914,0.005770494894403266,1.0,6,6,0.005236655242755975,0.004736655242755974,0.004236655242755975,XGBoost
2024-07-23,2024-07-24,-0.013562684230917027,-0.012303063060986674,-0.001259621169930355,0.6666666666666666,6,6,-0.013562684230917027,-0.01389601756425036,-0.014229350897583693,XGBoost
2024-07-24,2024-07-25,-0.0015073280276172918,-0.0016723359273032251,0.00016500789968593356,1.0,6,6,-0.0015073280276172918,-0.0020073280276172918,-0.0025073280276172918,XGBoost
2024-07-25,2024-07-26,-0.0030582588751646095,0.004386386864335925,-0.0074446457395005335,0.6666666666666666,6,6,-0.0030582588751646095,-0.003391592208497943,-0.003724925541831276,XGBoost
2024-07-26,2024-07-29,0.004537283425000175,0.0018898706749447504,0.002647412750055425,0.8333333333333333,6,6,0.004537283425000175,0.0041206167583335085,0.0037039500916668418,XGBoost
2024-07-29,2024-07-30,-0.008967393133873701,-0.005055281558563925,-0.003912111575309775,0.8333333333333333,6,6,-0.008967393133873701,-0.009384059800540367,-0.009800726467207034,XGBoost
2024-07-30,2024-07-31,0.016979182418101525,0.010682917556228067,0.006296264861873457,0.8333333333333333,6,6,0.016979182418101525,0.01656251575143486,0.016145849084768193,XGBoost
2024-07-31,2024-08-01,0.0018980819934746327,-0.00872977355117489,0.010627855544649525,0.8333333333333333,6,6,0.0018980819934746327,0.001481415326807966,0.0010647486601412994,XGBoost
2024-08-01,2024-08-02,-0.017741682755321512,-0.021170798390346458,0.00342911563502495,0.8333333333333333,6,6,-0.017741682755321512,-0.018158349421988178,-0.018575016088654844,XGBoost
2024-08-02,2024-08-05,-0.005144153649463266,-0.017076821878130352,0.011932668228667082,0.6666666666666666,6,6,-0.005144153649463266,-0.0054774869827965995,-0.005810820316129933,XGBoost
2024-08-05,2024-08-06,-0.00020237742275173336,-0.00027109892544902503,6.872150269729156e-05,0.5,6,6,-0.00020237742275173336,-0.00045237742275173337,-0.0007023774227517334,XGBoost
2024-08-06,2024-08-07,0.002094235116997991,-0.004458687552254392,0.006552922669252384,0.6666666666666666,6,6,0.002094235116997991,0.0017609017836646577,0.0014275684503313245,XGBoost
2024-08-07,2024-08-08,0.0036808897518674,0.01478093701945725,-0.011100047267589846,0.6666666666666666,6,6,0.0036808897518674,0.0033475564185340666,0.0030142230852007335,XGBoost
2024-08-08,2024-08-09,-0.004797595886705333,-0.0036262191775518,-0.0011713767091535332,0.6666666666666666,6,6,-0.004797595886705333,-0.005130929220038666,-0.005464262553372,XGBoost
2024-08-09,2024-08-12,-0.00043516696927055825,-0.001598638685091,0.0011634717158204417,0.6666666666666666,6,6,-0.00043516696927055825,-0.0007685003026038916,-0.001101833635937225,XGBoost
2024-08-12,2024-08-13,0.011536276517531033,0.014294007038773517,-0.0027577305212424835,0.6666666666666666,6,6,0.011536276517531033,0.0112029431841977,0.010869609850864367,XGBoost
2024-08-13,2024-08-14,-0.006089815822380641,-0.002376825053520941,-0.0037129907688596996,1.0,6,6,-0.006089815822380641,-0.006589815822380642,-0.007089815822380641,XGBoost
2024-08-14,2024-08-15,0.0010276109766645999,0.013733526730851492,-0.012705915754186893,0.6666666666666666,6,6,0.0010276109766645999,0.0006942776433312666,0.0003609443099979332,XGBoost
2024-08-15,2024-08-16,-0.0012727651992680005,0.001000051804264325,-0.0022728170035323254,0.8333333333333333,6,6,-0.0012727651992680005,-0.0016894318659346672,-0.0021060985326013335,XGBoost
2024-08-16,2024-08-19,6.7039773212825e-05,0.0045994010164875495,-0.0045323612432747245,1.0,6,6,6.7039773212825e-05,-0.000432960226787175,-0.000932960226787175,XGBoost
2024-08-19,2024-08-20,-0.0004161049345175493,-0.0012664620132381414,0.000850357078720592,1.0,6,6,-0.0004161049345175493,-0.0009161049345175493,-0.0014161049345175493,XGBoost
2024-08-20,2024-08-21,0.0007881559883294673,0.0050916146497052665,-0.0043034586613758,1.0,6,6,0.0007881559883294673,0.0002881559883294673,-0.0002118440116705327,XGBoost
2024-08-21,2024-08-22,-0.00479771520200885,-0.0077249955079038745,0.002927280305895025,0.8333333333333333,6,6,-0.00479771520200885,-0.005214381868675517,-0.005631048535342183,XGBoost
2024-08-22,2024-08-23,0.0014080050152542078,0.007827835768940958,-0.00641983075368675,0.5,6,6,0.0014080050152542078,0.0011580050152542078,0.0009080050152542078,XGBoost
2024-08-23,2024-08-26,-0.004968246677273808,-0.0037268724614194747,-0.0012413742158543333,0.6666666666666666,6,6,-0.004968246677273808,-0.005301580010607141,-0.005634913343940475,XGBoost
2024-08-26,2024-08-27,0.001307526609919375,0.0018473057654504333,-0.0005397791555310584,0.6666666666666666,6,6,0.001307526609919375,0.0009741932765860418,0.0006408599432527084,XGBoost
2024-08-27,2024-08-28,-0.005800105230995641,-0.005340543624019558,-0.0004595616069760831,0.8333333333333333,6,6,-0.005800105230995641,-0.006216771897662308,-0.006633438564328974,XGBoost
2024-08-28,2024-08-29,0.0041136439257080494,0.004157347112868116,-4.370318716006675e-05,0.6666666666666666,6,6,0.0041136439257080494,0.003780310592374716,0.003446977259041383,XGBoost
2024-08-29,2024-08-30,0.008520021462500965,0.012416399699772165,-0.0038963782372712,0.6666666666666666,6,6,0.008520021462500965,0.008186688129167632,0.0078533547958343,XGBoost
2024-08-30,2024-09-03,-0.02050482265035125,-0.020689981208115923,0.0001851585577646751,0.6666666666666666,6,6,-0.02050482265035125,-0.020838155983684586,-0.021171489317017917,XGBoost
2024-09-03,2024-09-04,-0.004478488302956942,-0.0020643017450479332,-0.0024141865579090085,0.6666666666666666,6,6,-0.004478488302956942,-0.004811821636290275,-0.005145154969623609,XGBoost
2024-09-04,2024-09-05,-5.364610738908278e-05,-0.003895851202061575,0.003842205094672491,0.8333333333333333,6,6,-5.364610738908278e-05,-0.0004703127740557494,-0.000886979440722416,XGBoost
2024-09-05,2024-09-06,-0.009159138501800217,-0.010716193139143241,0.001557054637343025,1.0,6,6,-0.009159138501800217,-0.009659138501800217,-0.010159138501800218,XGBoost
2024-09-06,2024-09-09,-0.0006478853277395829,0.004173121687014683,-0.004821007014754266,0.8333333333333333,6,6,-0.0006478853277395829,-0.0010645519944062496,-0.0014812186610729163,XGBoost
2024-09-09,2024-09-10,-0.004520782653750766,-0.0007881125347459336,-0.003732670119004834,0.8333333333333333,6,6,-0.004520782653750766,-0.004937449320417433,-0.0053541159870841,XGBoost
2024-09-10,2024-09-11,0.006850734004767599,0.006156491845303399,0.0006942421594642,0.8333333333333333,6,6,0.006850734004767599,0.006434067338100933,0.006017400671434266,XGBoost
2024-09-11,2024-09-12,-0.005952214708257241,-0.004418267787519558,-0.0015339469207376834,0.8333333333333333,6,6,-0.005952214708257241,-0.006368881374923908,-0.0067855480415905745,XGBoost
2024-09-12,2024-09-13,0.0006985022016228503,0.006306060420889058,-0.005607558219266208,0.6666666666666666,6,6,0.0006985022016228503,0.00036516886828951697,3.183553495618365e-05,XGBoost
2024-09-13,2024-09-16,0.003123756012156983,0.00814720659061249,-0.005023450578455508,0.8333333333333333,6,6,0.003123756012156983,0.0027070893454903162,0.0022904226788236495,XGBoost
2024-09-16,2024-09-17,0.010949855238999415,0.007582674206105125,0.0033671810328942914,0.6666666666666666,6,6,0.010949855238999415,0.010616521905666082,0.01028318857233275,XGBoost
2024-09-17,2024-09-18,-0.0028573951246358914,-0.004199061252623675,0.0013416661279877832,0.6666666666666666,6,6,-0.0028573951246358914,-0.003190728457969225,-0.003524061791302558,XGBoost
2024-09-18,2024-09-19,0.004037179577644358,0.00923374741135595,-0.005196567833711591,1.0,6,6,0.004037179577644358,0.003537179577644358,0.003037179577644358,XGBoost
2024-09-19,2024-09-20,0.010510874674879999,0.007183577576369982,0.003327297098510017,1.1666666666666665,6,6,0.010510874674879999,0.009927541341546666,0.009344208008213332,XGBoost
2024-09-20,2024-09-23,8.990831927350746e-05,0.0012591792205992663,-0.0011692709013257584,1.0,6,6,8.990831927350746e-05,-0.00041009168072649255,-0.0009100916807264926,XGBoost
2024-09-23,2024-09-24,0.00024903237194671653,-0.0007914901811708834,0.0010405225531175998,0.6666666666666666,6,6,0.00024903237194671653,-8.430096138661679e-05,-0.0004176342947199501,XGBoost
2024-09-24,2024-09-25,0.0048207318902828995,0.0014746268054812418,0.003346105084801658,0.6666666666666666,6,6,0.0048207318902828995,0.004487398556949566,0.0041540652236162325,XGBoost
2024-09-25,2024-09-26,0.004024785778445441,0.009932506039737759,-0.005907720261292316,1.0,6,6,0.004024785778445441,0.0035247857784454413,0.0030247857784454412,XGBoost
2024-09-26,2024-09-27,0.003357386711445775,0.003619616804064374,-0.00026223009261860003,0.8333333333333333,6,6,0.003357386711445775,0.0029407200447791083,0.0025240533781124416,XGBoost
2024-09-27,2024-09-30,0.006135080726770483,0.0027800425885991997,0.0033550381381712833,1.0,6,6,0.006135080726770483,0.005635080726770483,0.005135080726770483,XGBoost
2024-09-30,2024-10-01,-0.0058184517719163074,-0.0052120564762349,-0.0006063952956814081,1.0,6,6,-0.0058184517719163074,-0.006318451771916308,-0.0068184517719163075,XGBoost
2024-10-01,2024-10-02,0.0030299861840110847,-0.0001346607600888498,0.003164646944099934,1.3333333333333333,6,6,0.0030299861840110847,0.002363319517344418,0.0016966528506777514,XGBoost
2024-10-02,2024-10-03,-0.0017043554835342418,-0.004238197794393741,0.0025338423108595,0.8333333333333333,6,6,-0.0017043554835342418,-0.0021210221502009083,-0.002537688816867575,XGBoost
2024-10-03,2024-10-04,0.008055835667794432,0.008345211786223973,-0.0002893761184295415,0.6666666666666666,6,6,0.008055835667794432,0.007722502334461099,0.007389169001127765,XGBoost
2024-10-04,2024-10-07,-0.0021793420804035665,-0.003039714311780633,0.0008603722313770667,0.8333333333333333,6,6,-0.0021793420804035665,-0.0025960087470702333,-0.0030126754137369,XGBoost
2024-10-07,2024-10-08,0.004158517126810158,0.0031619297883135663,0.0009965873384965918,0.5,6,6,0.004158517126810158,0.003908517126810158,0.0036585171268101583,XGBoost
2024-10-08,2024-10-09,4.60941754972748e-05,0.006483554767646541,-0.006437460592149265,0.8333333333333333,6,6,4.60941754972748e-05,-0.00037057249116939184,-0.0007872391578360585,XGBoost
2024-10-09,2024-10-10,0.0018315807654697342,-0.0030516143092245,0.004883195074694233,0.8333333333333333,6,6,0.0018315807654697342,0.0014149140988030675,0.000998247432136401,XGBoost
2024-10-10,2024-10-11,-0.00020133906282764178,0.004527912829984675,-0.0047292518928123166,0.5,6,6,-0.00020133906282764178,-0.0004513390628276418,-0.0007013390628276418,XGBoost
2024-10-11,2024-10-14,-0.001008513262835016,0.0018787217098538832,-0.0028872349726888997,1.3333333333333333,6,6,-0.001008513262835016,-0.0016751799295016828,-0.0023418465961683494,XGBoost
2024-10-14,2024-10-15,-0.0007431959648364411,-0.003351576442143925,0.002608380477307483,0.8333333333333333,6,6,-0.0007431959648364411,-0.0011598626315031078,-0.0015765292981697744,XGBoost
2024-10-15,2024-10-16,0.001962536242662267,0.005763261570914684,-0.003800725328252416,1.0,6,6,0.001962536242662267,0.001462536242662267,0.000962536242662267,XGBoost
2024-10-16,2024-10-17,0.002687609994335341,0.0008687440476074833,0.0018188659467278582,1.0,6,6,0.002687609994335341,0.002187609994335341,0.0016876099943353411,XGBoost
2024-10-17,2024-10-18,-0.0007859967869393244,0.0006525633457283584,-0.001438560132667683,1.0,6,6,-0.0007859967869393244,-0.0012859967869393244,-0.0017859967869393244,XGBoost
2024-10-18,2024-10-21,0.004145598902661791,-0.0010099829986338414,0.005155581901295634,0.6666666666666666,6,6,0.004145598902661791,0.0038122655693284577,0.0034789322359951246,XGBoost
2024-10-21,2024-10-22,-0.001594917532065108,0.0008215119405660331,-0.0024164294726311416,0.5,6,6,-0.001594917532065108,-0.001844917532065108,-0.002094917532065108,XGBoost
2024-10-22,2024-10-23,0.003589736122863509,-0.00203713091981105,0.005626867042674558,0.3333333333333333,6,6,0.003589736122863509,0.0034230694561968424,0.0032564027895301754,XGBoost
2024-10-23,2024-10-24,0.007276260787980741,0.004889993558185007,0.0023862672297957333,0.5,6,6,0.007276260787980741,0.007026260787980741,0.006776260787980741,XGBoost
2024-10-24,2024-10-25,0.0021968659980748915,-0.0005752790798002167,0.0027721450778751084,0.5,6,6,0.0021968659980748915,0.0019468659980748915,0.0016968659980748915,XGBoost
2024-10-25,2024-10-28,0.005684616318959208,0.005751040961310674,-6.642464235146665e-05,0.3333333333333333,6,6,0.005684616318959208,0.0055179496522925415,0.005351282985625875,XGBoost
2024-10-28,2024-10-29,0.0011731642669354002,0.00011107642087061667,0.0010620878460647835,0.8333333333333333,6,6,0.0011731642669354002,0.0007564976002687336,0.0003398309336020669,XGBoost
2024-10-29,2024-10-30,-0.008047671933320517,-0.009583970871498742,0.0015362989381782254,0.6666666666666666,6,6,-0.008047671933320517,-0.00838100526665385,-0.008714338599987183,XGBoost
2024-10-30,2024-10-31,0.009684392497533558,-0.0035129395719717743,0.013197332069505331,0.8333333333333333,6,6,0.009684392497533558,0.009267725830866892,0.008851059164200224,XGBoost
2024-10-31,2024-11-01,-0.0031608038059607164,0.005348631479714441,-0.008509435285675158,1.0,6,6,-0.0031608038059607164,-0.0036608038059607164,-0.004160803805960716,XGBoost
2024-11-01,2024-11-04,0.0006908394140231549,-0.0020761576303052944,0.00276699704432845,1.0,6,6,0.0006908394140231549,0.0001908394140231549,-0.0003091605859768451,XGBoost
2024-11-04,2024-11-05,0.0006560801142295083,0.003500021142633684,-0.0028439410284041757,1.0,6,6,0.0006560801142295083,0.0001560801142295083,-0.0003439198857704917,XGBoost
2024-11-05,2024-11-06,0.020680570776638273,0.032123593219913,-0.011443022443274734,0.6666666666666666,6,6,0.020680570776638273,0.02034723744330494,0.020013904109971607,XGBoost
2024-11-06,2024-11-07,0.01434643049594504,0.007472142772493491,0.006874287723451549,1.1666666666666665,6,6,0.01434643049594504,0.013763097162611707,0.013179763829278374,XGBoost
2024-11-07,2024-11-08,-8.385755320574196e-05,-0.00016506525356629214,8.120770036055007e-05,1.1666666666666665,6,6,-8.385755320574196e-05,-0.0006671908865390752,-0.0012505242198724085,XGBoost
2024-11-08,2024-11-11,0.0028253078031685846,0.0009854223736503343,0.00183988542951825,1.0,6,6,0.0028253078031685846,0.0023253078031685846,0.0018253078031685846,XGBoost
2024-11-11,2024-11-12,-0.002919504291098683,-0.009555605010095017,0.006636100718996333,0.3333333333333333,6,6,-0.002919504291098683,-0.0030861709577653497,-0.0032528376244320167,XGBoost
2024-11-12,2024-11-13,-0.0053286765100855745,-0.0011806339707618415,-0.004148042539323733,0.3333333333333333,6,6,-0.0053286765100855745,-0.005495343176752241,-0.005662009843418908,XGBoost
2024-11-13,2024-11-14,0.005823990852408292,0.0004324684812869917,0.005391522371121299,0.6666666666666666,6,6,0.005823990852408292,0.005490657519074959,0.005157324185741625,XGBoost
2024-11-14,2024-11-15,0.00048062315045590827,-0.0037993309819435587,0.004279954132399467,0.5,6,6,0.00048062315045590827,0.00023062315045590826,-1.9376849544091744e-05,XGBoost
2024-11-15,2024-11-18,0.003146169269164692,0.004111794424812642,-0.0009656251556479499,0.16666666666666666,6,6,0.003146169269164692,0.003062835935831359,0.0029795026024980256,XGBoost
2024-11-18,2024-11-19,-0.004605589959593134,-0.002579017398696775,-0.0020265725608963597,0.5,6,6,-0.004605589959593134,-0.0048555899595931346,-0.005105589959593135,XGBoost
2024-11-19,2024-11-20,-0.005561532461177117,-0.0026397855463625246,-0.002921746914814592,0.5,6,6,-0.005561532461177117,-0.005811532461177117,-0.006061532461177117,XGBoost
2024-11-20,2024-11-21,0.000923169805111637,0.006613438292151611,-0.005690268487039974,0.6666666666666666,6,6,0.000923169805111637,0.0005898364717783038,0.0002565031384449704,XGBoost
2024-11-21,2024-11-22,-0.0025551151461580676,0.0019998871978307246,-0.004555002343988791,0.8333333333333333,6,6,-0.0025551151461580676,-0.0029717818128247343,-0.003388448479491401,XGBoost
2024-11-22,2024-11-25,-0.0003717562097086086,0.0038517485561800247,-0.004223504765888633,0.8333333333333333,6,6,-0.0003717562097086086,-0.0007884228763752753,-0.0012050895430419418,XGBoost
2024-11-25,2024-11-26,-0.006035420626732583,-0.0033391834969882252,-0.0026962371297443583,0.5,6,6,-0.006035420626732583,-0.006285420626732583,-0.006535420626732583,XGBoost
2024-11-26,2024-11-27,-0.001526485653137158,-0.0015369349808597998,1.0449327722641662e-05,1.0,6,6,-0.001526485653137158,-0.002026485653137158,-0.0025264856531371583,XGBoost
2024-11-27,2024-11-29,-0.00038550739261400055,0.0021959525080419416,-0.0025814599006559412,1.0,6,6,-0.00038550739261400055,-0.0008855073926140006,-0.0013855073926140006,XGBoost
2024-11-29,2024-12-02,-7.147699773624172e-05,-0.0019460101533081248,0.0018745331555718831,0.8333333333333333,6,6,-7.147699773624172e-05,-0.00048814366440290836,-0.000904810331069575,XGBoost
2024-12-02,2024-12-03,0.004462755540976192,-0.00021776562461454994,0.004680521165590742,0.6666666666666666,6,6,0.004462755540976192,0.004129422207642859,0.003796088874309526,XGBoost
2024-12-03,2024-12-04,0.0009715441618015171,-0.00049302597326285,0.0014645701350643665,0.8333333333333333,6,6,0.0009715441618015171,0.0005548774951348505,0.00013821082846818386,XGBoost
2024-12-04,2024-12-05,-0.012575283046134448,-0.01026526226700484,-0.002310020779129608,0.8333333333333333,6,6,-0.012575283046134448,-0.012991949712801114,-0.013408616379467782,XGBoost
2024-12-05,2024-12-06,0.007513291240019491,0.004687129693324459,0.0028261615466950323,1.0,6,6,0.007513291240019491,0.007013291240019492,0.006513291240019491,XGBoost
2024-12-06,2024-12-09,-0.005020710632604142,-0.0030833418781940165,-0.0019373687544101254,1.0,6,6,-0.005020710632604142,-0.0055207106326041425,-0.006020710632604142,XGBoost
2024-12-09,2024-12-10,0.0033047387681862496,-0.004235334285078574,0.0075400730532648235,1.1666666666666665,6,6,0.0033047387681862496,0.0027214054348529164,0.002138072101519583,XGBoost
2024-12-10,2024-12-11,-3.2103813282991856e-05,-0.0002351935043394917,0.00020308969105650005,0.6666666666666666,6,6,-3.2103813282991856e-05,-0.0003654371466163252,-0.0006987704799496585,XGBoost
2024-12-11,2024-12-12,0.003973947162994508,0.001412158305007025,0.002561788857987483,1.1666666666666665,6,6,0.003973947162994508,0.0033906138296611746,0.0028072804963278413,XGBoost
2024-12-12,2024-12-13,0.00032440131432265817,-0.0028640876295424585,0.0031884889438651164,0.6666666666666666,6,6,0.00032440131432265817,-8.932019010675157e-06,-0.0003422653523440085,XGBoost
2024-12-13,2024-12-16,-0.0053865300395145085,-0.0032506432912187914,-0.002135886748295717,0.6666666666666666,6,6,-0.0053865300395145085,-0.0057198633728478415,-0.0060531967061811754,XGBoost
2024-12-16,2024-12-17,0.005769711699378816,-0.0009128446985928668,0.0066825563979716835,0.6666666666666666,6,6,0.005769711699378816,0.005436378366045483,0.0051030450327121495,XGBoost
2024-12-17,2024-12-18,0.001844607492812457,-0.012143802876697498,0.013988410369509957,1.0,6,6,0.001844607492812457,0.001344607492812457,0.0008446074928124569,XGBoost
2024-12-18,2024-12-19,0.0009234967830208168,0.0012479907791742334,-0.00032449399615341683,1.3333333333333333,6,6,0.0009234967830208168,0.00025683011635415016,-0.0004098365503125165,XGBoost
2024-12-19,2024-12-20,0.001317852529400099,0.00800335393107835,-0.00668550140167825,1.0,6,6,0.001317852529400099,0.000817852529400099,0.00031785252940009904,XGBoost
2024-12-20,2024-12-23,-0.003299962609506442,0.001773677476253825,-0.005073640085760267,1.0,6,6,-0.003299962609506442,-0.003799962609506442,-0.004299962609506442,XGBoost
2024-12-23,2024-12-24,0.0028539254942770674,0.0065045642659532586,-0.003650638771676191,1.1666666666666665,6,6,0.0028539254942770674,0.002270592160943734,0.0016872588276104009,XGBoost
2024-12-24,2024-12-26,-0.0009735517950863581,0.0008795013150419582,-0.0018530531101283167,0.6666666666666666,6,6,-0.0009735517950863581,-0.0013068851284196914,-0.0016402184617530248,XGBoost
2024-12-26,2024-12-27,-0.0028739126153934334,-0.004495473168957399,0.0016215605535639663,0.6666666666666666,6,6,-0.0028739126153934334,-0.003207245948726767,-0.0035405792820601,XGBoost
2024-12-27,2024-12-30,-0.0007263068244504754,-0.005915686196424499,0.0051893793719740245,0.8333333333333333,6,6,-0.0007263068244504754,-0.001142973491117142,-0.0015596401577838087,XGBoost
2024-12-30,2024-12-31,-0.0017771607554107668,0.0006076306226667082,-0.002384791378077475,1.1666666666666665,6,6,-0.0017771607554107668,-0.0023604940887441,-0.0029438274220774333,XGBoost
2024-12-31,2025-01-02,0.005559404587730416,-0.0009013124946228582,0.006460717082353275,0.6666666666666666,6,6,0.005559404587730416,0.005226071254397083,0.004892737921063749,XGBoost
2025-01-02,2025-01-03,-0.0020470955760393582,0.003122530894377433,-0.005169626470416792,1.1666666666666665,6,6,-0.0020470955760393582,-0.0026304289093726915,-0.0032137622427060248,XGBoost
2025-01-03,2025-01-06,0.0068789705130534165,0.003349238688637058,0.003529731824416358,1.0,6,6,0.0068789705130534165,0.006378970513053417,0.0058789705130534164,XGBoost
2025-01-06,2025-01-07,0.003361057093725324,0.0031459640642386415,0.00021509302948668346,0.8333333333333333,6,6,0.003361057093725324,0.0029443904270586574,0.0025277237603919906,XGBoost
2025-01-07,2025-01-08,0.0017451795265135076,0.0005534233400792334,0.001191756186434275,0.6666666666666666,6,6,0.0017451795265135076,0.0014118461931801744,0.001078512859846841,XGBoost
2025-01-08,2025-01-10,0.003355742659171565,-0.008497814944860084,0.01185355760403165,0.6666666666666666,6,6,0.003355742659171565,0.0030224093258382316,0.0026890759925048986,XGBoost
2025-01-10,2025-01-13,0.0007604315866213664,0.0017755815136360998,-0.0010151499270147336,0.6666666666666666,6,6,0.0007604315866213664,0.00042709825328803307,9.376491995469974e-05,XGBoost
2025-01-13,2025-01-14,-0.005402053769858317,-0.0019470839525102084,-0.003454969817348108,1.0,6,6,-0.005402053769858317,-0.005902053769858317,-0.006402053769858317,XGBoost
2025-01-14,2025-01-15,-0.012978482280617576,0.0069334873479421156,-0.01991196962855969,1.0,6,6,-0.012978482280617576,-0.013478482280617576,-0.013978482280617575,XGBoost
2025-01-15,2025-01-16,0.0014074896078828335,0.004187701626130625,-0.0027802120182477915,1.1666666666666665,6,6,0.0014074896078828335,0.0008241562745495003,0.00024082294121616698,XGBoost
2025-01-16,2025-01-17,0.005601859678392466,0.007822891639110966,-0.0022210319607184996,1.6666666666666665,6,6,0.005601859678392466,0.004768526345059133,0.003935193011725799,XGBoost
2025-01-17,2025-01-21,0.009009794811813066,0.011203464895287708,-0.0021936700834746413,0.8333333333333333,6,6,0.009009794811813066,0.0085931281451464,0.008176461478479733,XGBoost
2025-01-21,2025-01-22,-0.00826065371513985,-0.0003239653695228999,-0.007936688345616949,0.8333333333333333,6,6,-0.00826065371513985,-0.008677320381806516,-0.009093987048473183,XGBoost
2025-01-22,2025-01-23,0.0035276198718591075,0.004538502600152391,-0.0010108827282932834,0.6666666666666666,6,6,0.0035276198718591075,0.003194286538525774,0.002860953205192441,XGBoost
2025-01-23,2025-01-24,0.008414356520385585,-0.0017952102231592498,0.010209566743544833,0.6666666666666666,6,6,0.008414356520385585,0.008081023187052252,0.007747689853718918,XGBoost
2025-01-24,2025-01-27,0.011076959046350372,-0.0012399312249985253,0.012316890271348902,0.5,6,6,0.011076959046350372,0.010826959046350372,0.010576959046350372,XGBoost
2025-01-27,2025-01-28,-0.006547467323969049,-0.0018810881373676166,-0.004666379186601433,1.0,6,6,-0.006547467323969049,-0.0070474673239690495,-0.007547467323969049,XGBoost
2025-01-28,2025-01-29,0.0029844142875213916,0.0009421105964887082,0.002042303691032684,0.5,6,6,0.0029844142875213916,0.0027344142875213914,0.0024844142875213916,XGBoost
2025-01-29,2025-01-30,-0.016224978343310402,-0.00047722284526479134,-0.015747755498045607,0.6666666666666666,6,6,-0.016224978343310402,-0.016558311676643737,-0.016891645009977068,XGBoost
2025-01-30,2025-01-31,0.002292070009448308,-0.000765636929165775,0.003057706938614083,0.6666666666666666,6,6,0.002292070009448308,0.0019587366761149743,0.0016254033427816413,XGBoost
2025-01-31,2025-02-03,-0.001419270635491784,-0.0038352727021623997,0.0024160020666706165,1.0,6,6,-0.001419270635491784,-0.001919270635491784,-0.002419270635491784,XGBoost
2025-02-03,2025-02-04,-0.004266393587064659,-0.001651108983900358,-0.0026152846031643005,1.0,6,6,-0.004266393587064659,-0.00476639358706466,-0.005266393587064659,XGBoost
2025-02-04,2025-02-05,0.004303164135933575,0.008520956631977716,-0.004217792496044141,0.6666666666666666,6,6,0.004303164135933575,0.003969830802600242,0.0036364974692669086,XGBoost
2025-02-05,2025-02-06,0.0013784384852128097,-0.003693848474104908,0.005072286959317718,1.3333333333333333,6,6,0.0013784384852128097,0.000711771818546143,4.510515187947637e-05,XGBoost
2025-02-06,2025-02-07,-0.0060010389601579915,-0.007265227707284808,0.0012641887471268167,0.5,6,6,-0.0060010389601579915,-0.006251038960157992,-0.006501038960157992,XGBoost
2025-02-07,2025-02-10,-0.010075130953949182,-0.0007123392660027335,-0.009362791687946449,0.8333333333333333,6,6,-0.010075130953949182,-0.010491797620615848,-0.010908464287282515,XGBoost
2025-02-10,2025-02-11,0.0038566960237183664,0.005271502012964242,-0.0014148059892458748,0.6666666666666666,6,6,0.0038566960237183664,0.003523362690385033,0.0031900293570517,XGBoost
2025-02-11,2025-02-12,-0.002445462883503117,0.0005828157058806584,-0.0030282785893837754,0.5,6,6,-0.002445462883503117,-0.002695462883503117,-0.002945462883503117,XGBoost
2025-02-12,2025-02-13,-0.005766016839457767,0.0022697328710620072,-0.008035749710519773,0.6666666666666666,6,6,-0.005766016839457767,-0.0060993501727911,-0.006432683506124434,XGBoost
2025-02-13,2025-02-14,0.00407615632603489,0.00112847633136465,0.0029476799946702415,0.6666666666666666,6,6,0.00407615632603489,0.0037428229927015566,0.0034094896593682236,XGBoost
2025-02-14,2025-02-18,-0.014931431808626433,0.002741757347065058,-0.01767318915569149,1.1666666666666665,6,6,-0.014931431808626433,-0.015514765141959767,-0.0160980984752931,XGBoost
2025-02-18,2025-02-19,0.006389399436790674,0.004331421464773091,0.002057977972017583,0.8333333333333333,6,6,0.006389399436790674,0.005972732770124008,0.005556066103457341,XGBoost
2025-02-19,2025-02-20,0.004409753650372991,-0.00016852729686601665,0.004578280947239007,1.3333333333333333,6,6,0.004409753650372991,0.003743086983706325,0.0030764203170396583,XGBoost
2025-02-20,2025-02-21,0.007909178058601023,-0.0070841018660517075,0.014993279924652731,1.0,6,6,0.007909178058601023,0.007409178058601022,0.006909178058601023,XGBoost
2025-02-21,2025-02-24,-0.002066414304987342,-0.004014124942195425,0.0019477106372080828,1.1666666666666665,6,6,-0.002066414304987342,-0.0026497476383206754,-0.0032330809716540087,XGBoost
2025-02-24,2025-02-25,0.0011736688331764663,0.004283737030184958,-0.0031100681970084917,0.6666666666666666,6,6,0.0011736688331764663,0.000840335499843133,0.0005070021665097997,XGBoost
2025-02-25,2025-02-26,-0.00047311978005672444,-0.002804270516329742,0.0023311507362730162,0.3333333333333333,6,6,-0.00047311978005672444,-0.0006397864467233911,-0.0008064531133900577,XGBoost
2025-02-26,2025-02-27,0.00042819083633308314,0.0003895972999377915,3.8593536395291534e-05,1.0,6,6,0.00042819083633308314,-7.180916366691687e-05,-0.0005718091636669169,XGBoost
2025-02-27,2025-02-28,-0.0016205881335445412,0.005886970757828301,-0.00750755889137284,1.1666666666666665,6,6,-0.0016205881335445412,-0.002203921466877874,-0.0027872548002112075,XGBoost
2025-02-28,2025-03-03,0.001660790033578975,-0.0047379636130190994,0.006398753646598075,1.5,6,6,0.001660790033578975,0.000910790033578975,0.00016079003357897495,XGBoost
2025-03-03,2025-03-04,0.007132450204691091,-0.008609383010949984,0.01574183321564107,0.8333333333333333,6,6,0.007132450204691091,0.006715783538024424,0.006299116871357757,XGBoost
2025-03-04,2025-03-05,0.0028990712942351324,0.005429622431878858,-0.0025305511376437252,1.0,6,6,0.0028990712942351324,0.0023990712942351324,0.0018990712942351324,XGBoost
2025-03-05,2025-03-06,-0.014589311062387906,-0.009449555862838074,-0.005139755199549833,1.1666666666666665,6,6,-0.014589311062387906,-0.01517264439572124,-0.01575597772905457,XGBoost
2025-03-06,2025-03-07,0.0011437799273859995,0.004723409377738283,-0.003579629450352283,1.0,6,6,0.0011437799273859995,0.0006437799273859995,0.0001437799273859995,XGBoost
2025-03-07,2025-03-10,-0.004319460326734659,-0.012998093902199716,0.008678633575465057,1.5,6,6,-0.004319460326734659,-0.005069460326734659,-0.005819460326734659,XGBoost
2025-03-10,2025-03-11,0.0013501033833890588,-0.005842514499267816,0.007192617882656875,1.5,6,6,0.0013501033833890588,0.0006001033833890588,-0.00014989661661094118,XGBoost
2025-03-11,2025-03-12,-0.004309183701199892,-0.0020405297015443167,-0.0022686539996555743,1.1666666666666665,6,6,-0.004309183701199892,-0.004892517034533225,-0.005475850367866558,XGBoost
2025-03-12,2025-03-13,-0.015226638882839358,-0.005628421831242975,-0.00959821705159638,1.0,6,6,-0.015226638882839358,-0.01572663888283936,-0.01622663888283936,XGBoost
2025-03-13,2025-03-14,0.002515806363254408,0.008531101379871248,-0.006015295016616842,0.6666666666666666,6,6,0.002515806363254408,0.0021824730299210746,0.0018491396965877416,XGBoost
2025-03-14,2025-03-17,0.00023580348181346774,0.010905541824601316,-0.01066973834278785,0.6666666666666666,6,6,0.00023580348181346774,-9.752985151986559e-05,-0.0004308631848531989,XGBoost
2025-03-17,2025-03-18,-0.004169643275661416,-0.005116661510352483,0.0009470182346910666,1.1666666666666665,6,6,-0.004169643275661416,-0.0047529766089947495,-0.005336309942328083,XGBoost
2025-03-18,2025-03-19,0.007678820076610784,0.004033980168342858,0.003644839908267926,0.8333333333333333,6,6,0.007678820076610784,0.007262153409944117,0.0068454867432774505,XGBoost
2025-03-19,2025-03-20,0.0003487142456174582,0.00029137126412744996,5.734298149000824e-05,0.5,6,6,0.0003487142456174582,9.871424561745819e-05,-0.0001512857543825418,XGBoost
2025-03-20,2025-03-21,0.006025982003158516,0.0010307812900988418,0.004995200713059675,0.5,6,6,0.006025982003158516,0.005775982003158516,0.005525982003158516,XGBoost
2025-03-21,2025-03-24,0.008236277924695223,0.005571242822528658,0.002665035102166566,1.0,6,6,0.008236277924695223,0.007736277924695223,0.007236277924695223,XGBoost
2025-03-24,2025-03-25,0.005100719005793333,0.001634860927222025,0.003465858078571308,0.6666666666666666,6,6,0.005100719005793333,0.00476738567246,0.004434052339126666,XGBoost
2025-03-25,2025-03-26,0.0027602625098997993,-0.0010042459552538,0.0037645084651535994,0.6666666666666666,6,6,0.0027602625098997993,0.002426929176566466,0.002093595843233133,XGBoost
2025-03-26,2025-03-27,-0.000824308892371142,-0.003335814416980767,0.0025115055246096247,1.0,6,6,-0.000824308892371142,-0.001324308892371142,-0.001824308892371142,XGBoost
2025-03-27,2025-03-28,0.0047763106708642086,-0.003953310934190417,0.008729621605054624,1.0,6,6,0.0047763106708642086,0.004276310670864208,0.0037763106708642085,XGBoost
2025-03-28,2025-03-31,0.000730700543126933,0.004173606906184999,-0.0034429063630580666,0.6666666666666666,6,6,0.000730700543126933,0.0003973672097935997,6.403387646026636e-05,XGBoost
2025-03-31,2025-04-01,0.0009994555237560587,2.6971289945933348e-05,0.000972484233810125,0.8333333333333333,6,6,0.0009994555237560587,0.0005827888570893921,0.00016612219042272543,XGBoost
2025-04-01,2025-04-02,0.0010522430416154416,0.0007421859979392419,0.0003100570436761999,0.6666666666666666,6,6,0.0010522430416154416,0.0007189097082821083,0.00038557637494877493,XGBoost
2025-04-02,2025-04-03,-0.0018375177428801162,-0.014113211098107849,0.012275693355227733,0.3333333333333333,6,6,-0.0018375177428801162,-0.0020041844095467828,-0.0021708510762134497,XGBoost
2025-04-03,2025-04-04,0.0058128601971472425,-0.02465410232504843,0.030466962522195672,1.5,6,6,0.0058128601971472425,0.005062860197147243,0.004312860197147243,XGBoost
2025-04-04,2025-04-07,0.01310994086288964,0.005838388021464091,0.00727155284142555,0.8333333333333333,6,6,0.01310994086288964,0.012693274196222975,0.012276607529556307,XGBoost
2025-04-07,2025-04-08,0.015940604636161825,-0.003400141882089332,0.019340746518251156,1.0,6,6,0.015940604636161825,0.015440604636161825,0.014940604636161824,XGBoost
2025-04-08,2025-04-09,0.026598597734977844,0.0616743365615303,-0.035075738826552454,1.1666666666666665,6,6,0.026598597734977844,0.026015264401644513,0.025431931068311178,XGBoost
2025-04-09,2025-04-10,0.0023009658145645992,-0.01761674919641091,0.019917715010975508,1.0,6,6,0.0023009658145645992,0.0018009658145645992,0.0013009658145645992,XGBoost
2025-04-10,2025-04-11,0.01307805741261555,0.010583794759950133,0.002494262652665416,0.8333333333333333,6,6,0.01307805741261555,0.012661390745948884,0.012244724079282216,XGBoost
2025-04-11,2025-04-14,-0.0027954588873961416,0.004536273880866592,-0.007331732768262733,0.8333333333333333,6,6,-0.0027954588873961416,-0.0032121255540628084,-0.003628792220729475,XGBoost
2025-04-14,2025-04-15,-0.0022330611149327,-0.0032794635755675414,0.0010464024606348416,1.0,6,6,-0.0022330611149327,-0.0027330611149327,-0.0032330611149327,XGBoost
2025-04-15,2025-04-16,-0.0010191988666343578,-0.009603658603280009,0.00858445973664565,0.6666666666666666,6,6,-0.0010191988666343578,-0.001352532199967691,-0.0016858655333010244,XGBoost
2025-04-16,2025-04-17,-0.021949041349433346,-0.016042681210294323,-0.005906360139139024,0.8333333333333333,6,6,-0.021949041349433346,-0.02236570801610001,-0.022782374682766678,XGBoost
2025-04-17,2025-04-21,-0.0009983962752691663,-0.008955343277507317,0.00795694700223815,1.1666666666666665,6,6,-0.0009983962752691663,-0.0015817296086024996,-0.002165062941935833,XGBoost
2025-04-21,2025-04-22,0.004997201481618317,0.013776541680971172,-0.008779340199352857,0.6666666666666666,6,6,0.004997201481618317,0.004663868148284984,0.00433053481495165,XGBoost
2025-04-22,2025-04-23,0.005137966268427091,0.0075547166521798825,-0.0024167503837527918,0.3333333333333333,6,6,0.005137966268427091,0.004971299601760425,0.004804632935093758,XGBoost
2025-04-23,2025-04-24,0.019353251605923157,0.014359044343244448,0.004994207262678708,0.6666666666666666,6,6,0.019353251605923157,0.019019918272589822,0.01868658493925649,XGBoost
2025-04-24,2025-04-25,0.004230055926568999,-0.0019507284552121914,0.006180784381781191,0.6666666666666666,6,6,0.004230055926568999,0.003896722593235666,0.003563389259902333,XGBoost
2025-04-25,2025-04-28,-0.00442329524352925,-0.0002975564103523833,-0.004125738833176866,0.5,6,6,-0.00442329524352925,-0.004673295243529251,-0.00492329524352925,XGBoost
2025-04-28,2025-04-29,0.004729351669758183,0.0046141130100639085,0.00011523865969427548,0.8333333333333333,6,6,0.004729351669758183,0.004312685003091516,0.003896018336424849,XGBoost
2025-04-29,2025-04-30,0.0012836395414290496,0.001140779219420408,0.0001428603220086417,0.8333333333333333,6,6,0.0012836395414290496,0.000866972874762383,0.00045030620809571637,XGBoost
2025-04-30,2025-05-01,-0.002625656165543352,0.001723061542471658,-0.004348717708015009,1.1666666666666665,6,6,-0.002625656165543352,-0.0032089894988766854,-0.0037923228322100187,XGBoost
2025-05-01,2025-05-02,-0.003552190320513917,0.0055203975877827745,-0.009072587908296691,0.6666666666666666,6,6,-0.003552190320513917,-0.0038855236538472503,-0.004218856987180584,XGBoost
2025-05-02,2025-05-05,-0.0012625549147963176,-0.005361381405659158,0.0040988264908628416,1.0,6,6,-0.0012625549147963176,-0.0017625549147963176,-0.0022625549147963176,XGBoost
2025-05-05,2025-05-06,0.00019699954662414165,-0.002538905467767324,0.0027359050143914666,0.3333333333333333,6,6,0.00019699954662414165,3.033287995747499e-05,-0.00013633378670919167,XGBoost
2025-05-06,2025-05-07,0.0001407914866336001,0.004286000963216549,-0.00414520947658295,1.0,6,6,0.0001407914866336001,-0.0003592085133663999,-0.0008592085133663999,XGBoost
2025-05-07,2025-05-08,0.003762168631519025,0.006224148253480132,-0.002461979621961109,1.0,6,6,0.003762168631519025,0.003262168631519025,0.002762168631519025,XGBoost
2025-05-08,2025-05-09,-0.004109974807663084,-0.002932272568910808,-0.0011777022387522748,1.3333333333333333,6,6,-0.004109974807663084,-0.004776641474329751,-0.005443308140996417,XGBoost
2025-05-09,2025-05-12,0.003329080375175622,0.01734798350722335,-0.014018903132047726,1.0,6,6,0.003329080375175622,0.0028290803751756218,0.0023290803751756218,XGBoost
2025-05-12,2025-05-13,-0.012481042107674332,-0.012852510384870383,0.0003714682771960503,1.5,6,6,-0.012481042107674332,-0.013231042107674333,-0.013981042107674332,XGBoost
2025-05-13,2025-05-14,0.003284230301568349,-0.002357349299761367,0.005641579601329717,1.3333333333333333,6,6,0.003284230301568349,0.0026175636349016823,0.0019508969682350155,XGBoost
2025-05-14,2025-05-15,-0.007848941476458374,0.0013547273208480096,-0.009203668797306382,1.3333333333333333,6,6,-0.007848941476458374,-0.00851560814312504,-0.009182274809791708,XGBoost
2025-05-15,2025-05-16,-0.00830490134891074,0.00031145367130424163,-0.008616355020214983,1.1666666666666665,6,6,-0.00830490134891074,-0.008888234682244074,-0.009471568015577407,XGBoost
2025-05-16,2025-05-19,0.006692894557108117,0.0077475347788885,-0.0010546402217803833,0.8333333333333333,6,6,0.006692894557108117,0.00627622789044145,0.0058595612237747835,XGBoost
2025-05-19,2025-05-20,0.002686934347520275,0.0017653263285147833,0.0009216080190054917,1.0,6,6,0.002686934347520275,0.002186934347520275,0.0016869343475202749,XGBoost
2025-05-20,2025-05-21,-0.01193250635027866,-0.015398635880805991,0.003466129530527333,0.6666666666666666,6,6,-0.01193250635027866,-0.012265839683611992,-0.012599173016945325,XGBoost
2025-05-21,2025-05-22,-0.0002454127746594919,-0.002025770762452825,0.0017803579877933332,0.6666666666666666,6,6,-0.0002454127746594919,-0.0005787461079928252,-0.0009120794413261586,XGBoost
2025-05-22,2025-05-23,-0.005676259947217982,-0.0065362752516629746,0.0008600153044449918,0.6666666666666666,6,6,-0.005676259947217982,-0.006009593280551315,-0.006342926613884649,XGBoost
2025-05-23,2025-05-27,0.007565025259745458,0.012932796478223424,-0.005367771218477966,0.6666666666666666,6,6,0.007565025259745458,0.007231691926412125,0.006898358593078791,XGBoost
2025-05-27,2025-05-28,0.0011141977013892413,-0.001069275041787375,0.0021834727431766163,0.3333333333333333,6,6,0.0011141977013892413,0.0009475310347225747,0.000780864368055908,XGBoost
2025-05-28,2025-05-29,-0.003064711698942775,0.00041227866249036663,-0.0034769903614331413,0.5,6,6,-0.003064711698942775,-0.003314711698942775,-0.003564711698942775,XGBoost
2025-05-29,2025-05-30,-0.0038000382567951506,-0.003271989928258617,-0.0005280483285365334,0.8333333333333333,6,6,-0.0038000382567951506,-0.004216704923461817,-0.004633371590128484,XGBoost
2025-05-30,2025-06-02,0.0010689514133169254,0.004132142699102925,-0.0030631912857859993,0.8333333333333333,6,6,0.0010689514133169254,0.0006522847466502588,0.00023561807998359217,XGBoost
2025-06-02,2025-06-03,0.0040376309276116155,0.004764947897256683,-0.0007273169696450665,0.8333333333333333,6,6,0.0040376309276116155,0.0036209642609449488,0.003204297594278282,XGBoost
2025-06-03,2025-06-04,0.001230500295081225,0.0003129438123377498,0.0009175564827434751,1.0,6,6,0.001230500295081225,0.0007305002950812249,0.00023050029508122488,XGBoost
2025-06-04,2025-06-05,0.002639174278832517,-0.002265231512027158,0.004904405790859675,1.0,6,6,0.002639174278832517,0.002139174278832517,0.0016391742788325172,XGBoost
2025-06-05,2025-06-06,0.0040490060671579745,0.008293268120307326,-0.00424426205314935,0.3333333333333333,6,6,0.0040490060671579745,0.003882339400491308,0.003715672733824641,XGBoost
2025-06-06,2025-06-09,0.003158063827250874,0.0034389902106511574,-0.00028092638340028334,1.0,6,6,0.003158063827250874,0.002658063827250874,0.002158063827250874,XGBoost
2025-06-09,2025-06-10,-0.004425035354113058,0.00526792777893055,-0.009692963133043608,1.0,6,6,-0.004425035354113058,-0.004925035354113058,-0.005425035354113058,XGBoost
2025-06-10,2025-06-11,0.010688464329128839,0.002158920092094248,0.008529544237034592,1.0,6,6,0.010688464329128839,0.010188464329128838,0.00968846432912884,XGBoost
2025-06-11,2025-06-12,-0.010709660458305889,0.0023918798179198824,-0.013101540276225773,1.1666666666666665,6,6,-0.010709660458305889,-0.011292993791639222,-0.011876327124972556,XGBoost
2025-06-12,2025-06-13,-0.010388527848504234,-0.0074717327821804905,-0.002916795066323743,1.0,6,6,-0.010388527848504234,-0.010888527848504234,-0.011388527848504235,XGBoost
2025-06-13,2025-06-16,0.011128390326229958,0.007632709817638659,0.0034956805085913003,1.0,6,6,0.011128390326229958,0.010628390326229958,0.010128390326229957,XGBoost
2025-06-16,2025-06-17,0.0019219905471600332,-0.0030346356877346335,0.004956626234894667,0.6666666666666666,6,6,0.0019219905471600332,0.0015886572138266999,0.0012553238804933666,XGBoost
2025-06-17,2025-06-18,0.0036258222243993003,0.0019131056954353502,0.00171271652896395,0.6666666666666666,6,6,0.0036258222243993003,0.0032924888910659668,0.0029591555577326337,XGBoost
2025-06-18,2025-06-20,0.00012074972512565838,-0.0017267187029254166,0.0018474684280510747,1.0,6,6,0.00012074972512565838,-0.00037925027487434163,-0.0008792502748743416,XGBoost
2025-06-20,2025-06-23,-0.0018726838734580832,0.003778134879027858,-0.005650818752485942,0.6666666666666666,6,6,-0.0018726838734580832,-0.0022060172067914167,-0.0025393505401247497,XGBoost
2025-06-23,2025-06-24,-0.002545316870833543,0.0036363726752824833,-0.0061816895461160246,0.5,6,6,-0.002545316870833543,-0.0027953168708335432,-0.003045316870833543,XGBoost
2025-06-24,2025-06-25,0.004692540514431274,6.471357940326656e-05,0.004627826935028008,0.6666666666666666,6,6,0.004692540514431274,0.004359207181097941,0.004025873847764607,XGBoost
2025-06-25,2025-06-26,-0.0029739046594854084,0.002366878733836325,-0.005340783393321733,0.8333333333333333,6,6,-0.0029739046594854084,-0.003390571326152075,-0.003807237992818742,XGBoost
2025-06-26,2025-06-27,-0.014141053808009764,0.001189051228733625,-0.015330105036743391,0.8333333333333333,6,6,-0.014141053808009764,-0.01455772047467643,-0.014974387141343097,XGBoost
2025-06-27,2025-06-30,0.006185041557953867,0.0056707626045756744,0.0005142789533781917,1.0,6,6,0.006185041557953867,0.005685041557953867,0.005185041557953867,XGBoost
2025-06-30,2025-07-01,0.0004260052101872922,0.007937447764714715,-0.007511442554527424,0.6666666666666666,6,6,0.0004260052101872922,9.267187685395886e-05,-0.00024066145647937446,XGBoost
2025-07-01,2025-07-02,0.009493347670316324,0.007183305296083324,0.0023100423742330005,1.0,6,6,0.009493347670316324,0.008993347670316324,0.008493347670316325,XGBoost
2025-07-02,2025-07-03,0.00038244501501569987,0.0018578324970686413,-0.0014753874820529415,0.6666666666666666,6,6,0.00038244501501569987,4.9111681682366545e-05,-0.0002842216516509668,XGBoost
2025-07-03,2025-07-07,-0.0030673766657931577,-0.007842985871975574,0.004775609206182416,0.5,6,6,-0.0030673766657931577,-0.003317376665793158,-0.0035673766657931577,XGBoost
2025-07-07,2025-07-08,0.012223329254138549,0.009551452707328375,0.0026718765468101745,1.3333333333333333,6,6,0.012223329254138549,0.011556662587471882,0.010889995920805215,XGBoost
2025-07-08,2025-07-09,-0.00014997516557750017,-0.0018716121178963168,0.0017216369523188166,1.5,6,6,-0.00014997516557750017,-0.0008999751655775002,-0.0016499751655775002,XGBoost
2025-07-09,2025-07-10,0.0023425563732891496,0.004959085498406975,-0.0026165291251178248,1.0,6,6,0.0023425563732891496,0.0018425563732891496,0.0013425563732891495,XGBoost
2025-07-10,2025-07-11,0.0003299382900698914,-0.0026619338507441075,0.0029918721408139994,0.8333333333333333,6,6,0.0003299382900698914,-8.672837659677525e-05,-0.0005033950432634419,XGBoost
2025-07-11,2025-07-14,-0.0006216058562141335,-0.0014085395507971417,0.0007869336945830084,1.0,6,6,-0.0006216058562141335,-0.0011216058562141334,-0.0016216058562141334,XGBoost
2025-07-14,2025-07-15,0.003433580582315784,-0.003648979485606382,0.007082560067922166,0.8333333333333333,6,6,0.003433580582315784,0.0030169139156491173,0.002600247248982451,XGBoost
2025-07-15,2025-07-16,-0.008633380766320451,-0.0007380051473434,-0.00789537561897705,0.6666666666666666,6,6,-0.008633380766320451,-0.008966714099653784,-0.009300047432987117,XGBoost
2025-07-16,2025-07-17,0.00011068622877678314,0.003173513533064066,-0.0030628273042872826,0.8333333333333333,6,6,0.00011068622877678314,-0.0003059804378898835,-0.0007226471045565501,XGBoost
2025-07-17,2025-07-18,0.005787396350416658,0.001549678740619983,0.004237717609796674,1.0,6,6,0.005787396350416658,0.005287396350416657,0.004787396350416658,XGBoost
2025-07-18,2025-07-21,-0.0010711971465282694,-0.0016286186227906028,0.0005574214762623334,1.0,6,6,-0.0010711971465282694,-0.0015711971465282694,-0.0020711971465282694,XGBoost
2025-07-21,2025-07-22,0.005463847174609683,0.005360041919704983,0.00010380525490469986,0.6666666666666666,6,6,0.005463847174609683,0.0051305138412763495,0.004797180507943016,XGBoost
2025-07-22,2025-07-23,0.014592269321792691,0.008392018271253625,0.006200251050539067,0.6666666666666666,6,6,0.014592269321792691,0.014258935988459358,0.013925602655126025,XGBoost
2025-07-23,2025-07-24,0.00823856664526991,-0.004474938009246158,0.012713504654516067,0.3333333333333333,6,6,0.00823856664526991,0.008071899978603242,0.007905233311936577,XGBoost
2025-07-24,2025-07-25,0.007261601887490284,0.002054602438995575,0.005206999448494709,0.5,6,6,0.007261601887490284,0.007011601887490284,0.006761601887490283,XGBoost
2025-07-25,2025-07-28,-0.0091913798171998,-0.0017932252959529582,-0.007398154521246841,0.16666666666666666,6,6,-0.0091913798171998,-0.009274713150533133,-0.009358046483866468,XGBoost
2025-07-28,2025-07-29,0.006352805880653375,0.0010282488296161833,0.0053245570510371916,0.5,6,6,0.006352805880653375,0.006102805880653375,0.005852805880653376,XGBoost
2025-07-29,2025-07-30,-0.0053511227527870756,-0.0055025533805599085,0.00015143062777283337,0.8333333333333333,6,6,-0.0053511227527870756,-0.005767789419453742,-0.006184456086120409,XGBoost
2025-07-30,2025-07-31,-0.001346202264125441,-0.013097704610285674,0.011751502346160233,1.0,6,6,-0.001346202264125441,-0.001846202264125441,-0.002346202264125441,XGBoost
2025-07-31,2025-08-01,-0.0036822316872150733,-0.008799863652604066,0.005117631965388991,1.1666666666666665,6,6,-0.0036822316872150733,-0.0042655650205484065,-0.00484889835388174,XGBoost
2025-08-01,2025-08-04,-0.000884610337098451,0.0045618663276562835,-0.005446476664754733,0.5,6,6,-0.000884610337098451,-0.001134610337098451,-0.001384610337098451,XGBoost
2025-08-04,2025-08-05,0.010082823403898225,0.009997353426813491,8.546997708473334e-05,0.6666666666666666,6,6,0.010082823403898225,0.009749490070564892,0.009416156737231559,XGBoost
2025-08-05,2025-08-06,0.005204424974423941,8.429996667119158e-05,0.0051201250077527495,1.1666666666666665,6,6,0.005204424974423941,0.004621091641090608,0.004037758307757274,XGBoost
2025-08-06,2025-08-07,0.0047376729619860915,-0.000989295259005092,0.005726968220991183,0.6666666666666666,6,6,0.0047376729619860915,0.0044043396286527585,0.004071006295319425,XGBoost
2025-08-07,2025-08-08,-0.0036098264557052244,0.0036198238802298078,-0.007229650335935033,1.0,6,6,-0.0036098264557052244,-0.004109826455705224,-0.0046098264557052245,XGBoost
2025-08-08,2025-08-11,0.0020842001176128,-0.002158452458905592,0.004242652576518392,0.8333333333333333,6,6,0.0020842001176128,0.0016675334509461334,0.0012508667842794669,XGBoost
2025-08-11,2025-08-12,-0.006169429169465944,0.00643695070806675,-0.012606379877532691,0.5,6,6,-0.006169429169465944,-0.006419429169465944,-0.006669429169465944,XGBoost
2025-08-12,2025-08-13,0.0042050586311251584,0.004145366697343524,5.969193378163357e-05,0.5,6,6,0.0042050586311251584,0.003955058631125158,0.0037050586311251584,XGBoost
2025-08-13,2025-08-14,0.01051360659847734,0.0061511014184663405,0.004362505180011,1.1666666666666665,6,6,0.01051360659847734,0.009930273265144007,0.009346939931810674,XGBoost
2025-08-14,2025-08-15,0.010857189715142778,0.010558898427917233,0.0002982912872255462,0.8333333333333333,6,6,0.010857189715142778,0.010440523048476112,0.010023856381809445,XGBoost
2025-08-15,2025-08-18,-0.0006878731265866917,-0.0008237956658518084,0.00013592253926511685,0.3333333333333333,6,6,-0.0006878731265866917,-0.0008545397932533584,-0.001021206459920025,XGBoost
2025-08-18,2025-08-19,-0.007684374530055433,-0.004247801213570816,-0.0034365733164846163,0.6666666666666666,6,6,-0.007684374530055433,-0.008017707863388766,-0.008351041196722099,XGBoost
2025-08-19,2025-08-20,0.003026591840539016,-0.002235917864103308,0.005262509704642325,0.16666666666666666,6,6,0.003026591840539016,0.0029432585072056826,0.0028599251738723494,XGBoost
2025-08-20,2025-08-21,-0.006008103084424683,-0.006324952992259367,0.0003168499078346834,0.8333333333333333,6,6,-0.006008103084424683,-0.00642476975109135,-0.006841436417758017,XGBoost
2025-08-21,2025-08-22,0.005371164100217309,0.013581350571584449,-0.008210186471367141,0.8333333333333333,6,6,0.005371164100217309,0.004954497433550642,0.004537830766883975,XGBoost
2025-08-22,2025-08-25,-0.0002258983574194499,-0.0029607340829315588,0.0027348357255121084,0.8333333333333333,6,6,-0.0002258983574194499,-0.0006425650240861166,-0.0010592316907527832,XGBoost
2025-08-25,2025-08-26,0.0010737504163168417,0.000622357587664125,0.00045139282865271687,1.0,6,6,0.0010737504163168417,0.0005737504163168417,7.375041631684171e-05,XGBoost
2025-08-26,2025-08-27,-0.004734739765275758,0.00017207955936540835,-0.004906819324641166,0.8333333333333333,6,6,-0.004734739765275758,-0.005151406431942424,-0.005568073098609091,XGBoost
2025-08-27,2025-08-28,0.0003203323146515836,-0.00029832599259823315,0.0006186583072498166,1.0,6,6,0.0003203323146515836,-0.00017966768534841642,-0.0006796676853484164,XGBoost
2025-08-28,2025-08-29,0.006324308424675942,0.0027822841052980336,0.003542024319377908,1.3333333333333333,6,6,0.006324308424675942,0.005657641758009275,0.004990975091342609,XGBoost
2025-08-29,2025-09-02,-0.0001855101292452336,-0.003524937820287867,0.0033394276910426327,1.0,6,6,-0.0001855101292452336,-0.0006855101292452336,-0.0011855101292452337,XGBoost
2025-09-02,2025-09-03,0.006170041222723975,0.00115414276532805,0.0050158984573959245,0.8333333333333333,6,6,0.006170041222723975,0.005753374556057308,0.005336707889390641,XGBoost
2025-09-03,2025-09-04,-0.003834612094279216,-0.0018323461368797752,-0.0020022659573994414,1.0,6,6,-0.003834612094279216,-0.004334612094279216,-0.004834612094279217,XGBoost
2025-09-04,2025-09-05,-0.002119954184028908,-0.0017695545860570584,-0.0003503995979718499,0.8333333333333333,6,6,-0.002119954184028908,-0.0025366208506955746,-0.0029532875173622413,XGBoost
2025-09-05,2025-09-08,0.0053205738134584415,0.003975456035822633,0.0013451177776358082,0.6666666666666666,6,6,0.0053205738134584415,0.0049872404801251085,0.004653907146791775,XGBoost
2025-09-08,2025-09-09,0.009628076745417408,0.010506986968635734,-0.0008789102232183249,0.6666666666666666,6,6,0.009628076745417408,0.009294743412084075,0.008961410078750742,XGBoost
2025-09-09,2025-09-10,-0.03236313579773532,-0.0032417098404434494,-0.029121425957291874,0.8333333333333333,6,6,-0.03236313579773532,-0.03277980246440199,-0.033196469131068655,XGBoost
2025-09-10,2025-09-11,0.004639320918494708,0.003029440384044558,0.0016098805344501499,1.0,6,6,0.004639320918494708,0.0041393209184947075,0.003639320918494708,XGBoost
2025-09-11,2025-09-12,0.0012444965905622747,-0.0059895266731315585,0.007234023263693833,0.3333333333333333,6,6,0.0012444965905622747,0.001077829923895608,0.0009111632572289415,XGBoost
2025-09-12,2025-09-15,0.00043296745785469885,0.0014771920873479748,-0.001044224629493276,0.3333333333333333,6,6,0.00043296745785469885,0.0002663007911880322,9.963412452136552e-05,XGBoost
2025-09-15,2025-09-16,-0.002377617143729016,-0.0015566937747642329,-0.0008209233689647831,0.8333333333333333,6,6,-0.002377617143729016,-0.0027942838103956827,-0.0032109504770623494,XGBoost
2025-09-16,2025-09-17,0.0008640338330883912,0.0035942543960317164,-0.002730220562943325,0.6666666666666666,6,6,0.0008640338330883912,0.0005307004997550579,0.00019736716642172454,XGBoost
2025-09-17,2025-09-18,0.02415647157247163,0.023044699670773234,0.0011117719016984,1.0,6,6,0.02415647157247163,0.02365647157247163,0.02315647157247163,XGBoost
2025-09-18,2025-09-19,-0.0077017431004291915,-0.0028467384325547083,-0.004855004667874484,0.6666666666666666,6,6,-0.0077017431004291915,-0.008035076433762525,-0.008368409767095858,XGBoost
2025-09-19,2025-09-22,0.0017145558299520253,0.0020421743436035995,-0.0003276185136515745,0.6666666666666666,6,6,0.0017145558299520253,0.001381222496618692,0.0010478891632853585,XGBoost
2025-09-22,2025-09-23,0.0008244367728442168,0.0004064879706564666,0.00041794880218774984,0.8333333333333333,6,6,0.0008244367728442168,0.00040777010617755016,-8.896560489116481e-06,XGBoost
2025-09-23,2025-09-24,-0.009572093550849071,-0.004851158561492516,-0.004720934989356557,1.1666666666666665,6,6,-0.009572093550849071,-0.010155426884182405,-0.010738760217515738,XGBoost
2025-09-24,2025-09-25,-0.00026229076917924144,-9.38150396315022e-06,-0.00025290926521609166,1.3333333333333333,6,6,-0.00026229076917924144,-0.0009289574358459081,-0.0015956241025125747,XGBoost
2025-09-25,2025-09-26,0.00271927080914145,0.0049814329705508914,-0.0022621621614094412,0.6666666666666666,6,6,0.00271927080914145,0.0023859374758081167,0.0020526041424747837,XGBoost
2025-09-26,2025-09-29,0.006884533905814001,0.0012433758624430082,0.005641158043370992,0.5,6,6,0.006884533905814001,0.006634533905814001,0.0063845339058140015,XGBoost
2025-09-29,2025-09-30,0.0027433901707142085,0.00029740035696364155,0.0024459898137505665,0.6666666666666666,6,6,0.0027433901707142085,0.002410056837380875,0.002076723504047542,XGBoost
2025-09-30,2025-10-01,-0.024096371626406175,0.0018763402379050587,-0.025972711864311236,0.6666666666666666,6,6,-0.024096371626406175,-0.02442970495973951,-0.02476303829307284,XGBoost
2025-10-01,2025-10-02,0.000936623654391125,0.0026193201419134502,-0.0016826964875223246,0.3333333333333333,6,6,0.000936623654391125,0.0007699569877244583,0.0006032903210577917,XGBoost
2025-10-02,2025-10-03,0.0047154339798732665,0.0018448162841478667,0.0028706176957253994,0.5,6,6,0.0047154339798732665,0.004465433979873266,0.004215433979873267,XGBoost
2025-10-03,2025-10-06,0.006664991238151825,0.0028655582959526416,0.0037994329421991834,0.3333333333333333,6,6,0.006664991238151825,0.0064983245714851584,0.006331657904818492,XGBoost
2025-10-06,2025-10-07,-0.005339772649002109,-0.006635635808681624,0.0012958631596795163,1.0,6,6,-0.005339772649002109,-0.005839772649002109,-0.006339772649002109,XGBoost
2025-10-07,2025-10-08,0.005691370225810675,0.005287814354673032,0.0004035558711376417,0.5,6,6,0.005691370225810675,0.005441370225810675,0.005191370225810675,XGBoost
2025-10-08,2025-10-09,-0.005675838206946401,-0.002880703782528425,-0.002795134424417975,0.8333333333333333,6,6,-0.005675838206946401,-0.006092504873613068,-0.006509171540279734,XGBoost
2025-10-09,2025-10-10,-0.012174090083916416,-0.014491347061662033,0.0023172569777456164,1.0,6,6,-0.012174090083916416,-0.012674090083916416,-0.013174090083916415,XGBoost
2025-10-10,2025-10-13,-0.0014720621895266083,0.008319750443647267,-0.009791812633173875,0.5,6,6,-0.0014720621895266083,-0.0017220621895266083,-0.001972062189526608,XGBoost
2025-10-13,2025-10-14,0.013046748735406167,0.0094594001459677,0.003587348589438467,0.6666666666666666,6,6,0.013046748735406167,0.012713415402072834,0.0123800820687395,XGBoost
2025-10-14,2025-10-15,-0.004798716728788008,0.0029750076098258417,-0.007773724338613851,0.6666666666666666,6,6,-0.004798716728788008,-0.005132050062121341,-0.005465383395454675,XGBoost
2025-10-15,2025-10-16,0.0014029295140927747,-0.00034295978481587504,0.0017458892989086496,1.0,6,6,0.0014029295140927747,0.0009029295140927747,0.00040292951409277465,XGBoost
2025-10-16,2025-10-17,0.006839481653371974,0.0002752879656332248,0.006564193687738749,0.8333333333333333,6,6,0.006839481653371974,0.0064228149867053075,0.006006148320038641,XGBoost
2025-10-17,2025-10-20,0.009295064484308883,0.010464409579891549,-0.0011693450955826666,0.8333333333333333,6,6,0.009295064484308883,0.008878397817642217,0.00846173115097555,XGBoost
2025-10-20,2025-10-21,-0.0010228511904873166,0.001093945945339125,-0.002116797135826442,0.6666666666666666,6,6,-0.0010228511904873166,-0.00135618452382065,-0.0016895178571539834,XGBoost
2025-10-21,2025-10-22,0.007232068002058642,-0.00011998213844029146,0.007352050140498933,0.5,6,6,0.007232068002058642,0.006982068002058642,0.006732068002058642,XGBoost
2025-10-22,2025-10-23,-0.002232857546273483,0.001778884745971533,-0.004011742292245016,0.6666666666666666,6,6,-0.002232857546273483,-0.0025661908796068165,-0.0028995242129401496,XGBoost
2025-10-23,2025-10-24,-0.006026314336507357,2.4126565580049936e-05,-0.006050440902087408,0.5,6,6,-0.006026314336507357,-0.006276314336507357,-0.006526314336507357,XGBoost
2025-10-24,2025-10-27,0.005787951071909574,0.009173536625953433,-0.0033855855540438585,0.6666666666666666,6,6,0.005787951071909574,0.005454617738576241,0.005121284405242907,XGBoost
2025-10-27,2025-10-28,4.923077013650783e-05,-0.0025514771430463247,0.002600707913182833,0.8333333333333333,6,6,4.923077013650783e-05,-0.0003674358965301588,-0.0007841025631968254,XGBoost
2025-10-28,2025-10-29,0.01309745341586381,0.004678079770391233,0.008419373645472574,0.8333333333333333,6,6,0.01309745341586381,0.012680786749197145,0.012264120082530477,XGBoost
2025-10-29,2025-10-30,0.009550167220505891,-0.0009694062024006086,0.0105195734229065,1.0,6,6,0.009550167220505891,0.009050167220505891,0.008550167220505892,XGBoost
2025-10-30,2025-10-31,-0.0009292218923223668,0.0013919265909113584,-0.0023211484832337246,0.3333333333333333,6,6,-0.0009292218923223668,-0.0010958885589890334,-0.0012625552256557001,XGBoost
2025-10-31,2025-11-03,0.0034893475055212163,-0.0023824754060133664,0.005871822911534583,0.8333333333333333,6,6,0.0034893475055212163,0.0030726808388545496,0.002656014172187883,XGBoost
2025-11-03,2025-11-04,0.004157575231860284,-0.007572497808133283,0.011730073039993565,0.6666666666666666,6,6,0.004157575231860284,0.0038242418985269503,0.003490908565193617,XGBoost
2025-11-04,2025-11-05,-0.0035869094833465174,0.009490568631178833,-0.01307747811452535,0.5,6,6,-0.0035869094833465174,-0.0038369094833465177,-0.004086909483346517,XGBoost
2025-11-05,2025-11-06,0.006850876538758624,-0.002877856573909408,0.009728733112668034,0.8333333333333333,6,6,0.006850876538758624,0.0064342098720919574,0.006017543205425291,XGBoost
2025-11-06,2025-11-07,-0.007034500726886066,-0.004797294399657492,-0.0022372063272285752,0.8333333333333333,6,6,-0.007034500726886066,-0.007451167393552733,-0.0078678340602194,XGBoost
2025-11-07,2025-11-10,-0.0006486547123379331,0.001730978661332558,-0.0023796333736704916,1.0,6,6,-0.0006486547123379331,-0.0011486547123379333,-0.0016486547123379333,XGBoost
2025-11-10,2025-11-11,-0.003880629837908366,0.002075834904961116,-0.005956464742869483,0.6666666666666666,6,6,-0.003880629837908366,-0.004213963171241699,-0.004547296504575033,XGBoost
2025-11-11,2025-11-12,-0.0009285599797845753,0.001653084176142391,-0.0025816441559269668,0.6666666666666666,6,6,-0.0009285599797845753,-0.0012618933131179086,-0.0015952266464512419,XGBoost
2025-11-12,2025-11-13,-0.004903454818442292,-0.005615505432891983,0.0007120506144496913,0.6666666666666666,6,6,-0.004903454818442292,-0.005236788151775625,-0.005570121485108959,XGBoost
2025-11-13,2025-11-14,0.0020284446731208333,-0.00043837608478232513,0.0024668207579031584,0.6666666666666666,6,6,0.0020284446731208333,0.0016951113397875,0.0013617780064541667,XGBoost
2025-11-14,2025-11-17,-0.008499135540339075,-0.008431355989554799,-6.777955078427476e-05,0.5,6,6,-0.008499135540339075,-0.008749135540339075,-0.008999135540339076,XGBoost
2025-11-17,2025-11-18,0.004453973277460583,-0.0009653415784802919,0.005419314855940875,0.6666666666666666,6,6,0.004453973277460583,0.00412063994412725,0.0037873066107939166,XGBoost
2025-11-18,2025-11-19,-0.002456427714026542,-0.00191206672211355,-0.0005443609919129921,0.5,6,6,-0.002456427714026542,-0.002706427714026542,-0.002956427714026542,XGBoost
2025-11-19,2025-11-20,-0.010586746032959692,-0.013159584474136132,0.002572838441176441,0.8333333333333333,6,6,-0.010586746032959692,-0.011003412699626357,-0.011420079366293025,XGBoost
2025-11-20,2025-11-21,0.01343367110497765,0.01152809363229234,0.0019055774726853085,0.5,6,6,0.01343367110497765,0.013183671104977649,0.012933671104977649,XGBoost
2025-11-21,2025-11-24,-0.004000638243381658,0.0005305795788326332,-0.004531217822214291,0.5,6,6,-0.004000638243381658,-0.004250638243381658,-0.004500638243381658,XGBoost
2025-11-24,2025-11-25,0.005837161116645241,0.009764974614215148,-0.003927813497569908,0.6666666666666666,6,6,0.005837161116645241,0.005503827783311908,0.005170494449978574,XGBoost
2025-11-25,2025-11-26,0.002989978886332391,0.007560047944186875,-0.004570069057854483,0.6666666666666666,6,6,0.002989978886332391,0.0026566455529990576,0.0023233122196657245,XGBoost
2025-11-26,2025-11-28,-0.007215302988649673,0.001955293775620383,-0.009170596764270058,0.6666666666666666,6,6,-0.007215302988649673,-0.007548636321983006,-0.00788196965531634,XGBoost
2025-11-28,2025-12-01,-0.0001353175855352501,-0.00435064388398505,0.0042153262984498,0.16666666666666666,6,6,-0.0001353175855352501,-0.0002186509188685834,-0.00030198425220191673,XGBoost
2025-12-01,2025-12-02,0.0033293494685702066,0.008340893506562133,-0.005011544037991925,0.6666666666666666,6,6,0.0033293494685702066,0.002996016135236873,0.00266268280190354,XGBoost
2025-12-02,2025-12-03,0.009078227509060292,0.008787592699044257,0.0002906348100160334,0.6666666666666666,6,6,0.009078227509060292,0.008744894175726959,0.008411560842393626,XGBoost
2025-12-03,2025-12-04,0.0034308434170518508,-0.000794648485213175,0.004225491902265026,0.6666666666666666,6,6,0.0034308434170518508,0.0030975100837185173,0.0027641767503851842,XGBoost
2025-12-04,2025-12-05,-0.0022799846908445167,-0.0009866294748841077,-0.0012933552159604086,0.8333333333333333,6,6,-0.0022799846908445167,-0.0026966513575111834,-0.00311331802417785,XGBoost
2025-12-05,2025-12-08,-0.0011623840802351994,-0.0055664877932996995,0.004404103713064501,0.8333333333333333,6,6,-0.0011623840802351994,-0.0015790507469018661,-0.001995717413568533,XGBoost
2025-12-08,2025-12-09,-0.0030069594388099667,-0.0021712713838977415,-0.000835688054912225,0.5,6,6,-0.0030069594388099667,-0.003256959438809967,-0.0035069594388099667,XGBoost
2025-12-09,2025-12-10,-0.0027547092459427407,0.003293983871429825,-0.006048693117372566,0.6666666666666666,6,6,-0.0027547092459427407,-0.003088042579276074,-0.0034213759126094073,XGBoost
2025-12-10,2025-12-11,0.013000871415889015,0.0014381884437652333,0.011562682972123782,0.8333333333333333,6,6,0.013000871415889015,0.012584204749222349,0.012167538082555681,XGBoost
2025-12-11,2025-12-12,0.001020972947572157,-0.0011764444600168833,0.0021974174075890408,0.5,6,6,0.001020972947572157,0.000770972947572157,0.000520972947572157,XGBoost
2025-12-12,2025-12-15,-0.0035027930784216083,-0.0032770068217670163,-0.00022578625665459142,0.6666666666666666,6,6,-0.0035027930784216083,-0.003836126411754942,-0.004169459745088275,XGBoost
2025-12-15,2025-12-16,-0.0009177119904679083,-0.0039044123589169833,0.0029867003684490748,0.6666666666666666,6,6,-0.0009177119904679083,-0.0012510453238012416,-0.001584378657134575,XGBoost
2025-12-16,2025-12-17,-0.002592520860024759,-0.007242142950939175,0.004649622090914417,0.6666666666666666,6,6,-0.002592520860024759,-0.0029258541933580924,-0.0032591875266914255,XGBoost
2025-12-17,2025-12-18,-0.0008058901622977163,0.0009977844761425584,-0.0018036746384402745,0.6666666666666666,6,6,-0.0008058901622977163,-0.0011392234956310496,-0.001472556828964383,XGBoost
2025-12-18,2025-12-19,0.012356055146674809,0.00651169652784225,0.005844358618832558,0.8333333333333333,6,6,0.012356055146674809,0.011939388480008143,0.011522721813341475,XGBoost
2025-12-19,2025-12-22,0.011000356583491907,0.008246909545459834,0.002753447038032075,1.0,6,6,0.011000356583491907,0.010500356583491906,0.010000356583491906,XGBoost
2025-12-22,2025-12-23,1.708616208772511e-05,-0.0011086513976488418,0.0011257375597365665,0.8333333333333333,6,6,1.708616208772511e-05,-0.00039958050457894153,-0.0008162471712456082,XGBoost
2025-12-23,2025-12-24,-0.0026295133926619602,0.0030326406772107246,-0.005662154069872686,0.3333333333333333,6,6,-0.0026295133926619602,-0.0027961800593286268,-0.0029628467259952937,XGBoost
2025-12-24,2025-12-26,-0.0006693671965844002,-0.00021872279774381678,-0.0004506443988405833,0.3333333333333333,6,6,-0.0006693671965844002,-0.0008360338632510668,-0.0010027005299177334,XGBoost
2025-12-26,2025-12-29,-0.004548598097797934,-0.004012260015272425,-0.0005363380825255084,0.16666666666666666,6,6,-0.004548598097797934,-0.0046319314311312676,-0.0047152647644646,XGBoost
2025-12-29,2025-12-30,-0.00013739655567938328,0.0005043371957897916,-0.0006417337514691749,0.6666666666666666,6,6,-0.00013739655567938328,-0.0004707298890127166,-0.0008040632223460499,XGBoost
2025-12-30,2025-12-31,-0.005793629455828308,-0.0046378082981859085,-0.0011558211576423996,0.6666666666666666,6,6,-0.005793629455828308,-0.006126962789161641,-0.006460296122494975,XGBoost
2025-12-31,2026-01-02,0.010265397827203183,0.010523274416548824,-0.00025787658934564106,0.6666666666666666,6,6,0.010265397827203183,0.00993206449386985,0.009598731160536517,XGBoost
2026-01-02,2026-01-05,0.004072894270603658,0.00446462467390655,-0.0003917304033028918,0.8333333333333333,6,6,0.004072894270603658,0.0036562276039369913,0.0032395609372703246,XGBoost
2026-01-05,2026-01-06,0.011601549422887632,0.007968761018546273,0.0036327884043413573,1.1666666666666665,6,6,0.011601549422887632,0.011018216089554299,0.010434882756220966,XGBoost
2026-01-06,2026-01-07,0.007646313607084317,0.0013141890835985167,0.0063321245234858005,0.5,6,6,0.007646313607084317,0.007396313607084317,0.0071463136070843165,XGBoost
2026-01-07,2026-01-08,-0.006759888610646333,-0.002379053365223817,-0.004380835245422517,0.8333333333333333,6,6,-0.006759888610646333,-0.007176555277313,-0.007593221943979667,XGBoost
2026-01-08,2026-01-09,-0.006792580727242024,0.004729680234889358,-0.011522260962131383,0.5,6,6,-0.006792580727242024,-0.007042580727242024,-0.0072925807272420234,XGBoost
2026-01-09,2026-01-12,-0.0026792654858211916,4.6729451728908314e-05,-0.0027259949375501,0.8333333333333333,6,6,-0.0026792654858211916,-0.0030959321524878583,-0.003512598819154525,XGBoost
2026-01-12,2026-01-13,-0.014362639417886009,-0.0021484246253301413,-0.012214214792555866,0.3333333333333333,6,6,-0.014362639417886009,-0.014529306084552676,-0.014695972751219342,XGBoost
2026-01-13,2026-01-14,-0.00584747377848885,-0.006680271836370091,0.0008327980578812409,0.8333333333333333,6,6,-0.00584747377848885,-0.006264140445155517,-0.006680807111822184,XGBoost
2026-01-14,2026-01-15,0.008253974890512798,0.006862617213549824,0.001391357676962975,0.5,6,6,0.008253974890512798,0.008003974890512798,0.0077539748905127975,XGBoost
2026-01-15,2026-01-16,0.005677129723936966,0.001806662376472691,0.0038704673474642746,1.0,6,6,0.005677129723936966,0.005177129723936967,0.004677129723936966,XGBoost
2026-01-16,2026-01-20,-0.017092933370432925,-0.011377246682574164,-0.005715686687858758,0.5,6,6,-0.017092933370432925,-0.017342933370432925,-0.017592933370432925,XGBoost
2026-01-20,2026-01-21,-0.004728010018537641,0.004530945089745732,-0.009258955108283375,0.8333333333333333,6,6,-0.004728010018537641,-0.005144676685204308,-0.005561343351870975,XGBoost
2026-01-21,2026-01-22,0.00278447367920295,0.003669833885920958,-0.0008853602067180078,0.3333333333333333,6,6,0.00278447367920295,0.0026178070125362834,0.0024511403458696165,XGBoost
2026-01-22,2026-01-23,0.0029440280326555428,-0.00869819624423419,0.011642224276889733,0.16666666666666666,6,6,0.0029440280326555428,0.0028606946993222095,0.0027773613659888763,XGBoost
2026-01-23,2026-01-26,0.006802538947998309,0.003017338640577125,0.003785200307421184,0.6666666666666666,6,6,0.006802538947998309,0.006469205614664976,0.006135872281331642,XGBoost
2026-01-26,2026-01-27,0.005919048844980523,-0.0037860943811373,0.009705143226117824,0.6666666666666666,6,6,0.005919048844980523,0.00558571551164719,0.005252382178313856,XGBoost
2026-01-27,2026-01-28,-0.002852319946636997,0.0077756015810664745,-0.010627921527703473,0.6666666666666666,6,6,-0.002852319946636997,-0.0031856532799703304,-0.0035189866133036635,XGBoost
2026-01-28,2026-01-29,0.005295931722096282,0.006051304807892807,-0.000755373085796525,0.8333333333333333,6,6,0.005295931722096282,0.004879265055429616,0.004462598388762949,XGBoost
2026-01-29,2026-01-30,0.00015527798201996675,-0.004330985372326774,0.004486263354346741,0.6666666666666666,6,6,0.00015527798201996675,-0.00017805535131336657,-0.0005113886846466999,XGBoost
2026-01-30,2026-02-02,-0.007592392013491083,0.003495817997026116,-0.0110882100105172,0.8333333333333333,6,6,-0.007592392013491083,-0.008009058680157749,-0.008425725346824417,XGBoost
2026-02-02,2026-02-03,-0.019898868184160312,-0.00972830643165435,-0.010170561752505967,0.5,6,6,-0.019898868184160312,-0.020148868184160312,-0.020398868184160313,XGBoost
2026-02-03,2026-02-04,-0.011559665203708148,-0.008644837435405766,-0.002914827768302383,0.6666666666666666,6,6,-0.011559665203708148,-0.01189299853704148,-0.012226331870374814,XGBoost
2026-02-04,2026-02-05,-0.0038712021934277727,-0.01321422494313395,0.009343022749706173,0.5,6,6,-0.0038712021934277727,-0.004121202193427773,-0.004371202193427773,XGBoost
2026-02-05,2026-02-06,0.00615626010006124,0.01498231851176344,-0.0088260584117022,0.3333333333333333,6,6,0.00615626010006124,0.005989593433394573,0.005822926766727907,XGBoost
2026-02-06,2026-02-09,0.014392912214891314,0.011456645872513056,0.002936266342378258,0.6666666666666666,6,6,0.014392912214891314,0.01405957888155798,0.013726245548224648,XGBoost
2026-02-09,2026-02-10,0.002284554228551667,-0.001484510426866275,0.003769064655417941,0.5,6,6,0.002284554228551667,0.0020345542285516672,0.001784554228551667,XGBoost
2026-02-10,2026-02-11,-0.009722901635701983,-0.00557638439134095,-0.004146517244361034,0.3333333333333333,6,6,-0.009722901635701983,-0.00988956830236865,-0.010056234969035316,XGBoost
2026-02-11,2026-02-12,-0.004099470200742749,-0.013509253586486131,0.009409783385743383,0.3333333333333333,6,6,-0.004099470200742749,-0.004266136867409415,-0.004432803534076082,XGBoost
2026-02-12,2026-02-13,-0.0003893423150147825,0.0035854274000941245,-0.003974769715108908,1.0,6,6,-0.0003893423150147825,-0.0008893423150147825,-0.0013893423150147825,XGBoost
2026-02-13,2026-02-17,-0.007240348983355425,-0.005475690464662892,-0.001764658518692533,1.0,6,6,-0.007240348983355425,-0.007740348983355424,-0.008240348983355425,XGBoost
2026-02-17,2026-02-18,0.0023990918837119668,0.0021808170343971165,0.00021827484931485002,0.8333333333333333,6,6,0.0023990918837119668,0.0019824252170453,0.0015657585503786335,XGBoost
2026-02-18,2026-02-19,-0.00316724849743385,-0.004456268226834474,0.001289019729400625,1.1666666666666665,6,6,-0.00316724849743385,-0.003750581830767183,-0.004333915164100517,XGBoost
2026-02-19,2026-02-20,0.00034834767080921605,-0.002332372247134558,0.0026807199179437746,1.0,6,6,0.00034834767080921605,-0.00015165232919078396,-0.000651652329190784,XGBoost
2026-02-20,2026-02-23,-0.005000862051051068,-0.012959393483710934,0.007958531432659868,0.6666666666666666,6,6,-0.005000862051051068,-0.005334195384384401,-0.005667528717717735,XGBoost
2026-02-23,2026-02-24,-0.00434801009644893,0.004718527260713891,-0.009066537357162823,1.0,6,6,-0.00434801009644893,-0.00484801009644893,-0.00534801009644893,XGBoost
2026-02-24,2026-02-25,-0.005436368064801117,0.0032246024704694833,-0.008660970535270597,0.3333333333333333,6,6,-0.005436368064801117,-0.005603034731467784,-0.00576970139813445,XGBoost
2026-02-25,2026-02-26,-0.0010506509654618,-0.00048548792118023316,-0.0005651630442815666,0.8333333333333333,6,6,-0.0010506509654618,-0.0014673176321284664,-0.0018839842987951332,XGBoost
2026-02-26,2026-02-27,0.0014829606547487266,-0.006285168140552599,0.007768128795301325,0.6666666666666666,6,6,0.0014829606547487266,0.0011496273214153933,0.0008162939880820599,XGBoost
2026-02-27,2026-03-02,0.008715734535468308,0.003534049418122575,0.005181685117345732,1.1666666666666665,6,6,0.008715734535468308,0.008132401202134975,0.007549067868801641,XGBoost
2026-03-02,2026-03-03,-0.002758213544001841,-0.007557125227591542,0.004798911683589699,0.6666666666666666,6,6,-0.002758213544001841,-0.0030915468773351747,-0.0034248802106685078,XGBoost
2026-03-03,2026-03-04,-0.0015611913876848078,0.0035018592805067753,-0.005063050668191582,0.3333333333333333,6,6,-0.0015611913876848078,-0.0017278580543514746,-0.001894524721018141,XGBoost
2026-03-04,2026-03-05,-0.0035551377887493487,-0.002879073895671716,-0.0006760638930776331,0.6666666666666666,6,6,-0.0035551377887493487,-0.003888471122082682,-0.004221804455416016,XGBoost
2026-03-05,2026-03-06,-0.004275875835750133,-0.005016602816052325,0.0007407269803021916,0.6666666666666666,6,6,-0.004275875835750133,-0.004609209169083466,-0.0049425425024168,XGBoost
2026-03-06,2026-03-09,-0.007198260158932084,-0.001697718616005426,-0.005500541542926659,0.5,6,6,-0.007198260158932084,-0.0074482601589320845,-0.007698260158932085,XGBoost
2026-03-09,2026-03-10,0.0037941557145176087,-0.0003894248030233749,0.004183580517540982,0.8333333333333333,6,6,0.0037941557145176087,0.003377489047850942,0.0029608223811842752,XGBoost
2026-03-10,2026-03-11,0.007401355927904325,0.006296997694839358,0.0011043582330649664,0.6666666666666666,6,6,0.007401355927904325,0.007068022594570992,0.006734689261237658,XGBoost
2026-03-11,2026-03-12,-0.0004614172712118104,-0.009745880350500408,0.009284463079288598,0.5,6,6,-0.0004614172712118104,-0.0007114172712118104,-0.0009614172712118104,XGBoost
2026-03-12,2026-03-13,-0.0040690164451048835,-0.0018816699300212834,-0.0021873465150835996,1.0,6,6,-0.0040690164451048835,-0.004569016445104884,-0.0050690164451048835,XGBoost
2026-03-13,2026-03-16,-0.00045623302974854153,0.0034939061868094912,-0.003950139216558034,0.6666666666666666,6,6,-0.00045623302974854153,-0.0007895663630818749,-0.0011228996964152082,XGBoost
2026-03-16,2026-03-17,0.009509883164891958,0.005301759608254757,0.0042081235566372,0.6666666666666666,6,6,0.009509883164891958,0.009176549831558625,0.008843216498225292,XGBoost
2026-03-17,2026-03-18,0.00367867972207055,-0.0033809350515798826,0.007059614773650432,0.6666666666666666,6,6,0.00367867972207055,0.0033453463887372164,0.0030120130554038833,XGBoost
2026-03-18,2026-03-19,-0.0021816702996703763,0.000755100478182675,-0.00293677077785305,0.8333333333333333,6,6,-0.0021816702996703763,-0.002598336966337043,-0.00301500363300371,XGBoost
2026-03-19,2026-03-20,0.0037293680836767338,-0.0053922128414655495,0.009121580925142283,0.16666666666666666,6,6,0.0037293680836767338,0.0036460347503434005,0.0035627014170100673,XGBoost
2026-03-20,2026-03-23,0.0025157181232905584,0.004926151795452492,-0.002410433672161933,0.6666666666666666,6,6,0.0025157181232905584,0.002182384789957225,0.001849051456623892,XGBoost
2026-03-23,2026-03-24,-0.005259496326702097,-0.002989618125978916,-0.0022698782007231806,0.8333333333333333,6,6,-0.005259496326702097,-0.005676162993368763,-0.00609282966003543,XGBoost
2026-03-24,2026-03-25,-0.0035839917927716325,0.001794044203169825,-0.005378035995941459,0.5,6,6,-0.0035839917927716325,-0.0038339917927716323,-0.0040839917927716326,XGBoost
2026-03-25,2026-03-26,0.004551027125815059,-0.004981486681900399,0.009532513807715458,0.6666666666666666,6,6,0.004551027125815059,0.004217693792481726,0.0038843604591483924,XGBoost
2026-03-26,2026-03-27,-0.0032159689576895844,-0.01066343216340869,0.007447463205719107,0.8333333333333333,6,6,-0.0032159689576895844,-0.003632635624356251,-0.004049302291022918,XGBoost
2026-03-27,2026-03-30,0.0032504695772752404,0.0007631772934149916,0.002487292283860249,0.8333333333333333,6,6,0.0032504695772752404,0.0028338029106085736,0.002417136243941907,XGBoost
2026-03-30,2026-03-31,0.003954825079623207,0.015807746914744514,-0.011852921835121308,1.0,6,6,0.003954825079623207,0.003454825079623207,0.002954825079623207,XGBoost
2026-03-31,2026-04-01,0.008634769415214115,0.002456528857020925,0.006178240558193193,1.0,6,6,0.008634769415214115,0.008134769415214115,0.007634769415214115,XGBoost
2026-04-01,2026-04-02,-0.0016076627673148997,0.002691111101549591,-0.004298773868864492,0.16666666666666666,6,6,-0.0016076627673148997,-0.001690996100648233,-0.0017743294339815664,XGBoost
2026-04-02,2026-04-06,0.002707428391530175,0.003512488123631566,-0.0008050597321013918,0.6666666666666666,6,6,0.002707428391530175,0.0023740950581968416,0.0020407617248635085,XGBoost
2026-04-06,2026-04-07,-0.012753188780177257,-0.006476035440663358,-0.006277153339513899,0.6666666666666666,6,6,-0.012753188780177257,-0.01308652211351059,-0.013419855446843923,XGBoost
2026-04-07,2026-04-08,-0.0063853522576549394,0.010415873656789292,-0.016801225914444235,0.5,6,6,-0.0063853522576549394,-0.00663535225765494,-0.00688535225765494,XGBoost
2026-04-08,2026-04-09,-0.005941255065262588,0.002087267247561176,-0.008028522312823763,0.3333333333333333,6,6,-0.005941255065262588,-0.006107921731929255,-0.006274588398595921,XGBoost
2026-04-09,2026-04-10,-0.0011596951196417248,-0.004199600441578974,0.0030399053219372497,1.0,6,6,-0.0011596951196417248,-0.0016596951196417248,-0.002159695119641725,XGBoost
2026-04-10,2026-04-13,0.004382924053138099,0.005596828988992733,-0.0012139049358546338,0.6666666666666666,6,6,0.004382924053138099,0.004049590719804766,0.0037162573864714323,XGBoost
2026-04-13,2026-04-14,0.00311630873721265,0.006290007602093884,-0.003173698864881233,0.5,6,6,0.00311630873721265,0.00286630873721265,0.0026163087372126498,XGBoost
2026-04-14,2026-04-15,-0.0007975487280674418,0.00082917315143715,-0.0016267218795045918,0.5,6,6,-0.0007975487280674418,-0.0010475487280674418,-0.0012975487280674418,XGBoost
2026-04-15,2026-04-16,-0.0008550657221654159,0.0012046514264618172,-0.002059717148627233,0.3333333333333333,6,6,-0.0008550657221654159,-0.0010217323888320827,-0.0011883990554987492,XGBoost
2026-04-16,2026-04-17,0.00732473370361265,0.009240230847341883,-0.001915497143729233,0.6666666666666666,6,6,0.00732473370361265,0.006991400370279317,0.006658067036945983,XGBoost
2026-04-17,2026-04-20,0.008373130004613732,0.0030187093229359662,0.005354420681677766,0.6666666666666666,6,6,0.008373130004613732,0.0080397966712804,0.0077064633379470655,XGBoost
2026-04-20,2026-04-21,0.01139190114389229,0.0064357120571566905,0.004956189086735599,0.8333333333333333,6,6,0.01139190114389229,0.010975234477225624,0.010558567810558956,XGBoost
2026-04-21,2026-04-22,0.010155722694646308,0.008024249366189524,0.0021314733284567827,0.6666666666666666,6,6,0.010155722694646308,0.009822389361312975,0.009489056027979642,XGBoost
2026-04-22,2026-04-23,-0.018518997616531967,-0.002718817064983667,-0.015800180551548297,1.0,6,6,-0.018518997616531967,-0.019018997616531967,-0.019518997616531968,XGBoost
2026-04-23,2026-04-24,0.020177308230921166,0.017936599551999683,0.002240708678921483,0.5,6,6,0.020177308230921166,0.019927308230921165,0.019677308230921165,XGBoost
2026-04-24,2026-04-27,0.00029949249557488294,-0.0017883879015734001,0.0020878803971482833,1.0,6,6,0.00029949249557488294,-0.00020050750442511707,-0.0007005075044251171,XGBoost
2026-04-27,2026-04-28,-0.008309671091518334,-0.002983914902565817,-0.005325756188952517,0.16666666666666666,6,6,-0.008309671091518334,-0.008393004424851667,-0.008476337758185001,XGBoost
2026-04-28,2026-04-29,-0.01472503114686571,-0.0021387396244746744,-0.012586291522391033,0.3333333333333333,6,6,-0.01472503114686571,-0.014891697813532377,-0.015058364480199043,XGBoost
2026-04-29,2026-04-30,-0.010599107366598057,0.005285274618946367,-0.015884381985544423,0.3333333333333333,6,6,-0.010599107366598057,-0.010765774033264725,-0.01093244069993139,XGBoost
2026-04-30,2026-05-01,-0.002612521217670992,0.004258833775085057,-0.006871354992756049,0.3333333333333333,6,6,-0.002612521217670992,-0.0027791878843376585,-0.0029458545510043254,XGBoost
2026-05-01,2026-05-04,0.002326454241296484,-0.006382023756054257,0.008708477997350741,0.3333333333333333,6,6,0.002326454241296484,0.0021597875746298175,0.0019931209079631505,XGBoost
2026-05-04,2026-05-05,-0.002910262901041284,0.010019766187623508,-0.012930029088664792,0.5,6,6,-0.002910262901041284,-0.0031602629010412837,-0.003410262901041284,XGBoost
2026-05-05,2026-05-06,0.003481568703583141,0.009634324363350783,-0.006152755659767642,0.3333333333333333,6,6,0.003481568703583141,0.0033149020369164744,0.0031482353702498075,XGBoost
2026-05-06,2026-05-07,0.009878714866540458,0.006970927901142382,0.0029077869653980743,0.5,6,6,0.009878714866540458,0.009628714866540457,0.009378714866540457,XGBoost
2026-05-07,2026-05-08,-0.009133265280155236,0.003346178063415375,-0.01247944334357061,0.5,6,6,-0.009133265280155236,-0.009383265280155236,-0.009633265280155236,XGBoost
2026-05-08,2026-05-11,-0.01603019651387606,-0.004196840530631625,-0.011833355983244434,0.6666666666666666,6,6,-0.01603019651387606,-0.016363529847209395,-0.016696863180542726,XGBoost
2026-05-11,2026-05-12,0.01219140409082464,0.00033374996695045,0.011857654123874193,0.16666666666666666,6,6,0.01219140409082464,0.012108070757491308,0.012024737424157973,XGBoost
2026-05-12,2026-05-13,-0.003098740210231284,0.0027971891168062915,-0.005895929327037574,0.3333333333333333,6,6,-0.003098740210231284,-0.0032654068768979507,-0.0034320735435646177,XGBoost
2026-05-13,2026-05-14,0.000754047548742342,0.0037498519915081414,-0.002995804442765799,0.5,6,6,0.000754047548742342,0.000504047548742342,0.000254047548742342,XGBoost
2026-05-14,2026-05-15,0.0033426845536277923,-0.005494000927593083,0.008836685481220876,0.5,6,6,0.0033426845536277923,0.003092684553627792,0.0028426845536277923,XGBoost
2026-05-15,2026-05-18,-0.004100792062722798,-0.0014034202497105247,-0.002697371813012275,0.8333333333333333,6,6,-0.004100792062722798,-0.004517458729389465,-0.004934125396056132,XGBoost
2026-05-18,2026-05-19,-0.005185765159435075,-0.002686922892123992,-0.002498842267311084,0.5,6,6,-0.005185765159435075,-0.005435765159435075,-0.005685765159435075,XGBoost
2026-05-19,2026-05-20,0.0026598420904439682,0.0101922086293677,-0.007532366538923733,0.6666666666666666,6,6,0.0026598420904439682,0.0023265087571106347,0.0019931754237773017,XGBoost
2026-05-20,2026-05-21,0.01138515513662123,0.009902884444645658,0.0014822706919755753,0.6666666666666666,6,6,0.01138515513662123,0.011051821803287896,0.010718488469954563,XGBoost
2026-05-21,2026-05-22,0.002367648794305808,0.006436594890433049,-0.004068946096127242,0.6666666666666666,6,6,0.002367648794305808,0.0020343154609724747,0.0017009821276391416,XGBoost
2026-05-22,2026-05-26,0.003317682642066233,0.0028569551840633245,0.00046072745800290835,0.8333333333333333,6,6,0.003317682642066233,0.002901015975399566,0.0024843493087328998,XGBoost
2026-05-26,2026-05-27,0.005380843846039748,0.0015355055241540164,0.0038453383218857323,0.8333333333333333,6,6,0.005380843846039748,0.004964177179373082,0.004547510512706415,XGBoost
2026-05-27,2026-05-28,0.007761071567070231,0.010166320069420448,-0.0024052485023502174,0.5,6,6,0.007761071567070231,0.00751107156707023,0.00726107156707023,XGBoost
2026-05-28,2026-05-29,0.0014124087102281165,0.002253407487176633,-0.0008409987769485165,0.5,6,6,0.0014124087102281165,0.0011624087102281165,0.0009124087102281165,XGBoost
2026-05-29,2026-06-01,0.013764845268245307,0.005563629764553733,0.008201215503691574,0.5,6,6,0.013764845268245307,0.013514845268245307,0.013264845268245307,XGBoost
2026-06-01,2026-06-02,0.010623884098965706,0.008213424089452057,0.00241046000951365,0.6666666666666666,6,6,0.010623884098965706,0.010290550765632372,0.00995721743229904,XGBoost
2026-06-02,2026-06-03,-0.007125857116394765,-0.010654923742970265,0.0035290666265755007,1.0,6,6,-0.007125857116394765,-0.007625857116394765,-0.008125857116394766,XGBoost
2026-06-03,2026-06-04,-0.0009083392919096095,0.0046742141734930414,-0.00558255346540265,1.0,6,6,-0.0009083392919096095,-0.0014083392919096095,-0.0019083392919096095,XGBoost
2026-06-04,2026-06-05,-0.016675419376868943,-0.02152262805883139,0.004847208681962449,0.8333333333333333,6,6,-0.016675419376868943,-0.01709208604353561,-0.017508752710202274,XGBoost
2026-06-05,2026-06-08,-0.004015132356753931,0.003056922469846041,-0.007072054826599974,0.8333333333333333,6,6,-0.004015132356753931,-0.004431799023420598,-0.004848465690087265,XGBoost
2026-06-08,2026-06-09,0.001678845027751008,-0.004470218047669483,0.0061490630754204925,0.5,6,6,0.001678845027751008,0.001428845027751008,0.001178845027751008,XGBoost
2026-06-09,2026-06-10,-0.0020642239835150324,-0.010508913932521792,0.00844468994900676,0.6666666666666666,6,6,-0.0020642239835150324,-0.002397557316848366,-0.002730890650181699,XGBoost
2026-06-10,2026-06-11,-0.009813924879600585,0.009603272268613893,-0.019417197148214476,1.0,6,6,-0.009813924879600585,-0.010313924879600585,-0.010813924879600586,XGBoost
2026-06-11,2026-06-12,-0.009360625461409491,-0.003125312883678924,-0.006235312577730566,0.6666666666666666,6,6,-0.009360625461409491,-0.009693958794742824,-0.010027292128076157,XGBoost
2026-06-12,2026-06-15,0.008412157761949025,0.007937241704365891,0.0004749160575831333,0.5,6,6,0.008412157761949025,0.008162157761949024,0.007912157761949024,XGBoost
2026-06-15,2026-06-16,0.0022476929984335584,-0.0051896205407529665,0.0074373135391865245,0.5,6,6,0.0022476929984335584,0.0019976929984335586,0.0017476929984335584,XGBoost
2026-06-16,2026-06-17,-0.009167552859073624,-0.008257923498748558,-0.0009096293603250666,0.5,6,6,-0.009167552859073624,-0.009417552859073624,-0.009667552859073624,XGBoost
2026-06-17,2026-06-18,0.000977554873471025,0.003219549807116492,-0.0022419949336454667,0.3333333333333333,6,6,0.000977554873471025,0.0008108882068043583,0.0006442215401376917,XGBoost
2026-06-18,2026-06-22,0.0033731957547419823,0.005702452634823174,-0.002329256880081192,1.0,6,6,0.0033731957547419823,0.0028731957547419823,0.0023731957547419823,XGBoost
2026-06-22,2026-06-23,-0.005609597879321641,-0.006366950100812058,0.0007573522214904167,0.6666666666666666,6,6,-0.005609597879321641,-0.005942931212654974,-0.006276264545988308,XGBoost
2026-06-23,2026-06-24,0.002273187694475367,-0.007441106683763558,0.009714294378238925,1.0,6,6,0.002273187694475367,0.0017731876944753668,0.0012731876944753668,XGBoost
2026-06-24,2026-06-25,0.005948409172321492,0.0038984706613396924,0.0020499385109817993,0.5,6,6,0.005948409172321492,0.005698409172321492,0.005448409172321492,XGBoost
2026-06-25,2026-06-26,-0.01700185533562815,-0.016553832398061956,-0.00044802293756619185,0.8333333333333333,6,6,-0.01700185533562815,-0.017418522002294816,-0.017835188668961482,XGBoost
2026-06-26,2026-06-29,0.005488154961236599,0.005407382469904642,8.07724913319583e-05,0.5,6,6,0.005488154961236599,0.005238154961236599,0.004988154961236599,XGBoost
2026-06-29,2026-06-30,-0.00282733700572525,0.002487060986684275,-0.005314397992409525,0.6666666666666666,6,6,-0.00282733700572525,-0.0031606703390585837,-0.0034940036723919168,XGBoost
2026-06-30,2026-07-01,-0.003429761435788225,-0.007056863043349791,0.0036271016075615672,1.3333333333333333,6,6,-0.003429761435788225,-0.004096428102454892,-0.004763094769121558,XGBoost
2026-07-01,2026-07-02,-0.006268215804530317,-0.005914022791013007,-0.0003541930135173084,0.6666666666666666,6,6,-0.006268215804530317,-0.00660154913786365,-0.006934882471196984,XGBoost
2026-07-02,2026-07-06,-4.290645258379173e-05,0.004265154032579774,-0.004308060485163567,1.0,6,6,-4.290645258379173e-05,-0.0005429064525837917,-0.0010429064525837918,XGBoost
2026-07-06,2026-07-07,-0.001781346225443384,-0.008011719652475192,0.006230373427031808,0.5,6,6,-0.001781346225443384,-0.0020313462254433843,-0.002281346225443384,XGBoost
2026-07-07,2026-07-08,0.0027726584536818416,-0.0008297638955163091,0.0036024223491981497,0.8333333333333333,6,6,0.0027726584536818416,0.002355991787015175,0.0019393251203485083,XGBoost
2026-07-08,2026-07-09,-0.0001948775998006822,0.0009917983549704921,-0.001186675954771175,0.8333333333333333,6,6,-0.0001948775998006822,-0.0006115442664673488,-0.0010282109331340155,XGBoost
2026-07-09,2026-07-10,0.0058955874070237505,0.0031283706962980076,0.0027672167107257424,1.0,6,6,0.0058955874070237505,0.00539558740702375,0.0048955874070237505,XGBoost
2026-07-10,2026-07-13,-0.006217947136347858,-0.010968849658844024,0.004750902522496167,0.6666666666666666,6,6,-0.006217947136347858,-0.006551280469681191,-0.006884613803014525,XGBoost
2026-07-13,2026-07-14,-0.02570608827331797,-0.024675059895784522,-0.00103102837753345,0.6666666666666666,6,6,-0.02570608827331797,-0.026039421606651306,-0.026372754939984637,XGBoost
2026-07-14,2026-07-15,0.003802840468750717,0.0011308494669604332,0.0026719910017902835,0.6666666666666666,6,6,0.003802840468750717,0.0034695071354173836,0.0031361738020840506,XGBoost
2026-07-15,2026-07-16,0.003430984477079517,0.002020437300241776,0.001410547176837742,0.8333333333333333,6,6,0.003430984477079517,0.0030143178104128504,0.0025976511437461837,XGBoost
2026-07-16,2026-07-17,0.0043644887018589994,-0.0011169504480390668,0.005481439149898066,1.0,6,6,0.0043644887018589994,0.0038644887018589994,0.0033644887018589994,XGBoost
2026-07-17,2026-07-20,-0.007111793375131724,-0.006117610509910566,-0.0009941828652211585,0.3333333333333333,6,6,-0.007111793375131724,-0.007278460041798391,-0.007445126708465057,XGBoost
2026-07-20,2026-07-21,-0.01047551118466465,0.004716535848204266,-0.015192047032868916,1.0,6,6,-0.01047551118466465,-0.01097551118466465,-0.011475511184664649,XGBoost
2026-07-21,2026-07-22,0.004915116573404984,0.002558888501804275,0.0023562280716007086,0.5,6,6,0.004915116573404984,0.004665116573404984,0.004415116573404983,XGBoost
2026-07-22,2026-07-23,-0.005451974623503882,-0.009398746035426108,0.0039467714119222255,0.8333333333333333,6,6,-0.005451974623503882,-0.005868641290170549,-0.006285307956837216,XGBoost
2026-07-23,2026-07-24,0.004645530627575176,-0.0014868662773830997,0.006132396904958275,0.8333333333333333,6,6,0.004645530627575176,0.004228863960908509,0.0038121972942418425,XGBoost
2026-07-24,2026-07-27,0.009706898908773316,0.0076598964399170084,0.002047002468856308,0.8333333333333333,6,6,0.009706898908773316,0.00929023224210665,0.008873565575439982,XGBoost
2026-07-27,2026-07-28,-0.02152299841014719,-0.010384835271659783,-0.011138163138487409,1.1666666666666665,6,6,-0.02152299841014719,-0.02210633174348052,-0.022689665076813855,XGBoost
2026-07-28,2026-07-29,-0.006066565934032458,-0.0135661558390551,0.007499589905022642,0.6666666666666666,6,6,-0.006066565934032458,-0.006399899267365791,-0.006733232600699125,XGBoost
2026-07-29,2026-07-30,0.005369605306101316,0.017555761696750157,-0.01218615639064884,0.8333333333333333,6,6,0.005369605306101316,0.004952938639434649,0.004536271972767982,XGBoost
2026-07-30,2026-07-31,-0.00676141133884765,-0.004953769424329525,-0.0018076419145181249,0.6666666666666666,6,6,-0.00676141133884765,-0.007094744672180983,-0.007428078005514317,XGBoost
2026-07-31,2026-08-03,0.00996860458910355,0.012417089370192692,-0.0024484847810891416,0.6666666666666666,6,6,0.00996860458910355,0.009635271255770217,0.009301937922436884,XGBoost
2026-08-03,2026-08-04,0.0058864682336680265,0.02197193003437729,-0.016085461800709265,0.5,6,6,0.0058864682336680265,0.005636468233668026,0.005386468233668026,XGBoost
2026-08-04,2026-08-05,-0.004321423326321216,-0.002237523312202433,-0.0020839000141187835,0.5,6,6,-0.004321423326321216,-0.004571423326321216,-0.004821423326321217,XGBoost
2026-08-05,2026-08-06,-0.009257169619591592,-0.005546013282867683,-0.0037111563367239076,0.8333333333333333,6,6,-0.009257169619591592,-0.009673836286258258,-0.010090502952924926,XGBoost
2026-08-06,2026-08-07,-0.004121669111627499,0.004469984458376816,-0.008591653570004316,0.8333333333333333,6,6,-0.004121669111627499,-0.004538335778294165,-0.004955002444960832,XGBoost
2026-08-07,2026-08-10,-0.010997896003571641,-0.0035002922342420497,-0.007497603769329591,0.8333333333333333,6,6,-0.010997896003571641,-0.011414562670238307,-0.011831229336904975,XGBoost
2026-08-10,2026-08-11,-0.0015764930930558933,-0.002413986522890042,0.0008374934298341493,0.5,6,6,-0.0015764930930558933,-0.0018264930930558933,-0.0020764930930558933,XGBoost
2026-08-11,2026-08-12,-0.004558499330480441,0.0005515151014386581,-0.005110014431919099,1.0,6,6,-0.004558499330480441,-0.005058499330480441,-0.005558499330480441,XGBoost
2026-08-12,2026-08-13,0.001120220372058883,0.001002204763218083,0.0001180156088408,0.6666666666666666,6,6,0.001120220372058883,0.0007868870387255497,0.0004535537053922163,XGBoost
2026-08-13,2026-08-14,0.0007491515963752584,-0.002592365917099458,0.0033415175134747163,0.6666666666666666,6,6,0.0007491515963752584,0.0004158182630419251,8.248492970859176e-05,XGBoost
2026-08-14,2026-08-17,0.000740110022287351,-0.003508750630524908,0.004248860652812258,1.1666666666666665,6,6,0.000740110022287351,0.00015677668895401771,-0.00042655664437931556,XGBoost
2026-08-17,2026-08-18,-0.00649850216429655,-0.004285035190922116,-0.0022134669733744326,1.0,6,6,-0.00649850216429655,-0.0069985021642965505,-0.00749850216429655,XGBoost
2026-08-18,2026-08-19,0.0019773589027835925,0.00544248065313315,-0.0034651217503495584,0.6666666666666666,6,6,0.0019773589027835925,0.0016440255694502592,0.001310692236116926,XGBoost
2026-08-19,2026-08-20,0.007996268862932376,-0.005419801133768182,0.013416069996700558,0.8333333333333333,6,6,0.007996268862932376,0.007579602196265709,0.007162935529599042,XGBoost
2026-08-20,2026-08-21,0.004692180330685877,0.004837838952823692,-0.00014565862213781642,0.3333333333333333,6,6,0.004692180330685877,0.00452551366401921,0.004358846997352544,XGBoost
2026-08-21,2026-08-24,-0.005602612869541425,-0.005229854378466025,-0.0003727584910753998,0.5,6,6,-0.005602612869541425,-0.005852612869541425,-0.006102612869541425,XGBoost
2026-08-24,2026-08-25,0.0034274089346688326,0.004363856511851574,-0.0009364475771827423,0.3333333333333333,6,6,0.0034274089346688326,0.003260742268002166,0.003094075601335499,XGBoost
2026-08-25,2026-08-26,0.0086982353322184,0.0034517779766970666,0.005246457355521333,0.3333333333333333,6,6,0.0086982353322184,0.008531568665551733,0.008364901998885068,XGBoost
2026-08-26,2026-08-27,0.0094259743365725,0.007103468760720799,0.0023225055758517,0.5,6,6,0.0094259743365725,0.009175974336572499,0.008925974336572499,XGBoost
